platform,rating,title,text,date
playstore,5,,good 👍,2026-09-19
playstore,5,,convenient.. really like it,2026-09-19
playstore,1,,"pathetic experience. Setting up the account is so bad. It fetched my name from PAN details and auto-filled my father's name instead of my name. But I was not able to correct it. when I raised this query with customer support both through voice and chat, automated answers only thrown which didn't solve my problem. my account is still in my father's name. Pathetic.",2026-09-19
playstore,5,,osm,2026-09-19
playstore,4,,"Need to provide ""last added"" feature to my stock portfolio also, just like ""sort by"" in watchlist",2026-09-19
playstore,5,,very good,2026-09-19
playstore,1,,yeh jitne sare broker app hai na sale milkar hum logo ko bhikari bana dega government ko band karna hoga yeh sab app ko nhi toh mentally frustrated ho jaoge government ko action lena hoga,2026-09-19
playstore,5,,nice,2026-09-19
playstore,5,,very good 👍🏻,2026-09-19
playstore,5,,My trust on grow,2026-09-19
playstore,5,,on the future,2026-09-19
playstore,5,,👍,2026-09-19
playstore,5,,best,2026-09-19
playstore,5,,good,2026-09-19
playstore,5,,Good Job 👍🏻,2026-09-19
playstore,5,,positive Life,2026-09-19
playstore,5,,This App is Really Very Good!! UI is So Easy!!!,2026-09-19
playstore,5,,good,2026-09-19
playstore,5,,good,2026-09-19
playstore,1,,nowadays you guys seems like fraud Beaware guys specially if you are pledging your stocks they suddenly change haircut on a particular stock Even if your pledged stocks are doing great you can be in deep financial trouble if you are doing mtf using pledged balance,2026-09-19
playstore,5,,best trading app,2026-09-19
playstore,3,,update to volume candle in function in treding view application .,2026-09-19
playstore,5,,super,2026-09-19
playstore,4,,"it's èasy ,user friendly and it's charges are costly.",2026-09-19
playstore,5,,Indus very nice,2026-09-19
playstore,1,,Don't Install ever. Fake Promise.I can't withdraw my money from my wallet and other than how I can say it deserves in mobile space.,2026-09-19
playstore,5,,very good,2026-09-19
playstore,3,,nice 👍,2026-09-19
playstore,5,,good,2026-09-19
playstore,5,,good 👍,2026-09-19
playstore,5,,very good app. A user friendly app. I like the app very much. One more things should be inducted in the app which is OPEN INTEREST AND CHANGE IN OPEN INTEREST BAR should be available for option trading.,2026-09-19
playstore,5,,awasome app,2026-09-19
playstore,1,,"updated 19sep26 latest experience. Incorrect external fund Investment values & useless support ​Groww's external fund import is broken. It defaults to displaying the date-of-import value as invested amount, ruining portfolio accuracy. CAS statements show correct data, yet Groww fails to parse it. Support tickets are closed with canned, automated replies without resolving the issue. Basic portfolio filtering and sorting tools are missing. Importing funds is useless if invested values are wrong.",2026-09-19
playstore,4,,sometimes it lag,2026-09-19
playstore,5,,nice app,2026-09-19
playstore,5,,very good,2026-09-19
playstore,5,,good 👍,2026-09-19
playstore,5,,world class...... amazing,2026-09-19
playstore,5,,bahut achcha hai,2026-09-19
playstore,5,,😭😭😭😭😭😭,2026-09-19
playstore,5,,good,2026-09-19
playstore,1,,"they should improve 1 thing, the account money in groww should be able to transfer in bank account on saturday and sunday!",2026-09-19
playstore,5,,very good,2026-09-19
playstore,4,,that's good app and support,2026-09-19
playstore,5,,good,2026-09-19
playstore,5,,nice,2026-09-19
playstore,5,,Good charts and basic research tools: Useful for someone who wants to manage investments without a complicated interface,2026-09-19
playstore,5,,good,2026-09-19
playstore,5,,☺️,2026-09-19
playstore,5,,good,2026-09-19
playstore,1,,"Big name, small vision 3rd class quality, compare to other",2026-09-19
playstore,5,,this is best investment platform,2026-09-19
playstore,5,,good application and program,2026-09-19
playstore,5,,osm,2026-09-19
playstore,5,,Nice,2026-09-19
playstore,5,,super 👍,2026-09-19
playstore,5,,nice user friendly,2026-09-19
playstore,5,,nice,2026-09-19
playstore,5,,ok,2026-09-19
playstore,5,,good app,2026-09-19
playstore,5,,good,2026-09-19
playstore,5,,good 👍🏻,2026-09-19
playstore,5,,good well,2026-09-19
playstore,5,,Very easy to handle,2026-09-19
playstore,5,,user friendly,2026-09-19
playstore,5,,nice,2026-09-19
playstore,5,,nice,2026-09-19
playstore,5,,osmosis app,2026-09-19
playstore,5,,very nice,2026-09-19
playstore,5,,good,2026-09-19
playstore,4,,very good,2026-09-19
playstore,5,,nice 👍,2026-09-19
playstore,4,,good 😊,2026-09-19
playstore,1,,op,2026-09-19
playstore,1,,यह बहुत ही खराब है फालतू के चार्ज बहुत ज्यादा लगती है कमोडिटी ट्रेन में कई बार मेरे पैसे को ब्लॉक किया है पहले अच्छा था मैं 5 साल से use कर रहा हूं लेकिन आप बहुत ही खराब हो गया है,2026-09-19
playstore,5,,nice,2026-09-19
playstore,5,,marvelous,2026-09-19
playstore,4,,not able to change to primary account. Add or Remove are not working,2026-09-19
playstore,5,,excellent,2026-09-19
playstore,5,,3 years good 👍👍👍👍,2026-09-19
playstore,5,,Good,2026-09-19
playstore,5,,very helpful groww app thankyu,2026-09-19
playstore,5,,best,2026-09-19
playstore,4,,Good,2026-09-19
playstore,5,,good,2026-09-19
playstore,4,,"The third class customer care services they never received a call .groww automatic execute the orders and put you in minus if have gane profit,guys be careful.",2026-09-19
playstore,5,,best performer,2026-09-19
playstore,5,,wow,2026-09-19
playstore,1,,"Very Disappointing Experience with Groww I bought shares for ₹200 and held them for 5–6 days. When the share price reached ₹220, I sold them expecting to receive my profit. However, after the transaction and deductions, I received only around ₹177 in my wallet. I understand that taxes and other charges may apply, but the deductions were very disappointing and were not clear enough to me. I bought at ₹200, sold at ₹220 after 5–6 days, yet the final amount I received was even lower than my origi",2026-09-19
playstore,5,,ok,2026-09-19
playstore,4,,good experience,2026-09-19
playstore,5,,good 👍👍,2026-09-19
playstore,5,,good,2026-09-19
playstore,5,,for bigger,2026-09-19
playstore,4,,good,2026-09-19
playstore,5,,nice,2026-09-19
playstore,4,,Very irritating app,2026-09-19
playstore,5,,I absolutely love the simplicity of the app. way better than other brokers out there. extremely easy to use and navigate.,2026-09-18
playstore,4,,best app for trading 👌,2026-09-18
playstore,5,,good 👍,2026-09-18
playstore,5,,op,2026-09-18
playstore,5,,best app for share market learn,2026-09-18
playstore,5,,gooy,2026-09-18
playstore,5,,nice 💰💰,2026-09-18
playstore,5,,excellent,2026-09-18
playstore,5,,grow is not a name it's orginaly grow,2026-09-18
playstore,5,,Good,2026-09-18
playstore,5,,top,2026-09-18
playstore,5,,I have a suggestion that Mobile number change karne ke liye bina login ke bhi online koi option hona chahiye,2026-09-18
playstore,5,,good 👍😊,2026-09-18
playstore,5,,kripya upcoming IPO ke review groww ke narater aleena rais and Nishant Kumar se hi karwaye. resion-very helpful video and language thank you,2026-09-18
playstore,4,,good,2026-09-18
playstore,5,,excellent,2026-09-18
playstore,5,,होम पेज पर जो लोन का ऑप्शन है वहां यूपीआई का ऑप्शन दीजिए और इस ऐप में वैसे भी लोन नहीं मिलता है दूसरे अप का लिंक आता है,2026-09-18
playstore,5,,😻😻🩵💙,2026-09-18
playstore,5,,good,2026-09-18
playstore,5,,Nice way to earn more money,2026-09-18
playstore,4,,good,2026-09-18
playstore,5,,nok,2026-09-18
playstore,1,,your operations in stocks right .If your not assist in time there is no way its useful or helpful.  I have tried 3 time through call i have been in hold of 10 - 15 minutes after that also didn't get call back . Then i have started chat option i have sent a message in 4 pm got my reply in 6 pm . If you need screen shots i can provide Great service groww..,2026-09-18
playstore,5,,good 👍,2026-09-18
playstore,5,,helping,2026-09-18
playstore,5,,nice,2026-09-18
playstore,1,,"This app should be banned."" Fraud is always honored in India Fake Trading Platform! This app uses fake charts and manipulated data to make you lose money. They demand extra ""taxes"" or ""fees"" when you ask for a withdrawal and then stop responding. Stay far away! 100% Fraud App! They steal your money under the guise of trading investments. Customer support is useless and only exists to trap more of your money. Save yourself and avoid downloading this Brokerage is also charged on top of that.",2026-09-18
playstore,5,,what an app 💀💀,2026-09-18
playstore,1,,lodu app,2026-09-18
playstore,5,,absolutely perfect,2026-09-18
playstore,4,,good,2026-09-18
playstore,5,,supar,2026-09-18
playstore,5,,good app,2026-09-18
playstore,5,,ok,2026-09-18
playstore,5,,good,2026-09-18
playstore,1,,mein ne ipo mein apply Kiya mere paise 2 bar cut hue mein ne ek bar apply Kiya tha and sabse badi problem mein ne cancel hone k bad Paisa aaya nai 3 din ho gye,2026-09-18
playstore,4,,There Should be 1. Demat Number portability service and 2. SLBM option like Dhan app,2026-09-18
playstore,1,,Glitch full App,2026-09-18
playstore,5,,very easy and simple,2026-09-18
playstore,5,,ok,2026-09-18
playstore,5,,best,2026-09-18
playstore,5,,owsm,2026-09-18
playstore,4,,good,2026-09-18
playstore,1,,ok,2026-09-18
playstore,1,,Doesn't have enough support agent to solve any queries.,2026-09-18
playstore,5,,one problem ddpi pin free of cost another broker and groww is charge for ddpi pin this is not valid,2026-09-18
playstore,1,,"withdrawal process not instant, app earn many charges but withdrawal process is pending, don't expect this app fast process",2026-09-18
playstore,5,,goodapp,2026-09-18
playstore,1,,bahut bakwas company hai Guru pahle to fund deti Hai mtf mein share lene ke liye bad mein mines karti hai,2026-09-18
playstore,5,,okay,2026-09-18
playstore,5,,nice 🤩,2026-09-18
playstore,4,,best platform and service,2026-09-18
playstore,1,,Don't install it. It is useless because you save your money for growth and investment purposes as well as timely needs indeed but the problem is your money you can't use when you need then why we use groww app. If I can't withdraw the amount from my wallet then why do I choose It. It deserves zero star.,2026-09-18
playstore,1,,"Worst for trading or chart reading. Use this only for SIPs. It literally gave me an alert saying that the stock had reached my target, but when I checked the chart on my PC, the price was still 100 points below that target. Can you believe this? 🤬🤬👎🏻👎🏻👎🏻👎🏻👎🏻",2026-09-18
playstore,1,,Agar ap khud ke pese nhi nikal skte wallet se to app ka kya faida. some time amount debited from account but now show in wallet.,2026-09-18
playstore,1,,"This is the worst app.Buying is one price, Buy is another. If you buy, the price falls, if you sell, the price rises. No one should download this app, which is full of fraud and deceit.",2026-09-18
playstore,5,,good 👍,2026-09-18
playstore,4,,5 star,2026-09-18
playstore,1,,5 4W2 se 3rdth 6+91 95993 18832,2026-09-18
playstore,1,,provide an option to modify the ipo application.,2026-09-18
playstore,5,,harmful,2026-09-18
playstore,3,,after the last update it is very very slow. please fix as soon as possible,2026-09-18
playstore,3,,"I've been using this App for 3years and I do not have any complain on other things but from yesterday the App start working slow and I thought it was my device but even if I cleared up the space for it there was still hanging and I almost lost from my trading..apart from hanging I do not have any complain,it was beginner friendly and easy to enter and exit.",2026-09-18
playstore,5,,ok,2026-09-18
playstore,5,,very easily and bileiver,2026-09-18
playstore,5,,Best,2026-09-18
playstore,1,,customer service is terrible they will never receive the call and will never reply you back in chat. I faced this multiple times.,2026-09-18
playstore,5,,nice,2026-09-18
playstore,3,,DEMONIC BROKERAGE OF RS.110.45 DEDUCTED OUT OF RS.230 PROFIT IN GROWW BYST TRADE.. UNREASONABLE,2026-09-18
playstore,5,,good app for bignner,2026-09-18
playstore,5,,good 👍😊,2026-09-18
playstore,4,,good,2026-09-18
playstore,5,,good,2026-09-18
playstore,1,,"this app has the worst agent helpers, it says it will take only 5 mins to connect will agent BUT IT TAKES MORE THAN AN HOUR AND I HATE THIS, IT IS THE MOST USELESS APP 🥀",2026-09-18
playstore,5,,good,2026-09-18
playstore,5,,sexy,2026-09-18
playstore,1,,Don't have option to provide 0 rating. Such an waste. They provide MTF and didn't show about interest on that.Their platform is complex as I can't sell shares immediately. Going to uninstall and pick Angelone,2026-09-18
playstore,5,,good 👍,2026-09-18
playstore,1,,very bad app,2026-09-18
playstore,5,,very Easy,2026-09-18
playstore,5,,great 👍,2026-09-18
playstore,5,,good,2026-09-18
playstore,5,,very nice app,2026-09-18
playstore,5,,bahut nuksan mai hai.hamlog thora Paisa lagye hai.umid mai hai ki aaj nikal punji wapas hoga.,2026-09-18
playstore,3,,very much app for new lernner,2026-09-18
playstore,5,,Good app. on treading time instant withdraw. good app.,2026-09-18
playstore,4,,good,2026-09-18
playstore,5,,very convenient to use,2026-09-18
playstore,1,,"Extremely frustrated with Groww. First, my stop-loss order got triggered incorrectly at a higher price (₹148.18) when the actual market price was at ₹146.90, causing me a direct financial loss. Second, their customer support is practically non-existent—I have been trying to call them continuously for over 20 minutes and nobody is picking up the call. Highly unreliable platform for active trading. Pathetic service and zero accountability for technical glitches!",2026-09-18
playstore,5,,good good,2026-09-18
playstore,5,,ನಮ್ಮಂತ ಸಣ್ಣ ವ್ಯಾಪಾರಿಗಳಿಗೆ ತುಂಬಾ ಅನುಕೂಲ ವಾಗಿದೆ,2026-09-18
playstore,5,,i like this,2026-09-18
playstore,5,,Transparent and easy to use,2026-09-18
playstore,5,,Best app,2026-09-18
playstore,5,,good 😊,2026-09-18
playstore,5,,ss app,2026-09-18
playstore,1,,most frustrated can't able to sell my position on mcx. Dedicated my 2.5 lac rupees from grow wallet.,2026-09-18
playstore,4,,1. view 1 total holding Qty ... total investment/ Current value total profit/ loss % 2. view 2 total holding QTY today's profit/ loss % today's profit/loss (Amount) holding Interface page should view IIFL CAPITAL'S HOLDING INTERFACE IS 👌 PERFECT,2026-09-18
playstore,5,,GOOD APPLICATION,2026-09-18
playstore,5,,good service,2026-09-18
playstore,5,,nice,2026-09-18
playstore,5,,very very nice,2026-09-18
playstore,5,,v good,2026-09-18
playstore,1,,my money isnt settled from yesterday no email reply no call receive using it from 4 years better to quit,2026-09-18
playstore,5,,Good,2026-09-18
playstore,5,,very good,2026-09-18
playstore,4,,best application and very helpful,2026-09-18
playstore,1,,"groww totally fraud app h....mene mcx option me 16 or 17 sep 2026 ko profit book kiya wo add nhi kiya or na report me show ho rha h.....or jo position active h wo bhi totally galat show kr rha h.... customer care par call lgta nhi h, customer ko pateshan krte h...me FIR krunga groww p..or saare account close krunga mere fmly ke",2026-09-18
playstore,1,,good,2026-09-18
playstore,5,,ok,2026-09-18
playstore,1,,bahut gatiya costumer service h is app ki profit add tak nhi hota bekar h app😡🤬,2026-09-18
playstore,1,,"app glitch is frequent. if anything goes wrong within the app they say they are working with the team and exchange without confirmation of how long will it take to fix, while we lose our money and can do nothing about it. No timely support. 20 mins hold time to connect with an agent this is ridiculous.",2026-09-18
playstore,5,,awesome 👍,2026-09-18
playstore,5,,good,2026-09-18
playstore,5,,good,2026-09-18
playstore,5,,good service work,2026-09-18
playstore,1,,GFD error coming in commodity because this face losses customer care is not supporting worst experience.,2026-09-18
playstore,5,,excellent,2026-09-18
playstore,1,,bunch of idiots sitting in customer support..18/9/2026..10:20am 270 natural gas mini f&o mcx system didn't show of my open position that's why.. I got 200 ₹ loss in my position..😡 plz provide notification Mark specific section when updated even every month update in Groww app 3rd class policy.,2026-09-18
playstore,1,,automatic order execute loss today very bad,2026-09-18
playstore,1,,morning se natural gas ke liye sell ke liye apply kiya tha 7000 profit tha to ... lekin ye third class application wala sell hi nahi hone diya ..call request bhi kiya nahi uthate busy ...support me chat karo to wait 20 minute ..lekin no response ... Kitna heavy charge leta hai service charge ke naam per aur brokerage ke naam per daily ka 4000 fir bhi itna poor service de raha hai isliye galti se bhi download mat karo aur use mat karo Varna aapka Paisa lutega yah company wala,2026-09-18
playstore,5,,Good,2026-09-18
playstore,1,,bakwas app hai inka charge bahut jyada hai koi fresher hai starting me kam share hi kharidega kharine pr 10 aur bechne pr 30,2026-09-18
playstore,5,,good,2026-09-18
playstore,5,,vari good nice 👍,2026-09-18
playstore,5,,good experience,2026-09-18
playstore,1,,the ui is getting clumsy witb each feature and business update.,2026-09-18
playstore,5,,exilent,2026-09-18
playstore,5,,okk,2026-09-18
playstore,1,,this app is not for beginners and a small investor because they charge brokrage more than other broker,2026-09-18
playstore,5,,good👍,2026-09-18
playstore,4,,good,2026-09-18
playstore,5,,good 👍,2026-09-18
playstore,5,,easy software,2026-09-18
playstore,5,,A brokrage pack should hav been introduced,2026-09-18
playstore,1,,sabse bekar customer care service trying to connect for more than half an hour and still waiting to connect to them on calling chatting no one replied,2026-09-18
playstore,1,,"I am unable to see my FnO position, it has also not been squared off..",2026-09-18
playstore,5,,when you guys will make it better for ipad users?,2026-09-18
playstore,2,,bekar h maine kal trending ki uske bad aaj mera Paisa block kar diya ye galat h ab hame koi trend lena h aaj to ham wait kare amount aane ka mera amount upas kro,2026-09-18
playstore,4,,ALL my position s have gone who is responsible for money,2026-09-18
playstore,1,,bhot hi ghatiya app hai.jab work karna chahiye tab nhi hota hai.aur kabhi2 postion bhi show ni hoti hai.no active position show hota hai.aur selling krne me sell nhi hota h apne according krte h ye app sell.not working properly??,2026-09-18
playstore,1,,very disappointed with the customer care service. my f&o positions suddenly showing 13 lakhs negative and even stopped showing current positions. unable contact customer support over call or chat. very worst service. don't trust any more,2026-09-18
playstore,5,,super,2026-09-18
playstore,5,,great business app,2026-09-18
playstore,1,,app not showing my fno positions of commodities section,2026-09-18
playstore,5,,good,2026-09-18
playstore,5,,achcha hai but Jo Banda trade Kare tabhi asal aur target donon sath mein honi chahie aur apne aap Banda set kar le,2026-09-18
playstore,5,,I am grow with groww,2026-09-18
playstore,4,,good,2026-09-18
playstore,5,,good app,2026-09-18
playstore,5,,nice,2026-09-18
playstore,1,,never download this application this application is fraud with customer & customer service not response. yesterday I have total amount 49600 I will total loss & charges 12650 now I have -757 why he will not answer or question. I request all Never download this application,2026-09-18
playstore,5,,good,2026-09-18
playstore,1,,this aap not a update realtime price and slow update & process 01 month try coustomer carire continue but 01 hours called but nothing attend call this aap is very poor,2026-09-18
playstore,2,,high brokerage,2026-09-18
playstore,3,,Iqbal Hashmi... Naim,2026-09-18
playstore,5,,Very Good🥰,2026-09-18
playstore,1,,"poor services, order placing gets stuck. many times loss booked due to platform inconvenience. even customer support works poorly. & now also they will write back like to send feedback on email. then what. nothing",2026-09-18
playstore,5,,Copy Trading features lekar aao,2026-09-18
playstore,5,,good,2026-09-18
playstore,4,,Faster and easy handles,2026-09-18
playstore,5,,very nice 👍,2026-09-18
playstore,5,,good,2026-09-18
playstore,5,,good,2026-09-18
playstore,5,,super,2026-09-18
playstore,3,,tarst,2026-09-18
playstore,5,,grow must grow,2026-09-18
playstore,5,,I have a suggestion. If someone trades with a single lot or a fix low capital like 10 to 20k in F&O. The brokerage charge should be 10 Rupees. Bcoz there are so many charges other than the brokerage. How much will someone earn in single lot. If you reduce the brokerage for low capital trade. It will help a lot.,2026-09-18
playstore,5,,very good............,2026-09-18
playstore,5,,"if you know how to handle wealth, you got it.",2026-09-18
playstore,1,,1D returns showing absurdly wrong values. There is a glitch in the latest app....,2026-09-18
playstore,5,,Maavaishali,2026-09-18
playstore,5,,"Smoothest onboarding, it's a financial app with better login and onboarding than notes apps out there",2026-09-18
playstore,4,,good service,2026-09-18
playstore,5,,good using,2026-09-18
playstore,5,,🙊,2026-09-18
playstore,5,,nice,2026-09-18
playstore,5,,Very easy interface,2026-09-17
playstore,1,,"service not good, charges high...interface laging..",2026-09-17
playstore,1,,too much service charges.......so many hidden charges....customer service wrost...they will respond after after death or mkt hours close....,2026-09-17
playstore,5,,good,2026-09-17
playstore,5,,good,2026-09-17
playstore,1,,"Worst experience I ever had on any demat platform. I brought unlisted shares and Grow support took one month just to reflect in my demat amount, despite providing them the exact data and after that new issue now I am unable to sell those shares and customer support is pathetic, always delay in response.",2026-09-17
playstore,5,,nice,2026-09-17
playstore,5,,nice,2026-09-17
playstore,5,,fine,2026-09-17
playstore,5,,nice groww apps,2026-09-17
playstore,5,,awesome,2026-09-17
playstore,4,,ok,2026-09-17
playstore,5,,superb and faster,2026-09-17
playstore,5,,good 👍,2026-09-17
playstore,5,,Good,2026-09-17
playstore,3,,groww app is best for investment,2026-09-17
playstore,5,,good app,2026-09-17
playstore,1,,brokrej charge thoda kam kar lo bhi taki profit ho,2026-09-17
playstore,5,,"Great app! Fast, smart, and very helpful. I really enjoy using groww",2026-09-17
playstore,5,,best app trending,2026-09-17
playstore,5,,Awesome 👍,2026-09-17
playstore,1,,"I don't have words to describe how pathetic customer care service offers by Groww. When you call them first AI bot will talk to you then it connects to some person, the real game starts here to pick a call you have to wait More than 20 minutes...I don't know how they justify this. Very very Disappointed with it.",2026-09-17
playstore,5,,Very nice,2026-09-17
playstore,5,,Grow is perfect plotfarm for trading. very user friendly.,2026-09-17
playstore,1,,Indroduce drag sl and target while trading,2026-09-17
playstore,5,,५years,2026-09-17
playstore,5,,very good,2026-09-17
playstore,5,,good,2026-09-17
playstore,1,,Risky App!! Pathetic Misguiding Cusomer Support Team. Dont map your precious money with such Apps!!,2026-09-17
playstore,1,,groww is the best,2026-09-17
playstore,1,,"Frustrated..No customer support.. Shifting to another platform. Account opening form filled for my minor daughter on 5th September but no response from the GROWW team, followed the process. When tried to contact through given contact waiting was 5 min even after 5 min call disconnected. Tried with chat channel also but no response.. complaint raised thrice through email still no response.. no communication about the status of new account opening.. frustrated",2026-09-17
playstore,2,,very bad experience you never profit im groww app. last year losse 58000rs and brokrage and other charge 78000rs now think. They cheat public,2026-09-17
playstore,1,,"latest figures of P&L not showing in report previously it used to show but after 7th September no updation, how can we do trading without knowing the exact amount",2026-09-17
playstore,5,,good,2026-09-17
playstore,5,,very good app,2026-09-17
playstore,5,,nice aap,2026-09-17
playstore,5,,very good 👍,2026-09-17
playstore,5,,Suroj Hembram thank you sir,2026-09-17
playstore,5,,Very good for all people but cannot be used family money you earn and trade for own his money,2026-09-17
playstore,1,,now app has lag issue app took 3 to 4 second to do any work on it most irritating app is ever use for trading,2026-09-17
playstore,4,,okay,2026-09-17
playstore,5,,nice,2026-09-17
playstore,5,,thank you,2026-09-17
playstore,5,,super,2026-09-17
playstore,5,,good tranding app,2026-09-17
playstore,5,,awesome 👍👍👍,2026-09-17
playstore,5,,good,2026-09-17
playstore,5,,very much,2026-09-17
playstore,5,,very good,2026-09-17
playstore,5,,nice earning platform,2026-09-17
playstore,1,,bht jada bekar haii bhai kon kon sy charg cut kr leteh hii y log ek bhi ₹ ka investment mt kro delet kro duneya bhr k charges haii wo bhi apko bina btaye cut kiye jate h warning bhi ni na hi show hota h sirf cut hote h fraud krte h,2026-09-17
playstore,5,,ok,2026-09-17
playstore,5,,its my pleasure to inform that easy to understand and handle the GROWW app for new customers.,2026-09-17
playstore,1,,worst,2026-09-17
playstore,5,,great,2026-09-17
playstore,5,,deepu Gour mast aap h,2026-09-17
playstore,1,,Bahut hidden charges lagate hai... alag alag reason se charges cut karte hai... customer support achcha nahi hai bahut late response karta hai...,2026-09-17
playstore,5,,ok,2026-09-17
playstore,5,,Right now grow is best app for treding,2026-09-17
playstore,5,,good,2026-09-17
playstore,5,,it's easy to understand,2026-09-17
playstore,5,,good 👍,2026-09-17
playstore,1,,Fraud wasted app GROWW brokerage looters. No new features. Best app is SAHI app low brokerage order execution is easy SL TP is on screen,2026-09-17
playstore,5,,happy 😃,2026-09-17
playstore,5,,Good,2026-09-17
playstore,5,,Very Wonderful Experience,2026-09-17
playstore,4,,good,2026-09-17
playstore,5,,good,2026-09-17
playstore,1,,"groww app F and O always struck, glitches,slow moments very bad, very worst app always lag",2026-09-17
playstore,5,,very good apps,2026-09-17
playstore,5,,mast,2026-09-17
playstore,5,,FIVE STAR ⭐✨⭐⭐⭐⭐,2026-09-17
playstore,5,,to be improved,2026-09-17
playstore,5,,good 👍,2026-09-17
playstore,5,,nice,2026-09-17
playstore,5,,best app so far .,2026-09-17
playstore,5,,money,2026-09-17
playstore,5,,user-friendly,2026-09-17
playstore,5,,good,2026-09-17
playstore,5,,good,2026-09-17
playstore,2,,How many times Should I update the app whenever I open it asking for an update even though it is already updated is it an app or something. I'm totally disappointed with this application.,2026-09-17
playstore,1,,I got losses because stop loss & trilling not working properly it's happened many more time I completed but still no solution the employees only for taking brokerage charges not for costomer services only take brokerage charges & costomer go to hell the sebi must take action against groww they are not able for single star also,2026-09-17
playstore,5,,Amazing and it will be amazing for if you use it wisely,2026-09-17
playstore,5,,good app,2026-09-17
playstore,5,,nice,2026-09-17
playstore,5,,thank you,2026-09-17
playstore,5,,good for stock,2026-09-17
playstore,5,,supervisor,2026-09-17
playstore,1,,"they rollout update 3 times in a week , what the hell, why they do so much keep updated ???. what nonsense 😒",2026-09-17
playstore,5,,mind blowing for trade,2026-09-17
playstore,5,,very good,2026-09-17
playstore,1,,very bed aap dot use,2026-09-17
playstore,5,,groww best aap he,2026-09-17
playstore,5,,good,2026-09-17
playstore,5,,best,2026-09-17
playstore,1,,"I have been using Groww for around 5 years, and based on my overall experience, I believe the app is quite good for investing in shares and market analysis. However, I am giving 1 star because of my recent experience with customer support. Despite being a long-time user, I was disappointed with the way my issue was handled and the support I received. For F&O trading, I also feel Groww is not very suitable due to higher brokerage charges and issues related to auto square-off/auto-sequencing. So,",2026-09-17
playstore,5,,good,2026-09-17
playstore,5,,very good,2026-09-17
playstore,5,,ok,2026-09-17
playstore,5,,Good,2026-09-17
playstore,5,,good,2026-09-17
playstore,5,,ok,2026-09-17
playstore,5,,user friendly,2026-09-17
playstore,2,,this is not good service & not clear it's to charge service's,2026-09-17
playstore,5,,Good,2026-09-17
playstore,5,,excellent,2026-09-17
playstore,4,,please add Pinescript option for customised Indicator so that we don't depend on other platforms for chart reading groww app is very good app need some improvement in pinescript code for customised indicator hope it will be resolved soon thanks,2026-09-17
playstore,5,,best trader appp,2026-09-17
playstore,5,,good,2026-09-17
playstore,5,,very quick,2026-09-17
playstore,5,,super,2026-09-17
playstore,1,,worst customer support,2026-09-17
playstore,5,,paroking mera bahut liya gya ik liye gya is liya hame bahut kast hai is liya sara paisa widra kiye hum,2026-09-17
playstore,1,,I m not trying to download the app,2026-09-17
playstore,3,,ग्रो अप में स्केल मोड पर लिमिट प्राइस ऑर्डर डालने का ऑप्शन दे बाकी ठीक है तब मैं आपको फाइव स्टार रिव्यू दूंगा,2026-09-17
playstore,5,,good,2026-09-17
playstore,5,,multiple options are available to all and it is easy to use.,2026-09-17
playstore,1,,kuch dino se bahut bekar chal rahi hai application market ik jagah ruki dikhata hai kai bar,2026-09-17
playstore,5,,nice 👍,2026-09-17
playstore,4,,goood,2026-09-17
playstore,5,,nice,2026-09-17
playstore,1,,The worst app always demands documentation,2026-09-17
playstore,5,,thank,2026-09-17
playstore,5,,very good,2026-09-17
playstore,4,,good but need to improve in coustom care services,2026-09-17
playstore,4,,best groww app good app 🤍👍🏻,2026-09-17
playstore,2,,"Absolutely useless update loop😠 I am extremely frustrated with this app. Every single time you push an update, all of my technical indicators and chart setups (RSI, MACD, Moving Averages) are completely wiped out! It is infuriating to have to manually re-configure and re-apply my entire technical analysis layout every couple of weeks just because of a basic app update.",2026-09-17
playstore,5,,excellent performance,2026-09-17
playstore,5,,nice.,2026-09-17
playstore,5,,easy operation,2026-09-17
playstore,5,,that's great 👍 aap,2026-09-17
playstore,5,,App is excellent. I have a suggestion. Please give a 'Select all' option in set alert so that deletion of alerts will be easy,2026-09-17
playstore,5,,good,2026-09-17
playstore,1,,fraud app. stop loss doesn't work in mtf,2026-09-17
playstore,5,,good,2026-09-17
playstore,4,,very good service for groww,2026-09-17
playstore,5,,good,2026-09-17
playstore,5,,super,2026-09-17
playstore,5,,very good feature,2026-09-17
playstore,1,,"It has stolen my money. If you use Groww you will have no profit, only huge loss.",2026-09-17
playstore,5,,good,2026-09-17
playstore,5,,बहुत अच्छा,2026-09-17
playstore,5,,very useful market app,2026-09-17
playstore,5,,good working,2026-09-17
playstore,1,,broker charge bohat hai,2026-09-17
playstore,5,,good 👍,2026-09-17
playstore,5,,"Groww is a simple, user-friendly and convenient investment app. It is easy to use for mutual funds, stocks and tracking investments. The interface is clean and helpful, especially for beginners. Overall, a good experience with Groww. 👍⭐",2026-09-17
playstore,5,,सुपर,2026-09-17
playstore,5,,Faster,2026-09-17
playstore,5,,best,2026-09-17
playstore,5,,very good app,2026-09-17
playstore,5,,very good,2026-09-17
playstore,5,,"superb 😑,crore times better then ange one , tq growww",2026-09-17
playstore,5,,nice app,2026-09-17
playstore,5,,okay,2026-09-17
playstore,5,,good,2026-09-17
playstore,5,,good for treating,2026-09-17
playstore,3,,easy UI for beginners but high brokerage charges,2026-09-17
playstore,5,,good,2026-09-17
playstore,5,,good app,2026-09-17
playstore,5,,super friendly 💚,2026-09-17
playstore,5,,goog,2026-09-17
playstore,5,,ok,2026-09-17
playstore,5,,very fantastic app & good experience,2026-09-17
playstore,5,,good,2026-09-17
playstore,5,,ver good 👍,2026-09-17
playstore,5,,"Dear Groww Team,I am a regular user of your platform and appreciate how easy you have made investing. I want to share some feedback to help improve the app:What is great:Simple UI: The app is very easy to navigate, even for beginners.Charges: Zero AMC and commission-free mutual funds are amazing features.All-in-one: Getting stocks, mutual funds, and UPI in one place is very convenient.",2026-09-17
playstore,4,,I am not able to swtich profiles after the recent update.,2026-09-17
playstore,5,,nice aap,2026-09-17
playstore,5,,very good,2026-09-17
playstore,5,,bast Nice,2026-09-17
playstore,1,,"I’m not sure what’s going on with the Groww app. My September investment in one of my mutual funds has disappeared, even though the NAV was already credited. Additionally, I’m facing an issue where two folios are being created for my SIP, despite my Demat account having been closed over a year ago. I’ve contacted Groww support multiple times, but the issue is still not resolved. Very disappointing experience.",2026-09-17
playstore,5,,TRADING APP,2026-09-17
playstore,5,,Good 👍,2026-09-17
playstore,5,,Hello Groww App Team Please Update The App Tradingview Chart Multiple Chart And Drag On Drop Target And Stoploss Option Please Reply My Com.,2026-09-17
playstore,5,,nice,2026-09-17
playstore,5,,excellent 👍,2026-09-17
playstore,5,,good,2026-09-17
playstore,5,,Very Good App,2026-09-17
playstore,4,,Good app to invest in stocks for beginners,2026-09-17
playstore,4,,Best App For Trading,2026-09-17
playstore,5,,khub sundor,2026-09-17
playstore,3,,good,2026-09-17
playstore,5,,❤️❤️,2026-09-17
playstore,5,,Groww App Is Very Simple And Smooth Interface 💕😘,2026-09-17
playstore,5,,best,2026-09-16
playstore,5,,"Very Friendly Interface I am using it since 2020, You should must explore it, there is many investments and trading options are availabe inside and also a good custommer support here, its make it India's leading Trading and Investing plateform. Choose ''Groww'' to grow your wealth😊",2026-09-16
playstore,5,,good,2026-09-16
playstore,1,,very much,2026-09-16
playstore,5,,good,2026-09-16
playstore,5,,Very nice 👍,2026-09-16
playstore,5,,good,2026-09-16
playstore,5,,Nice,2026-09-16
playstore,5,,exlent app,2026-09-16
playstore,1,,very bad trading application not use very slowly app,2026-09-16
playstore,5,,best aap,2026-09-16
playstore,5,,do not understand this app.,2026-09-16
playstore,5,,good,2026-09-16
playstore,5,,Best for trading,2026-09-16
playstore,5,,Good,2026-09-16
playstore,5,,excellent,2026-09-16
playstore,5,,excellent,2026-09-16
playstore,5,,Verified but still verifying again n again...not moving further bank verification page...,2026-09-16
playstore,5,,very nice 👍.,2026-09-16
playstore,5,,ok,2026-09-16
playstore,5,,good,2026-09-16
playstore,5,,very good App for investment,2026-09-16
playstore,5,,good,2026-09-16
playstore,1,,bahut bura mere 160 rupay mar liye,2026-09-16
playstore,5,,good,2026-09-16
playstore,5,,"A good app, I have been using it for a long time.",2026-09-16
playstore,5,,super 👍,2026-09-16
playstore,1,,"commodity trading chart price and order price are different why, baised by big bull on trading day. Volume graph doesn't work on tranding day. trading charges are too high also.",2026-09-16
playstore,1,,"My bank account has been blocked due to an unexpected transaction from Groww. I did not initiate or withdraw any money, yet funds were automatically credited to my account. It has been almost a month, and my account is still blocked. As a result, my EMI and SIP payments cannot be processed, and I may not receive my salary. This has caused serious financial stress. Please investigate this issue urgently, clarify why the transaction occurred, and help resolve the matter at the earliest.",2026-09-16
playstore,5,,im lost,2026-09-16
playstore,5,,good app,2026-09-16
playstore,5,,nice,2026-09-16
playstore,2,,great app but you have to update this app every week.. please do something team!,2026-09-16
playstore,5,,"“Groww app is very easy to use and user-friendly. Investment, tracking and transactions are simple and convenient. Overall, a great experience with Groww. Highly recommended!” ⭐⭐⭐⭐⭐",2026-09-16
playstore,5,,thank you very much for your wishes 🙏,2026-09-16
playstore,5,,Good App,2026-09-16
playstore,5,,Nice,2026-09-16
playstore,5,,good,2026-09-16
playstore,5,,બેસ્ટ,2026-09-16
playstore,5,,very good,2026-09-16
playstore,1,,Now this app works like mutual fund agent.. investment doing in this app goes like regular plan... really cheater app..😡😡,2026-09-16
playstore,4,,good,2026-09-16
playstore,5,,Delete,2026-09-16
playstore,1,,customer support system to low. my money not withdraw last 20 days but customer says tomorrow 10 am withdrawing funds. West money so cheap sarvice 10 times raised a ticket not solved my problem,2026-09-16
playstore,5,,nice enjoy,2026-09-16
playstore,5,,good 💯,2026-09-16
playstore,5,,goooooooood,2026-09-16
playstore,5,,ok,2026-09-16
playstore,5,,name Shyam munduiya the best to you in ahr,2026-09-16
playstore,5,,EXCELLENT,2026-09-16
playstore,5,,awesome,2026-09-16
playstore,5,,good 👍,2026-09-16
playstore,5,,nice,2026-09-16
playstore,5,,Superb,2026-09-16
playstore,5,,Nice app for trading,2026-09-16
playstore,5,,nice aap ❤️❤️❤️,2026-09-16
playstore,5,,👌👌,2026-09-16
playstore,5,,Excellent,2026-09-16
playstore,5,,very good 👍,2026-09-16
playstore,4,,"Thanks for adding the account switch feature. But there is one more thing you should do this this account settings like chart, sorting for share should not reset when account is switched Dear Groww Tea, This is requested to you please ad an option in this app to switch account as of now every time I need to logout and again login this will reset all chart settings. so add a feature that just one click switch account and all settings remaining same for a user if he handle their family account.",2026-09-16
playstore,5,,very good,2026-09-16
playstore,5,,good app 👌,2026-09-16
playstore,5,,good,2026-09-16
playstore,1,,"money transfer is too low, takes too long irritate",2026-09-16
playstore,5,,good,2026-09-16
playstore,5,,very good 👍,2026-09-16
playstore,5,,User friendly app. I like more. My favourite app. Thank you. Regards,2026-09-16
playstore,5,,10 $ off,2026-09-16
playstore,5,,very good experience with grow,2026-09-16
playstore,5,,mast,2026-09-16
playstore,1,,brokrage rate is too High 😴,2026-09-16
playstore,5,,wow,2026-09-16
playstore,1,,too lagging problem have taking time for order pl place improvement neede,2026-09-16
playstore,5,,okay,2026-09-16
playstore,5,,but broker charge is n More comparatively other,2026-09-16
playstore,5,,👍,2026-09-16
playstore,1,,bad,2026-09-16
playstore,5,,good,2026-09-16
playstore,5,,ok,2026-09-16
playstore,4,,good,2026-09-16
playstore,4,,"A very good app for beginners to have a deep insight of trading on stocks, mutual funds, IPO etc.",2026-09-16
playstore,5,,good,2026-09-16
playstore,5,,good,2026-09-16
playstore,4,,good 👍,2026-09-16
playstore,5,,very good,2026-09-16
playstore,5,,Good,2026-09-16
playstore,5,,good,2026-09-16
playstore,5,,good service,2026-09-16
playstore,5,,ખુબ સુંદર,2026-09-16
playstore,5,,👍 nice,2026-09-16
playstore,5,,no thanks🙏,2026-09-16
playstore,5,,😄,2026-09-16
playstore,5,,super,2026-09-16
playstore,4,,good,2026-09-16
playstore,5,,Excellent for beginners,2026-09-16
playstore,5,,very fast aap,2026-09-16
playstore,5,,"If the name has already been updated on the PAN card, the updated details should ideally be fetched and updated automatically in the system. Why do we have to fill out a separate form and submit documents again? This makes the process unnecessarily lengthy and inconvenient for the user.",2026-09-16
playstore,5,,excellent,2026-09-16
playstore,5,,very nice app,2026-09-16
playstore,5,,Good,2026-09-16
playstore,4,,not bad,2026-09-16
playstore,5,,🤟👑osm,2026-09-16
playstore,5,,Good,2026-09-16
playstore,5,,good,2026-09-16
playstore,4,,a good demate acount,2026-09-16
playstore,1,,Bad service no useful,2026-09-16
playstore,1,,Don't use this app fraud fellows app,2026-09-16
playstore,5,,very good and easy interface,2026-09-16
playstore,5,,profit,2026-09-16
playstore,5,,Good,2026-09-16
playstore,5,,good,2026-09-16
playstore,5,,good,2026-09-16
playstore,5,,Good,2026-09-16
playstore,5,,good,2026-09-16
playstore,5,,very good,2026-09-16
playstore,1,,lots of bugs. very slow in the mobile chart.,2026-09-16
playstore,5,,trade exicution easy for beginners and app speed,2026-09-16
playstore,5,,all orvar best,2026-09-16
playstore,5,,very very good,2026-09-16
playstore,5,,very good app,2026-09-16
playstore,5,,nice,2026-09-16
playstore,5,,good,2026-09-16
playstore,1,,"ये लोग brokrege charge कितना काट ना है वो तो बताएगै लेकिन, DP charge ,CDSL DP charge, exchange ट्रांजेक्शन चार्ज कितना कटना है, वो कभी नही बताया जायेगा ।",2026-09-16
playstore,3,,"This app is fantastic as we can buy shares, mutual funds and bonds all in one app. But there is no GMP in IPO section, Gold bonds and P2P investment schemes should also there.",2026-09-16
playstore,1,,"after update app is hanged, not working at all.",2026-09-16
playstore,5,,good,2026-09-16
playstore,4,,mast he,2026-09-16
playstore,5,,hasta la vista baby,2026-09-16
playstore,5,,super 👍👍👍❤️❤️🙏,2026-09-16
playstore,5,,very good 👍,2026-09-16
playstore,5,,good,2026-09-16
playstore,4,,badhiya hai baba badhiya hai,2026-09-16
playstore,5,,nice 👍,2026-09-16
playstore,5,,good,2026-09-16
playstore,5,,realy good,2026-09-16
playstore,5,,it is good pralfrom of the finance,2026-09-16
playstore,5,,very fine,2026-09-16
playstore,5,,awesome app till date,2026-09-16
playstore,5,,nice,2026-09-16
playstore,1,,dont us app is custmuar service is use less my acount balance aotomatkly less,2026-09-16
playstore,5,,good,2026-09-16
playstore,5,,yah Mujhe sikhane Mein Bada Achcha Laga Hai aur yah Badi kam ki chij hai abhi group ko load Karen aur share market Mein Kaise paise lagaen mutual fund aur bahut sari jankariyan Hain Iske andar market ke bare mein acchi Jankari Hai Ek Hi Jagah Paisa lagane ka option Mil Jata Hai aapko इधर-उधर Jana Nahin Padta aur sachmuch mein bahut surakshit hai aap Chahe to ise Play Store se kar sakte hain ki bahut se free hai ismein Koi risk Nahin Hai aur Har tarike ke liye jo hai paragraph dikhata hai jisse s,2026-09-16
playstore,5,,nice platform,2026-09-16
playstore,5,,good supporters app,2026-09-16
playstore,5,,good job,2026-09-16
playstore,5,,nice 👍,2026-09-16
playstore,5,,good,2026-09-16
playstore,5,,💐🙏💐 🌺🌼🌷,2026-09-16
playstore,5,,very nice app,2026-09-16
playstore,3,,best,2026-09-16
playstore,5,,i like,2026-09-16
playstore,5,,super 💯,2026-09-16
playstore,5,,good,2026-09-16
playstore,5,,best,2026-09-16
playstore,5,,good 👍,2026-09-16
playstore,5,,"A very simplified app, does not require a lot of procedures. All processes are very fluent.",2026-09-16
playstore,5,,good app,2026-09-16
playstore,5,,West,2026-09-16
playstore,5,,nice app,2026-09-16
playstore,3,,good,2026-09-16
playstore,5,,Expiry dates are not visible after update.,2026-09-16
playstore,5,,very good 😊,2026-09-16
playstore,3,,"Groww is a good trading and investment app for retail investors. The platform is simple and easy to use, and the brokerage charges are relatively low. It is especially helpful for beginners and small retail traders who want to keep their trading costs low. Overall, a user-friendly app with competitive charges.",2026-09-16
playstore,5,,💗,2026-09-16
playstore,5,,Good,2026-09-16
playstore,1,,very High charges,2026-09-16
playstore,5,,good 👍,2026-09-16
playstore,1,,Please give the option of scalping in commodity trading segment also.,2026-09-16
playstore,1,,Transaction report total wrong fraud app I have stock is holding transaction is indraday 😔😔😔😔😔😔,2026-09-16
playstore,5,,excellent,2026-09-16
playstore,5,,nice,2026-09-15
playstore,5,,Good app for tranding,2026-09-15
playstore,4,,fine,2026-09-15
playstore,5,,upi Autopay లొ revoked notification వస్తె బాగుంటుంది,2026-09-15
playstore,5,,Good for all,2026-09-15
playstore,2,,mandat issue many time status not updated,2026-09-15
playstore,5,,nice 👍,2026-09-15
playstore,5,,very good aap,2026-09-15
playstore,5,,bahut hi acha app lga investment ke liye,2026-09-15
playstore,5,,nice,2026-09-15
playstore,5,,excellent,2026-09-15
playstore,5,,very nice and,2026-09-15
playstore,5,,Nice experience with groww,2026-09-15
playstore,3,,I would rate you 5 star if you introduce a feature mentioning BE stocks like we get in Kite App. so that we can avoid the T2T stocks effectively I purchased the stock on Friday and Today I was getting 10k profit but the stock being T2T I was not able to sell it,2026-09-15
playstore,5,,Good groww inwistment,2026-09-15
playstore,5,,supar,2026-09-15
playstore,4,,nice,2026-09-15
playstore,1,,not good,2026-09-15
playstore,5,,The best Treding app,2026-09-15
playstore,5,,good,2026-09-15
playstore,3,,did you like this offer,2026-09-15
playstore,5,,be happy 😊,2026-09-15
playstore,5,,good groww,2026-09-15
playstore,5,,good,2026-09-15
playstore,5,,good,2026-09-15
playstore,5,,good must use,2026-09-15
playstore,5,,average,2026-09-15
playstore,5,,good platform,2026-09-15
playstore,5,,best,2026-09-15
playstore,5,,good,2026-09-15
playstore,5,,nice 👍,2026-09-15
playstore,4,,গো অ্যাপ টা খুব সুন্দর ভাবে কাজ করে।,2026-09-15
playstore,5,,smooth working,2026-09-15
playstore,5,,oh my god very good experience by its app it is best for beginners I am first don't know about trading and other apps of trade but this app has been very much oh my God this is very useful !,2026-09-15
playstore,5,,good application good work,2026-09-15
playstore,5,,Groww with you hameisa.,2026-09-15
playstore,5,,ok,2026-09-15
playstore,5,,good and analysed data making,2026-09-15
playstore,5,,very good,2026-09-15
playstore,3,,easy interface but sometimes it deducted amount without ur information if u r doing trading.😡,2026-09-15
playstore,5,,very good,2026-09-15
playstore,5,,ok,2026-09-15
playstore,5,,good,2026-09-15
playstore,5,,good,2026-09-15
playstore,5,,thank you,2026-09-15
playstore,5,,Ye Bohat achhi app hai treds mai bohar easy rehti hai,2026-09-15
playstore,5,,"Groww makes investing in the stock market, mutual funds, and IPOs accessible and effortless. The user interface is clean, beginner-friendly, and completely transparent with no hidden brokerage fees. Tracking portfolio performance and placing orders is super smooth. An outstanding platform for building wealth securely.",2026-09-15
playstore,5,,nice,2026-09-15
playstore,4,,good,2026-09-15
playstore,5,,good,2026-09-15
playstore,5,,nice aap hai,2026-09-15
playstore,5,,Good for Trading not complicated..,2026-09-15
playstore,5,,nice,2026-09-15
playstore,5,,excellent 👍,2026-09-15
playstore,5,,good,2026-09-15
playstore,5,,please seperate the mutual fund app,2026-09-15
playstore,5,,😘😘😘😘😘,2026-09-15
playstore,1,,always lagging,2026-09-15
playstore,5,,nice app,2026-09-15
playstore,1,,💩💩 trash app,2026-09-15
playstore,4,,super app,2026-09-15
playstore,5,,good,2026-09-15
playstore,5,,best service,2026-09-15
playstore,5,,vv good 👍,2026-09-15
playstore,5,,good...,2026-09-15
playstore,4,,good,2026-09-15
playstore,3,,Turing growth chart is easy but its very complicated to turn form groww chart to normal Trading view chart please make it happen in one tap,2026-09-15
playstore,5,,better platform,2026-09-15
playstore,1,,customer service very very poor bad experience,2026-09-15
playstore,5,,bhot acha ap h,2026-09-15
playstore,5,,goood,2026-09-15
playstore,5,,nice 👍,2026-09-15
playstore,5,,good,2026-09-15
playstore,1,,Annoying loan offers and useless notifications,2026-09-15
playstore,5,,good,2026-09-15
playstore,1,,even I update latest version,2026-09-15
playstore,5,,genuine app,2026-09-15
playstore,5,,super,2026-09-15
playstore,5,,very good,2026-09-15
playstore,5,,nice app,2026-09-15
playstore,5,,best of world 🌎 stock market app groww,2026-09-15
playstore,5,,good app,2026-09-15
playstore,5,,Good for trading and investment,2026-09-15
playstore,5,,Great app,2026-09-15
playstore,5,,Good,2026-09-15
playstore,5,,very good,2026-09-15
playstore,5,,good 💯,2026-09-15
playstore,5,,nice,2026-09-15
playstore,5,,good,2026-09-15
playstore,5,,ONLY STOCKS APP,2026-09-15
playstore,5,,awesome,2026-09-15
playstore,5,,ok,2026-09-15
playstore,5,,good,2026-09-15
playstore,4,,This app is the best app for beginners who want to invest in stocks and. mutual funds..,2026-09-15
playstore,5,,excellent 👌,2026-09-15
playstore,5,,all good thing this app veri excellent good,2026-09-15
playstore,5,,good,2026-09-15
playstore,5,,verry good,2026-09-15
playstore,5,,thik pletform is very simple and very good 👍😊,2026-09-15
playstore,5,,good,2026-09-15
playstore,5,,very good experience,2026-09-15
playstore,1,,worst app for f and o . good for investment,2026-09-15
playstore,5,,nice app this,2026-09-15
playstore,1,,Easy to use i like it but very expensive charges,2026-09-15
playstore,5,,good,2026-09-15
playstore,5,,Very good,2026-09-15
playstore,5,,very good application easy-to-use 👍,2026-09-15
playstore,5,,capital and patience,2026-09-15
playstore,3,,T-bond feature is not added in this application,2026-09-15
playstore,5,,very good,2026-09-15
playstore,5,,Easy to Use,2026-09-15
playstore,1,,"I have been waiting for 4 days for my account reactivation, How can a person believe this App with their investment and money",2026-09-15
playstore,5,,Best for trade,2026-09-15
playstore,5,,very nice information,2026-09-15
playstore,4,,Good app for beginners trader's 😄,2026-09-15
playstore,4,,very good,2026-09-15
playstore,5,,trusted,2026-09-15
playstore,5,,good app super,2026-09-15
playstore,5,,good,2026-09-15
playstore,5,,superb Experience 🔥,2026-09-15
playstore,5,,very good,2026-09-15
playstore,5,,very best appp,2026-09-15
playstore,5,,excellent,2026-09-15
playstore,4,,nice,2026-09-15
playstore,5,,very good 👍🏻😊😊,2026-09-15
playstore,5,,it's great app,2026-09-15
playstore,5,,👍,2026-09-15
playstore,5,,good for beginner,2026-09-15
playstore,5,,superb,2026-09-15
playstore,5,,well,2026-09-15
playstore,5,,ok,2026-09-15
playstore,5,,very good app,2026-09-15
playstore,5,,osm,2026-09-15
playstore,5,,i m new learneer,2026-09-15
playstore,5,,nice 👍👍👍👍,2026-09-15
playstore,5,,Good UI best Platform for beginners,2026-09-15
playstore,5,,thanks thanks 😊,2026-09-15
playstore,5,,good,2026-09-15
playstore,3,,good,2026-09-15
playstore,5,,Very nice😊 easy to uuse❤️,2026-09-15
playstore,5,,good,2026-09-15
playstore,5,,Nice,2026-09-15
playstore,5,,Good 👍,2026-09-15
playstore,3,,best app,2026-09-15
playstore,5,,Brokar charge high,2026-09-15
playstore,5,,good,2026-09-15
playstore,5,,very good,2026-09-15
playstore,1,,"After 8 days Groww is unable to activate my account. Several interactions to customer care department, still same condition.",2026-09-15
playstore,5,,best trading app,2026-09-15
playstore,3,,👍🏼,2026-09-15
playstore,5,,very good,2026-09-15
playstore,5,,it's amazing.,2026-09-15
playstore,5,,Thank you; the Groww app is excellent and very helpful. I have managed to save some money thanks to this app. I actually started my first investment using the Groww app.,2026-09-15
playstore,5,,I used many apps but this app is excellent 👌 for trading specially mutual funds or sip.,2026-09-15
playstore,4,,its very helpful app,2026-09-15
playstore,5,,good,2026-09-14
playstore,5,,good,2026-09-14
playstore,5,,best option for saving balance,2026-09-14
playstore,5,,supper app,2026-09-14
playstore,1,,you are,2026-09-14
playstore,1,,Bad Experience. couldn't set up. they show PAN Number is wrong. but I put the correct number. 3rd class app.,2026-09-14
playstore,1,,F U groww Bloody cheaters First they give out MF prime feature as free with hidden charges now they changed to more commission hence TER changed more than 0.6%,2026-09-14
playstore,5,,good,2026-09-14
playstore,5,,super hit,2026-09-14
playstore,5,,this app is very good 👍,2026-09-14
playstore,1,,only for learning,2026-09-14
playstore,5,,"Although Groww is a good app,but now with rising competition in the market ,like lemon ,sahi,flattrade,m.asset etc giving best brokerage free plans or minimal cost plans also to the users by paying minimal joining amount.Its a wonderful for option trading especially.I hope Groww will also look in to this and take quick change for further development",2026-09-14
playstore,1,,"gadhe ki ga#d app hai, bss spam mail p mail bhejte rehte hai, customer executive se call connect nhi hoti, account delete nhi hota,",2026-09-14
playstore,1,,worst app.. lagging chart and i think they shared our data with big players.. i have been into this market for 4 years but whenever i take any trade in fnO even in my sureshot trade it hits my sl.. though app is good for investing i would not recommend for option trading... worst experience..,2026-09-14
playstore,5,,"One of the best broker app, I ever prefer",2026-09-14
playstore,3,,"please allow the options of weekly STP, It will be beneficial for customers. There are lots of bugs that need to be fixed like the order placed not shown when it's done. Ultimately the customer support response is extremely slow.",2026-09-14
playstore,5,,very nice 👍,2026-09-14
playstore,5,,good,2026-09-14
playstore,5,,nice app,2026-09-14
playstore,5,,good,2026-09-14
playstore,5,,nice app 👌 👍,2026-09-14
playstore,5,,best app for trading g stock investment,2026-09-14
playstore,5,,very nice,2026-09-14
playstore,5,,excellent 👌,2026-09-14
playstore,5,,good,2026-09-14
playstore,5,,nice,2026-09-14
playstore,5,,good,2026-09-14
playstore,5,,nice,2026-09-14
playstore,5,,excellent app,2026-09-14
playstore,5,,OUTSTANDING,2026-09-14
playstore,5,,Hbi,2026-09-14
playstore,5,,awesome,2026-09-14
playstore,1,,"The current update made it worst experience. the indicators are not upto the mark, the back button drawer hides constantly, which results in selecting unwanted options. previous version was way better.",2026-09-14
playstore,3,,option trading percentage does not shows 😔 example.12/-loss,2026-09-14
playstore,5,,"kya ap app me barcode ka system dal sakte ho jisse ki hm kisi se sidhe isme payment lel le ,,,,,, isse jyada se jyada invest ho paega",2026-09-14
playstore,5,,good 😊,2026-09-14
playstore,1,,i like this app and it's feature only I don't like one thing which is need account reactivate with the document of 12 digit AADHAR. according to my point of view it is not necessary only need active bank account. govt never said that if want do trading or explore with any online trading app u must provide AADHAR. it is not the gud thing it's a privacy concern.,2026-09-14
playstore,5,,very best aap to trade,2026-09-14
playstore,4,,good 👍,2026-09-14
playstore,1,,worst app. Application not working in my phone. even after several complaints they didn't resolve my issue,2026-09-14
playstore,5,,good,2026-09-14
playstore,5,,very 👍 good,2026-09-14
playstore,5,,super,2026-09-14
playstore,4,,Iam happy with app interface and easy usage. However why my app not Gr1 (AI) option? please clarify,2026-09-14
playstore,5,,good,2026-09-14
playstore,4,,good app for all,2026-09-14
playstore,5,,add FDs like another apps,2026-09-14
playstore,5,,excellent we want to earn money from this app by trading,2026-09-14
playstore,5,,very good but iam always in loss,2026-09-14
playstore,5,,very good,2026-09-14
playstore,5,,nice,2026-09-14
playstore,5,,good,2026-09-14
playstore,5,,good,2026-09-14
playstore,5,,good,2026-09-14
playstore,5,,I am happy.,2026-09-14
playstore,5,,good 👍,2026-09-14
playstore,5,,very good app,2026-09-14
playstore,5,,good,2026-09-14
playstore,5,,nice app for business development.,2026-09-14
playstore,5,,well app and running smoothly,2026-09-14
playstore,5,,cool 😎,2026-09-14
playstore,5,,good,2026-09-14
playstore,5,,wow,2026-09-14
playstore,4,,best aap,2026-09-14
playstore,5,,good,2026-09-14
playstore,5,,good,2026-09-14
playstore,5,,super,2026-09-14
playstore,1,,OK,2026-09-14
playstore,5,,one of the best broker app very useful and easy to understand every stock /ipo details and all .,2026-09-14
playstore,5,,"Good app for stock market investment and trading, now you can buy corporate bonds also",2026-09-14
playstore,5,,good 👍,2026-09-14
playstore,5,,Good,2026-09-14
playstore,5,,bahut hi achha hai customer support team is best working all customer happy,2026-09-14
playstore,5,,अभी तक तो groww के साथ यात्रा शानदार रही है। अपेक्षा है आगे और भी शानदार रहेगी।।,2026-09-14
playstore,5,,good,2026-09-14
playstore,5,,good,2026-09-14
playstore,4,,good aap,2026-09-14
playstore,5,,very nice app and strategies,2026-09-14
playstore,4,,good,2026-09-14
playstore,1,,"3rd class broker, my trading account showing blocked, not able to trade or do anything, all segment showing active i connect multiple time with support but nothing fixed by support, i filled teraform 20 time account still blocked.",2026-09-14
playstore,4,,super hai,2026-09-14
playstore,5,,over thanks,2026-09-14
playstore,5,,very good 👍,2026-09-14
playstore,5,,good,2026-09-14
playstore,5,,"Good but,agar market holiday hai to agale din information Milana chaiye.",2026-09-14
playstore,5,,nise,2026-09-14
playstore,5,,nice 👍,2026-09-14
playstore,5,,simple and fast,2026-09-14
playstore,5,,This groww srtocks and IPO apply best way and nice,2026-09-14
playstore,5,,good,2026-09-14
playstore,5,,good,2026-09-14
playstore,5,,ok,2026-09-14
playstore,5,,very good,2026-09-14
playstore,5,,nice,2026-09-14
playstore,5,,good,2026-09-14
playstore,5,,good app,2026-09-14
playstore,5,,great 😃,2026-09-14
playstore,5,,nice,2026-09-14
playstore,5,,Easy to operate. Easy to navigate,2026-09-14
playstore,5,,my sagison big platform but not leverage please add the option,2026-09-14
playstore,5,,"Grow means your wealth grow,this site is secure ,trustable,and easily to use, I m very happy to use it.",2026-09-14
playstore,5,,good,2026-09-14
playstore,5,,good,2026-09-14
playstore,5,,nice,2026-09-14
playstore,5,,This app is very useful for trading.,2026-09-14
playstore,5,,Just ok,2026-09-14
playstore,5,,nice,2026-09-14
playstore,4,,thank you,2026-09-14
playstore,5,,when I started share market on Groww app this is easily to do work with Groww,2026-09-14
playstore,4,,beautiful aap,2026-09-14
playstore,1,,nice,2026-09-14
playstore,5,,good,2026-09-14
playstore,5,,best,2026-09-14
playstore,5,,ucth.,2026-09-14
playstore,5,,Good,2026-09-14
playstore,5,,good,2026-09-14
playstore,5,,easy login and faster to create sip in less than 1 minute,2026-09-14
playstore,5,,good trading app,2026-09-14
playstore,5,,very very good Groww app,2026-09-14
playstore,5,,srinu roja,2026-09-14
playstore,5,,all is well,2026-09-14
playstore,1,,referral not working,2026-09-14
playstore,5,,good,2026-09-14
playstore,2,,I am so sad because pehle ka candle dikh hi nahi Raha 5 minutes pe please solve,2026-09-14
playstore,5,,I am very happy this app very good,2026-09-13
playstore,5,,new york app,2026-09-13
playstore,1,,many charts are not updated regularly for example on date 12/09/2026 check on groww app crude oil charts daily time frame 11/09/2026 not seen often many skript chart not updated regularly it very difficult to use groww,2026-09-13
playstore,5,,very fast withdrobal f&O 1 cleck est very nice 👌,2026-09-13
playstore,5,,good 💯,2026-09-13
playstore,4,,good 💯💯💯,2026-09-13
playstore,4,,great,2026-09-13
playstore,5,,very good app,2026-09-13
playstore,5,,it's great plat farm to investing guid,2026-09-13
playstore,5,,good lai chan,2026-09-13
playstore,5,,you,2026-09-13
playstore,5,,good,2026-09-13
playstore,5,,best,2026-09-13
playstore,5,,ok,2026-09-13
playstore,2,,worst service one day your money will stuck but they will never reply to your requested support and mails,2026-09-13
playstore,5,,Amazing,2026-09-13
playstore,3,,good 👍🏻,2026-09-13
playstore,5,,best,2026-09-13
playstore,1,,"using it since a year and I can say that it has good interface but it's the highest-charging app. Hidden charges on cancelled/unexecuted orders eat up most of your F&O profit. Withdrawals take 5-7 days and support is unhelpful. Not recommended if you are trading with low profit margin as you will be loser even with profit, grow will eat all your profit through margin and charges.",2026-09-13
playstore,5,,badiya hai,2026-09-13
playstore,1,,support system nahin Hai groww mein Mera account unfridge nahin ho nahin ho raha hai kahin month se TRAI kar raha hai,2026-09-13
playstore,5,,good.,2026-09-13
playstore,5,,good,2026-09-13
playstore,5,,super hero,2026-09-13
playstore,5,,good,2026-09-13
playstore,4,,nice app,2026-09-13
playstore,5,,good,2026-09-13
playstore,5,,Good for me 😃,2026-09-13
playstore,5,,👍👍👍,2026-09-13
playstore,5,,good morning,2026-09-13
playstore,4,,🥕,2026-09-13
playstore,5,,good,2026-09-13
playstore,5,,"Best app, easy to use. Quick deposit and withdrawals available. Customer service support is also very good.",2026-09-13
playstore,5,,super,2026-09-13
playstore,5,,goods👍👍👍👍👍,2026-09-13
playstore,5,,nise,2026-09-13
playstore,5,,good 😊💯,2026-09-13
playstore,5,,good,2026-09-13
playstore,5,,Easy to understand,2026-09-13
playstore,5,,Nice 👍,2026-09-13
playstore,5,,good,2026-09-13
playstore,5,,❤️,2026-09-13
playstore,5,,jio digital life jio Jai shree ram,2026-09-13
playstore,5,,very easy to use and safe,2026-09-13
playstore,5,,good app and very easy to use app,2026-09-13
playstore,4,,good for.......bigner,2026-09-13
playstore,5,,nice,2026-09-13
playstore,1,,I can't proceed to the e sighing please,2026-09-13
playstore,1,,too much promotions,2026-09-13
playstore,5,,your service good fast working network,2026-09-13
playstore,4,,good app,2026-09-13
playstore,5,,nice,2026-09-13
playstore,5,,👍👍👍,2026-09-13
playstore,5,,I like,2026-09-13
playstore,5,,nice,2026-09-13
playstore,5,,good 👍🏻😊,2026-09-13
playstore,3,,good,2026-09-13
playstore,5,,grow is good,2026-09-13
playstore,5,,good experience 😃,2026-09-13
playstore,1,,"FUNDS NOT SAFE..CHECK YOUR FUNDS AND ORDER EVERYDAY..LOOSE LOT OF MONEY N NO HELP BUT GROWW BLAME US. WRONG INFO. GIVEN. BIG CHEAT. Even Mutual Funds, price shows 11% increase and when you Redeem, it shows 11% loss. Check price of LIC MF GOLD ETF( 10/08/25,showing 11% increase but actually it is -11% decrease when you redeem). Agents and Supervisors says computer glitch. Customer's looses heavyly in Groww.",2026-09-13
playstore,1,,Bekar app h. bekar service,2026-09-13
playstore,5,,verry good,2026-09-13
playstore,4,,good but interface of angle one is much better than groww,2026-09-13
playstore,1,,"why can't one sell sme ipo alloted the same day at lower circuit,many people incurred huge losses bcoz of this , other appaa allowed this please do the needful",2026-09-13
playstore,5,,acha hai naye logon ke liye ek ummed hai share market janne ka good plate form,2026-09-13
playstore,5,,good,2026-09-13
playstore,5,,good 👍,2026-09-13
playstore,5,,good 👍 app,2026-09-13
playstore,5,,very good,2026-09-13
playstore,5,,nice,2026-09-13
playstore,2,,good aps,2026-09-13
playstore,5,,good excess,2026-09-13
playstore,5,,op,2026-09-13
playstore,4,,all good but redemption payment is long process,2026-09-13
playstore,5,,good,2026-09-13
playstore,5,,very good 👍,2026-09-13
playstore,5,,good,2026-09-13
playstore,4,,Sometimes the app glitches causing trouble in order execution.,2026-09-13
playstore,5,,good,2026-09-13
playstore,5,,good app,2026-09-13
playstore,5,,Sunny Singh,2026-09-13
playstore,5,,good,2026-09-13
playstore,5,,Good,2026-09-13
playstore,5,,😲,2026-09-13
playstore,5,,user friendly 💛,2026-09-13
playstore,5,,ok,2026-09-13
playstore,3,,Need more improvisation,2026-09-13
playstore,2,,"new 3D fh एलए एटी 5गज ए 4, 3झा री टीके 1,))५४६,",2026-09-13
playstore,5,,great,2026-09-13
playstore,4,,Nice,2026-09-13
playstore,5,,👍,2026-09-13
playstore,5,,Excellent,2026-09-13
playstore,4,,Nice,2026-09-13
playstore,5,,best,2026-09-13
playstore,5,,nice I like it,2026-09-13
playstore,1,,Very very worst Oi and Oi cheg not show and not support worst update this groww application,2026-09-13
playstore,5,,good and best app for tread sip,2026-09-13
playstore,5,,Simple and best,2026-09-13
playstore,1,,emailed and contacted many times for closure of account but nothing happened,2026-09-13
playstore,5,,groww super,2026-09-13
playstore,5,,Best app,2026-09-13
playstore,5,,good💯℅,2026-09-13
playstore,5,,good,2026-09-13
playstore,5,,nice,2026-09-13
playstore,5,,good,2026-09-13
playstore,2,,ha vv2 by xxx26,2026-09-13
playstore,5,,most app,2026-09-13
playstore,4,,good app,2026-09-13
playstore,5,,good👍,2026-09-13
playstore,5,,very good application. very easy to use,2026-09-13
playstore,5,,very nice working application,2026-09-13
playstore,5,,very nice,2026-09-13
playstore,4,,excellence,2026-09-13
playstore,5,,goog good very good,2026-09-13
playstore,3,,👍🏻,2026-09-13
playstore,5,,Easy to use.,2026-09-13
playstore,5,,love you,2026-09-13
playstore,5,,best,2026-09-13
playstore,5,,Good,2026-09-13
playstore,5,,ok,2026-09-13
playstore,1,,hanging lagging automatic buy and sell triggered geting pathetic day by day specially after latest update,2026-09-13
playstore,3,,good 👍,2026-09-12
playstore,5,,very nice,2026-09-12
playstore,5,,good,2026-09-12
playstore,5,,Great app,2026-09-12
playstore,5,,good,2026-09-12
playstore,5,,good experience,2026-09-12
playstore,5,,This is an excellent app. I have amended my Google review. because I am using this app since sep 2023 and am now a satisfied customer.,2026-09-12
playstore,5,,good,2026-09-12
playstore,3,,nice,2026-09-12
playstore,1,,withdrawal me time jada lagta hai,2026-09-12
playstore,5,,super,2026-09-12
playstore,5,,traditional,2026-09-12
playstore,1,,please ban this app,2026-09-12
playstore,3,,best but indicator delete option not easy to use,2026-09-12
playstore,1,,over charges,2026-09-12
playstore,2,,Better to other,2026-09-12
playstore,5,,very good,2026-09-12
playstore,5,,good,2026-09-12
playstore,5,,good,2026-09-12
playstore,5,,ok,2026-09-12
playstore,5,,op app👍,2026-09-12
playstore,1,,good,2026-09-12
playstore,5,,super 👍,2026-09-12
playstore,5,,amazing app,2026-09-12
playstore,5,,nowadays this app work too slowly everything feels laggy we can't see Even how many stocks we pledged and we can't see our balance properly too many glitches,2026-09-12
playstore,5,,real trust ❤️❤️,2026-09-12
playstore,5,,wonderful 😊 for life,2026-09-12
playstore,1,,too much charges,2026-09-12
playstore,1,,I withdraw money it not come 😭,2026-09-12
playstore,5,,nice,2026-09-12
playstore,5,,Good,2026-09-12
playstore,5,,nice,2026-09-12
playstore,5,,nice,2026-09-12
playstore,1,,wd waaas se,2026-09-12
playstore,5,,nice,2026-09-12
playstore,5,,nice,2026-09-12
playstore,1,,bekar,2026-09-12
playstore,5,,very good,2026-09-12
playstore,5,,very good broker,2026-09-12
playstore,5,,jabse ye aap mobile me aai hai me road pr aa gya,2026-09-12
playstore,5,,super,2026-09-12
playstore,1,,good,2026-09-12
playstore,3,,nice 🤩,2026-09-12
playstore,5,,nice,2026-09-12
playstore,5,,best app,2026-09-12
playstore,5,,simplest KYC,2026-09-12
playstore,5,,good,2026-09-12
playstore,5,,amazing,2026-09-12
playstore,5,,omg,2026-09-12
playstore,4,,nice and safe app,2026-09-12
playstore,5,,The letters in the app should be a bit larger; they are very small.,2026-09-12
playstore,5,,use full,2026-09-12
playstore,5,,good service,2026-09-12
playstore,5,,roj value,2026-09-12
playstore,1,,useless app. it refuses to accept my non google mail account.,2026-09-12
playstore,5,,good,2026-09-12
playstore,5,,Good,2026-09-12
playstore,3,,very easy n nice,2026-09-12
playstore,5,,everything positive things,2026-09-12
playstore,5,,retrun,2026-09-12
playstore,1,,i deposit money but I can't buy it,2026-09-12
playstore,5,,good,2026-09-12
playstore,4,,super,2026-09-12
playstore,5,,good,2026-09-12
playstore,5,,suppar,2026-09-12
playstore,5,,good 😊,2026-09-12
playstore,5,,good 👍,2026-09-12
playstore,5,,good,2026-09-12
playstore,5,,good,2026-09-12
playstore,5,,good,2026-09-12
playstore,4,,mkcbl nnoun,2026-09-12
playstore,4,,good,2026-09-12
playstore,5,,nice,2026-09-12
playstore,5,,accha hai,2026-09-12
playstore,5,,very good,2026-09-12
playstore,5,,super 😊 and 🥇,2026-09-12
playstore,1,,Worst experience! Groww needs brokerage only even in customer loss.,2026-09-12
playstore,5,,good,2026-09-12
playstore,1,,Bad,2026-09-12
playstore,5,,Rakesh,2026-09-12
playstore,5,,Good,2026-09-12
playstore,5,,nice,2026-09-12
playstore,5,,very good broker app,2026-09-12
playstore,5,,best app in word,2026-09-12
playstore,5,,good,2026-09-12
playstore,5,,user friendly,2026-09-12
playstore,4,,Good app . but some time app was freezing.,2026-09-12
playstore,5,,good,2026-09-12
playstore,4,,okay,2026-09-12
playstore,5,,nice app,2026-09-12
playstore,5,,very nice,2026-09-12
playstore,5,,best,2026-09-12
playstore,5,,great,2026-09-12
playstore,5,,गुडमॉर्निंग,2026-09-12
playstore,5,,nice,2026-09-12
playstore,5,,best,2026-09-12
playstore,5,,good,2026-09-12
playstore,5,,smooth user interface,2026-09-12
playstore,5,,esy to use and clean app,2026-09-12
playstore,5,,ok,2026-09-12
playstore,5,,very good,2026-09-12
playstore,5,,Nice App,2026-09-12
playstore,5,,great 👍,2026-09-12
playstore,5,,super experience thanks groww stocks ❤️🙏🕉️,2026-09-12
playstore,5,,very nice,2026-09-12
playstore,5,,thik aahe,2026-09-12
playstore,5,,nice,2026-09-12
playstore,3,,".. 0 , in . Cv , Mm",2026-09-12
playstore,5,,Good,2026-09-12
playstore,5,,ok,2026-09-12
playstore,4,,Need to simplify and easy understanding,2026-09-11
playstore,5,,very good,2026-09-11
playstore,4,,Nice app,2026-09-11
playstore,5,,best app,2026-09-11
playstore,5,,veri good,2026-09-11
playstore,5,,super 👌👍,2026-09-11
playstore,5,,excellent for beginners,2026-09-11
playstore,5,,Good,2026-09-11
playstore,2,,MTF policy is pathetic,2026-09-11
playstore,5,,bhai keyboard sahi karo GR-1 ka please.,2026-09-11
playstore,5,,Awesome 😎👍🏻👍🏻,2026-09-11
playstore,5,,good👍💯💯💯,2026-09-11
playstore,5,,good 👍,2026-09-11
playstore,5,,very good service,2026-09-11
playstore,3,,I feel good,2026-09-11
playstore,5,,best ok,2026-09-11
playstore,1,,Platform is getting worst day by day. Customer service is worst. They don't have any solution for any of the issues being faced by the user. Today I have noticed that they subscription rate of IPOs being shown on Groww is incorrect and is far less than actual subscription rate. As expected from the worst platform.,2026-09-11
playstore,5,,super,2026-09-11
playstore,5,,good,2026-09-11
playstore,5,,bahut badhiya hai,2026-09-11
playstore,5,,good 👍,2026-09-11
playstore,5,,"I have been utilizing Groww as my primary investment platform. I particularly appreciate its intuitive interface and user-friendly design. The recently launched GR-1 AI assistant has proven to be an invaluable tool. It efficiently provides comprehensive information, eliminating the need for extensive internet searches. I was genuinely impressed by its capabilities and have, therefore, noted its recent absence following an update. I kindly request its reinstatement at your earliest convenience.",2026-09-11
playstore,5,,good,2026-09-11
playstore,1,,bed,2026-09-11
playstore,5,,good,2026-09-11
playstore,5,,very easy to use always support for every query to resolve.,2026-09-11
playstore,5,,nice,2026-09-11
playstore,5,,excellent,2026-09-11
playstore,2,,this app is so hard for using,2026-09-11
playstore,1,,"Hidden charges not use the app buy sell charge square off charge account mobile nabar edit chanrge hazro charge ,better upstox , dhan , zaroda",2026-09-11
playstore,5,,easy app koi bhi ise use krega use mza aye ga ise chlana ashan h I love groww app best feature kon kon use kr rha h like kre👌👌👌👌👌🤟🤟🤟❤️❤️❤️👍👍👍✌️✌️✌️✌️,2026-09-11
playstore,4,,Good 👍,2026-09-11
playstore,5,,super,2026-09-11
playstore,5,,perfect.......,2026-09-11
playstore,5,,please fix one things more mai jab v account switch karta hu mere sare indicator remove ho jate hai. har bar add karna parta hai all line r remove also what I fix as per analysis har bar add karne mai prblm hota hai account switch karne mai indicator remove na ho dekhna,2026-09-11
playstore,5,,Every thing is Good,2026-09-11
playstore,1,,it's a good 😊,2026-09-11
playstore,5,,best,2026-09-11
playstore,5,,very good,2026-09-11
playstore,5,,I am using Shiprocket Quick for my regular local orders and the experience has been positive so far. The app is easy to understand and delivery progress can be checked quickly. I also find it useful when customers ask about their orders because the latest status is easily accessible.,2026-09-11
playstore,2,,इ बुक ऑफ ईसि,2026-09-11
playstore,5,,good,2026-09-11
playstore,5,,good app,2026-09-11
playstore,5,,wow Nice App,2026-09-11
playstore,5,,good,2026-09-11
playstore,5,,nice,2026-09-11
playstore,5,,goob👍,2026-09-11
playstore,5,,good,2026-09-11
playstore,5,,good 👍,2026-09-11
playstore,5,,nice platform,2026-09-11
playstore,5,,Groww,2026-09-11
playstore,5,,ipo ek bi nahi laga muje,2026-09-11
playstore,1,,Mai sabhi trader or investor Bhai se anurodh karata hu....Jago grahak jago....ye grow trading platform sabase jyada brockrage leta hai jisake Karan sabhi trader loss me rahata hai.....aur koi recommendations v nahi deta... .ya to ye company brockrage kam kare ...nahi Mai ye platform use karana chhor raha hu....Jago trader and investors....,2026-09-11
playstore,5,,super,2026-09-11
playstore,5,,good 👍🏿,2026-09-11
playstore,5,,Good 👍😊.,2026-09-11
playstore,5,,good 😊,2026-09-11
playstore,5,,good 👍,2026-09-11
playstore,5,,nice 👍 good,2026-09-11
playstore,5,,best app for mutual fund sip,2026-09-11
playstore,4,,good,2026-09-11
playstore,5,,i am so happy ...thank you so much customer care support....Groww Application Good 😊 Thank you so much Best Demate Account Alltime ⭐⭐⭐⭐⭐⭐ 6 Star ✨,2026-09-11
playstore,5,,very good app interface,2026-09-11
playstore,5,,awesome ❤️,2026-09-11
playstore,5,,okay,2026-09-11
playstore,5,,good,2026-09-11
playstore,5,,easy-to-use,2026-09-11
playstore,5,,superb,2026-09-11
playstore,1,,pathetic customer service,2026-09-11
playstore,5,,good,2026-09-11
playstore,5,,nice,2026-09-11
playstore,5,,good,2026-09-11
playstore,5,,good,2026-09-11
playstore,5,,earning aap,2026-09-11
playstore,5,,very good,2026-09-11
playstore,4,,good 👍,2026-09-11
playstore,5,,very good,2026-09-11
playstore,4,,good app.,2026-09-11
playstore,5,,good,2026-09-11
playstore,1,,very buggy app every time it gets stuck when I go to the ipo option please fix it asap or else your groww share price will be more down,2026-09-11
playstore,5,,good 👍,2026-09-11
playstore,5,,mujhe khusi huwi,2026-09-11
playstore,5,,"Best platform for trading, simple interface makes it even better and the UPI features too makes it all rounder for any kind of financial activities",2026-09-11
playstore,5,,good,2026-09-11
playstore,5,,good,2026-09-11
playstore,5,,business good,2026-09-11
playstore,5,,"I am investing for last 3 year, its a best platform for investing",2026-09-11
playstore,5,,Very simple to use with Higher transparency,2026-09-11
playstore,3,,App is perfectly running before groww update on sep 8. after it bugs like stock price suddenly stop I'm refreshing running and again stopped it repeatedly. check above issue,2026-09-11
playstore,5,,Good,2026-09-11
playstore,5,,good,2026-09-11
playstore,1,,so much ads stop sending it,2026-09-11
playstore,5,,good,2026-09-11
playstore,5,,veri Good,2026-09-11
playstore,1,,becoming worst nowadays.....,2026-09-11
playstore,5,,best app,2026-09-11
playstore,5,,good,2026-09-11
playstore,5,,op,2026-09-11
playstore,5,,good,2026-09-11
playstore,5,,very much thanks,2026-09-11
playstore,5,,good,2026-09-11
playstore,5,,good👍😊,2026-09-11
playstore,5,,good,2026-09-11
playstore,4,,ok,2026-09-11
playstore,5,,excellent..,2026-09-11
playstore,5,,good,2026-09-11
playstore,5,,Nice App,2026-09-11
playstore,5,,Good,2026-09-11
playstore,5,,nice,2026-09-11
playstore,5,,nice,2026-09-11
playstore,1,,"This app is very bad, do not install any",2026-09-11
playstore,2,,"c btaya lo eth Bathhhah h, adda ub laa kn a hy Thah gy tb lonzhU in thnyhll z on uk. kAiaaAbkjhl hy vh lhbbnn8J huh AA a h naah KnkiHb bhai yY ag Ok a a mn nhi iuhhA ahMP UN. O",2026-09-11
playstore,4,,you are worst service in loading stocks chart and option chains.,2026-09-11
playstore,5,,good app,2026-09-11
playstore,5,,very impressive 👍,2026-09-11
playstore,5,,बहुत बढ़िया,2026-09-11
playstore,5,,good app,2026-09-11
playstore,5,,impressed,2026-09-11
playstore,5,,nice,2026-09-11
playstore,4,,i like this app very much good for everyone for bignner for all etc...,2026-09-11
playstore,5,,good 💯,2026-09-11
playstore,5,,nice,2026-09-11
playstore,5,,good,2026-09-11
playstore,5,,nice application,2026-09-11
playstore,5,,good 👍👍,2026-09-11
playstore,5,,ok,2026-09-11
playstore,5,,good,2026-09-11
playstore,5,,very good 👍,2026-09-11
playstore,5,,good,2026-09-11
playstore,5,,super,2026-09-11
playstore,5,,best,2026-09-11
playstore,5,,"very genuine and accuracy, believable and trusted aap",2026-09-11
playstore,5,,Good,2026-09-11
playstore,5,,best app,2026-09-11
playstore,1,,too many changes and taxes,2026-09-11
playstore,1,,charts are inaccurate and doesn't show more than 3-4 years old.new update is pathetic as they provide scalpers button just above bach button. it very annoying.,2026-09-11
playstore,5,,best app,2026-09-11
playstore,5,,most esely oprating apps,2026-09-11
playstore,2,,very sluggish app.. day by day it is deteriorating. sometime screen freezes and u r left with no choice but to force shutdown the app and relaunch..,2026-09-11
playstore,5,,"I’ve been using this app for almost a year and have no complaints about its performance or features. I’d like to suggest one small addition: an optional description field when setting a stock alert. For example, if HAL is at ₹5,000 and I set an alert at ₹4,500 to buy shares, I’d like to note that reason in the alert. This would make alerts much more useful. I hope you’ll consider adding this feature!",2026-09-11
playstore,1,,😁,2026-09-11
playstore,5,,stunning,2026-09-11
playstore,5,,best platform,2026-09-11
playstore,5,,thank you grow,2026-09-11
playstore,5,,good 👍,2026-09-11
playstore,1,,new update ke baad login nahi ho raha .There seems to be an issue with your internet. Please check your internet connection. bata raha hai,2026-09-11
playstore,5,,best,2026-09-11
playstore,5,,good,2026-09-11
playstore,5,,good 👍,2026-09-11
playstore,1,,whrost service last friday submitted all the documents since last friday its showing account opening will take 24 hours i called customer care its AI picking calls no clear answer ticket number 27719447,2026-09-11
playstore,5,,very convenient,2026-09-11
playstore,5,,great experience for an untrained person,2026-09-11
playstore,5,,👍,2026-09-11
playstore,1,,app hanged after 3 pm not working,2026-09-11
playstore,5,,trigger option is very bad my options is not considered,2026-09-11
playstore,5,,very good trading aap,2026-09-11
playstore,5,,best app,2026-09-11
playstore,5,,good,2026-09-11
playstore,5,,nice,2026-09-11
playstore,5,,very good working,2026-09-11
playstore,3,,user friendly.. But Brokerage charges are too high. If monthly package means could be better for F&O,2026-09-11
playstore,5,,GOOD,2026-09-11
playstore,5,,nice,2026-09-11
playstore,5,,Nice and convent app.,2026-09-11
playstore,5,,good 👍👍,2026-09-11
playstore,5,,super 😪🥱😘😎😺😅😺😘😪🤦🫢💙🤦🫢⚡ 🙂‍↕️,2026-09-11
playstore,5,,good work nice 👍,2026-09-11
playstore,5,,good,2026-09-11
playstore,5,,best,2026-09-11
playstore,5,,wow,2026-09-11
playstore,5,,good,2026-09-11
playstore,5,,Nice,2026-09-11
playstore,5,,excellent,2026-09-11
playstore,5,,Good IPO subscription real time update,2026-09-11
playstore,5,,Good,2026-09-11
playstore,5,,GOOD APP AND FANTASTIC MONEY TRADE,2026-09-11
playstore,5,,nice app,2026-09-11
playstore,5,,best nu solla mudiyathu,2026-09-11
playstore,5,,good,2026-09-11
playstore,5,,good,2026-09-11
playstore,5,,good nis,2026-09-11
playstore,5,,great ui simple to understand everything,2026-09-11
playstore,5,,Best app but charge jiyada hai,2026-09-11
playstore,5,,Easy interface,2026-09-11
playstore,5,,excellent,2026-09-11
playstore,5,,"even though you're charging ₹20 per trade,I love to it because you people are making me to groww and I like your app name groww which make me groww 💓🤗😎",2026-09-11
playstore,5,,its very good,2026-09-11
playstore,5,,best,2026-09-11
playstore,5,,bro add trailing stop loss system on charts.. get updated bro it's time to bring that,2026-09-11
playstore,5,,excellent,2026-09-11
playstore,5,,first time use invest aspect good service and good,2026-09-11
playstore,1,,🤯,2026-09-10
playstore,5,,Nice app for use in investment,2026-09-10
playstore,5,,good,2026-09-10
playstore,5,,nice application,2026-09-10
playstore,5,,Nice Trading APP,2026-09-10
playstore,4,,very good,2026-09-10
playstore,5,,best,2026-09-10
playstore,5,,good,2026-09-10
playstore,5,,good,2026-09-10
playstore,5,,nice,2026-09-10
playstore,5,,Good,2026-09-10
playstore,5,,Best app for forex and crypto trading,2026-09-10
playstore,5,,good,2026-09-10
playstore,5,,Best,2026-09-10
playstore,1,,its very wrong you are asking pan details to use the app. What do those people will do who want to watch market details and don't have pan or dont want to create account with groww The problem is that app automatically closes when you dont have entered your details ticket no 27725416,2026-09-10
playstore,5,,one of the best broker but charge so much,2026-09-10
playstore,5,,very good,2026-09-10
playstore,5,,good app,2026-09-10
playstore,3,,not responding customer care service I am waiting call in line 8mint 😡,2026-09-10
playstore,5,,amazing,2026-09-10
playstore,4,,It is good to use I have been using it for 2 years till now I didn't face any issue with this app.,2026-09-10
playstore,5,,all good,2026-09-10
playstore,1,,"This app may be useful for beginners who are just starting out and don’t know much about the process. However, if you are looking for good service, proper support, and a smooth overall experience, I would not recommend downloading this app. The service needs significant improvement, especially in terms of customer support and user experience.",2026-09-10
playstore,5,,good,2026-09-10
playstore,5,,nice,2026-09-10
playstore,5,,fantastic,2026-09-10
playstore,5,,"I'm using Groww App from 2022 and doing investments through Groww. Groww app is very easy to use and also there is no maintenance charges at all. And, the charges for buying and selling share are also very less. I would highly recommend Groww app for Beginners, Intermediate and Experts as well. Thanks a lot Groww for making my investments easy and quick",2026-09-10
playstore,5,,Good 👍,2026-09-10
playstore,5,,so costly,2026-09-10
playstore,3,,I am very surprised that how the GROWW has kept the number one active user with itself while it does not even wander around Zerodha.,2026-09-10
playstore,5,,this is best app,2026-09-10
playstore,5,,good,2026-09-10
playstore,5,,good,2026-09-10
playstore,5,,excellent,2026-09-10
playstore,5,,good,2026-09-10
playstore,5,,nice 👍,2026-09-10
playstore,3,,"i have been using the app, most of the configuration works in sunc however Alerts customized shoukd be eneabled , that can help to keep the alert for 3m , 6m or a year. currently its only available for a month and that creates lot of tracking",2026-09-10
playstore,5,,nice,2026-09-10
playstore,5,,Ismai sab kuch karna ige haj,2026-09-10
playstore,4,,show fastet growing share seperate,2026-09-10
playstore,5,,good,2026-09-10
playstore,5,,very good platform,2026-09-10
playstore,5,,"it's very simple to use , 👍",2026-09-10
playstore,4,,good,2026-09-10
playstore,1,,"complete manipulation, please correct the exit button and SL",2026-09-10
playstore,5,,Quick and efficient service when required. Great platform,2026-09-10
playstore,1,,फ्रॉड ट्रेडिंग है अभी भी वक्त है पैसा मत वेस्ट करो इन लोगो के चक्कर मे ये सब फ्रॉड है,2026-09-10
playstore,3,,scalper buttons the right side of chain button in chart interface is so irritating 😭,2026-09-10
playstore,1,,"after taking the click also ,trade wasn't executed and I got loss because of your terrible performance, also tried to connect Customer support but instead of understanding my concern they're reverting like AI , disgusting....",2026-09-10
playstore,4,,சூப்பர்,2026-09-10
playstore,5,,good,2026-09-10
playstore,5,,best application for investing.,2026-09-10
playstore,5,,good app 👌 👍,2026-09-10
playstore,2,,good,2026-09-10
playstore,5,,good,2026-09-10
playstore,5,,best trading app 👌👌,2026-09-10
playstore,5,,great and simple app 👍,2026-09-10
playstore,5,,good 😊,2026-09-10
playstore,5,,Good app.,2026-09-10
playstore,5,,Good,2026-09-10
playstore,5,,Excellent,2026-09-10
playstore,5,,verry nice,2026-09-10
playstore,5,,great,2026-09-10
playstore,5,,excellent,2026-09-10
playstore,5,,best,2026-09-10
playstore,1,,very bed sarvice poor sarver order not cancel soo bed sarvice customer care not responding any query don't trust this application avoid this application,2026-09-10
playstore,5,,need notice the stock s,2026-09-10
playstore,5,,good,2026-09-10
playstore,1,,bad service and app refresh time too hang every time my self 😞 one i saw my profit 1.3k up after few minutes then I it's zero oo but Everytime frees automatic update not working.,2026-09-10
playstore,4,,good,2026-09-10
playstore,5,,good 😊👍,2026-09-10
playstore,1,,vary bad technician issu,2026-09-10
playstore,5,,I love you groww,2026-09-10
playstore,5,,superstar 💪,2026-09-10
playstore,5,,👍,2026-09-10
playstore,1,,bhai jitna profit me tha usse jyada loss aa gaya ab to position close kar do ya bilkul hi zero karke chhodoge,2026-09-10
playstore,5,,very nice service,2026-09-10
playstore,5,,good,2026-09-10
playstore,5,,good,2026-09-10
playstore,1,,worst app for trading,2026-09-10
playstore,5,,good,2026-09-10
playstore,1,,stock is being stuck and due to the same is being losses to customer,2026-09-10
playstore,5,,good experience,2026-09-10
playstore,5,,all is good,2026-09-10
playstore,5,,good 👍,2026-09-10
playstore,4,,good,2026-09-10
playstore,1,,itne bade Wale chore frauds scamsters or thieves ho ap log k kya hi batau ..? tum log external charges k naam par... itni chori krte ho na k kya hi btau...??? mere chote se profit pe bhi 600₹ external tax k naam par kar liya tum logon ne... tabhi toh tum badi badi posts walo k bache tedhe medhe or handicapped ya apang paida hote h... jab shraap lete ho Brahmins ka tum log...🥺,2026-09-10
playstore,5,,good,2026-09-10
playstore,5,,nice app,2026-09-10
playstore,5,,Good,2026-09-10
playstore,5,,good,2026-09-10
playstore,5,,bahut achha,2026-09-10
playstore,5,,my app is AI option is not show,2026-09-10
playstore,5,,best app,2026-09-10
playstore,4,,"Pls Pls Pls make it possible to change the timeline in Sector Trending Today Page. Only 1 day change can be seen, make it 3/6 months and one year also, so that one can make decisions more accurately and timely. Consider this as urgent n necessary Switching Account is not happening, not even logging out @10/09/2026",2026-09-10
playstore,5,,Good Service,2026-09-10
playstore,5,,nice,2026-09-10
playstore,5,,Best,2026-09-10
playstore,1,,"worst customer support, no one responds properly. takes 1 hour to reply that they will look into the issue shortly and then provide some trash solution and immediately close the chat",2026-09-10
playstore,4,,"Feature Request: Add Application Number and IPO Name in UPI Mandate Descriptions When applying for IPOs, the incoming UPI mandate requests on banking/UPI apps (Google Pay, PhonePe, BHIM, Paytm) often show generic merchant names or lack clear descriptions. ​When applying for multiple IPOs or using multiple accounts, it becomes difficult to identify which mandate belongs to which application. 10/9/2026 are you take any action for my suggestions???",2026-09-10
playstore,5,,very Good Aap,2026-09-10
playstore,5,,very good,2026-09-10
playstore,5,,🙏🙏🙏🙏🙏,2026-09-10
playstore,1,,previously its a good app. after updates its showing so many errors,2026-09-10
playstore,4,,its excellent platform & very user friendly. complete solution in one app,2026-09-10
playstore,5,,👍,2026-09-10
playstore,5,,super groww,2026-09-10
playstore,4,,👍👍👍👌👌,2026-09-10
playstore,5,,good,2026-09-10
playstore,5,,"Groww jaisi dusari koi bhi trading app nahi hai. Ye app user friendly hai, kisi bhi stock ka technical analysis karane ke bad bahot dino tak vah layout save rahata hai. Easy to use hai. Beginners ke liye bahut hi useful hai.",2026-09-10
playstore,5,,Nice 👍🙂,2026-09-10
playstore,5,,best simple application for trading shares over any application.. I prefer only groww thank you for this simple UI,2026-09-10
playstore,5,,good,2026-09-10
playstore,5,,amezing emerging and always grow 🪴,2026-09-10
playstore,5,,thank you Groww for supporting struggling traders like us... we have a low capital now a days but one day we must make crores with your technical support.. thanks a lot 🙏❤️,2026-09-10
playstore,5,,Very Good,2026-09-10
playstore,5,,best option on Trade,2026-09-10
playstore,1,,this app is so bad it is showing my account is on KYC hold but I already did buy and sell. It says it will be fixed after 2 days but now it has not fixed yet,2026-09-10
playstore,5,,It's my first experience investing via Groww and expect better opportunities in the future. Let's see what the future holds!,2026-09-10
playstore,5,,very good 👍👍👍👍👍👍👍,2026-09-10
playstore,5,,Thank You Very Much,2026-09-10
playstore,5,,user friendly App.,2026-09-10
playstore,5,,excellent platform 💯,2026-09-10
playstore,5,,nice,2026-09-10
playstore,5,,good ya and supr,2026-09-10
playstore,5,,good,2026-09-10
playstore,1,,Back button hiding issu on charts Dont hide back button,2026-09-10
playstore,5,,A+ interface. I am very satisfied.,2026-09-10
playstore,5,,Impressed,2026-09-10
playstore,5,,chart hanging fix it otherwise I will uninstall this app,2026-09-10
playstore,5,,"Groww is a very good and user-friendly app for investing and trading. The interface is simple, easy to understand, and smooth to use. It is especially helpful for beginners. Overall, I am very happy with the Groww app and would recommend it to others.",2026-09-10
playstore,5,,nice,2026-09-10
playstore,5,,Exilent,2026-09-10
playstore,5,,this is good 😊,2026-09-10
playstore,4,,this app is very best broker in the world,2026-09-10
playstore,5,,best aap,2026-09-10
playstore,5,,nice,2026-09-10
playstore,5,,good,2026-09-10
playstore,5,,it's soo comfortable,2026-09-10
playstore,5,,"very good,nice 👍",2026-09-10
playstore,5,,good,2026-09-10
playstore,5,,thankyou groww,2026-09-10
playstore,5,,just. wowwww,2026-09-10
playstore,5,,good 👍 5,2026-09-10
playstore,5,,best,2026-09-10
playstore,5,,nice,2026-09-10
playstore,5,,very good,2026-09-10
playstore,5,,very good 👍,2026-09-10
playstore,1,,higher charges,2026-09-10
playstore,5,,good,2026-09-10
playstore,5,,nice,2026-09-10
playstore,1,,waste app not good zerodha is best one,2026-09-10
playstore,5,,easy and simple app,2026-09-10
playstore,5,,nice 👍,2026-09-10
playstore,4,,नाइस,2026-09-10
playstore,5,,👍,2026-09-10
playstore,5,,best app,2026-09-10
playstore,5,,this app good working. and and personal easy. all option available for investments,2026-09-10
playstore,3,,Please add a Fund Size option to show whether the fund size is going up or down over time. A simple chart would be very helpful. 👍,2026-09-10
playstore,5,,good,2026-09-10
playstore,5,,good 👍,2026-09-10
playstore,5,,it's a very good platform for investment.,2026-09-10
playstore,5,,good app for groww aap,2026-09-10
playstore,5,,good 👍 TNX groww app,2026-09-10
playstore,5,,good,2026-09-10
playstore,5,,good,2026-09-10
playstore,5,,nice,2026-09-10
playstore,4,,good interface,2026-09-10
playstore,5,,super,2026-09-10
playstore,1,,don't show this chutiya app on YouTube. fed up with your faltu addds,2026-09-10
playstore,5,,good,2026-09-10
playstore,5,,Good app for Trading 👌👌,2026-09-10
playstore,5,,good,2026-09-10
playstore,5,,very nice service,2026-09-10
playstore,5,,this is a nice 👍😊,2026-09-09
playstore,1,,People invest and deal with charts in the stock market and the weakest thing in this app is charts don't show and mean what charts must be doing.,2026-09-09
playstore,5,,good,2026-09-09
playstore,5,,very very good 👍,2026-09-09
playstore,4,,Good,2026-09-09
playstore,5,,nice,2026-09-09
playstore,5,,best,2026-09-09
playstore,5,,thank you for sending me this nice gift.,2026-09-09
playstore,5,,excellent 👍👌,2026-09-09
playstore,5,,wonderful 👍,2026-09-09
playstore,5,,best 👌,2026-09-09
playstore,5,,good 👍,2026-09-09
playstore,4,,Very Good App 👍,2026-09-09
playstore,5,,good,2026-09-09
playstore,5,,Jay shree krishna,2026-09-09
playstore,5,,A very good and smooth app. The new features added and Ui improvements have made life easier. Good going. 👍,2026-09-09
playstore,5,,nice app,2026-09-09
playstore,5,,nich,2026-09-09
playstore,5,,Thank for you 😊,2026-09-09
playstore,5,,nice app,2026-09-09
playstore,5,,"It's a really good app ,but bruh pls fix the ai it's dumb asf",2026-09-09
playstore,5,,supar,2026-09-09
playstore,5,,good feeling,2026-09-09
playstore,4,,"Needs to work on more filters and UI list to help investors to pick the right stock of their interest like other apps. For muslim to find Sharia Compliant stock , similar to a Jain they need Satvik filter or if we need to pick some stock which have 1.Low Debt to Asset , 2.High Profit margin stock 3.Latest trending AI, Semiconductor, Energy for Data center * Can we Add Debt to Asset for Manufacturing/Infra Company * Debt to 12 Month Avg Market Valuation ratio for Service based companies.",2026-09-09
playstore,5,,wow super application,2026-09-09
playstore,5,,good,2026-09-09
playstore,5,,thank you very,2026-09-09
playstore,4,,good,2026-09-09
playstore,5,,good 👍😊,2026-09-09
playstore,5,,very nice app. thank you,2026-09-09
playstore,5,,excellent 👍,2026-09-09
playstore,5,,"this is good to buy stocks ,but some problems are there more brokerage charges are getting.",2026-09-09
playstore,5,,best,2026-09-09
playstore,5,,It has been half a decade with groww started an investing journey from 2020 a great experience with no technical glitches or any other bad experience I have faced till now I liked the App easy users interface and other features over all 10/10,2026-09-09
playstore,5,,Nice work,2026-09-09
playstore,5,,amazing experience,2026-09-09
playstore,5,,best trading app,2026-09-09
playstore,5,,easy to use and trusted,2026-09-09
playstore,5,,good app 👍,2026-09-09
playstore,5,,nice performance,2026-09-09
playstore,5,,good,2026-09-09
playstore,5,,fantastic app,2026-09-09
playstore,5,,best app,2026-09-09
playstore,3,,average,2026-09-09
playstore,4,,good,2026-09-09
playstore,2,,Groww has very poor customer support and always busy customer staff they don't listen so it is better to change your broker I just mailed them today to send me exit formalities I was a member from 4 years and tested it all way,2026-09-09
playstore,5,,ee ee 2 22w2,2026-09-09
playstore,1,,very bad,2026-09-09
playstore,5,,very nice 👍,2026-09-09
playstore,5,,"Good, but withdrawal money from the app should be faster",2026-09-09
playstore,5,,excellent customer service,2026-09-09
playstore,5,,good 👍,2026-09-09
playstore,5,,good,2026-09-09
playstore,1,,incorrect information on stock price history,2026-09-09
playstore,5,,wonderful grow app for the share market,2026-09-09
playstore,5,,excellent 👌,2026-09-09
playstore,5,,Nice 👍,2026-09-09
playstore,5,,best,2026-09-09
playstore,5,,good 😊,2026-09-09
playstore,5,,ok,2026-09-09
playstore,1,,"I am using since a long but now it's not working properly, it's like as buffering, so I wants to switch another aplication",2026-09-09
playstore,1,,Update you language ASK GR1 for hindi language as well it understand only English 😡,2026-09-09
playstore,5,,good,2026-09-09
playstore,5,,very informative and very easy to use.,2026-09-09
playstore,5,,nice,2026-09-09
playstore,5,,good 👍,2026-09-09
playstore,5,,very good app for trading all types but one issue global market missing,2026-09-09
playstore,5,,good initial traders..Very simple and unique dashboards,2026-09-09
playstore,5,,nice 👍,2026-09-09
playstore,5,,good,2026-09-09
playstore,5,,super,2026-09-09
playstore,5,,good 👍,2026-09-09
playstore,5,,good,2026-09-09
playstore,5,,journey starts here 🙌,2026-09-09
playstore,5,,good,2026-09-09
playstore,5,,good 👍,2026-09-09
playstore,5,,👍,2026-09-09
playstore,5,,good app,2026-09-09
playstore,1,,slow,2026-09-09
playstore,5,,Good platform for trading,2026-09-09
playstore,5,,good 👍👍👍,2026-09-09
playstore,5,,good work,2026-09-09
playstore,1,,Worst application for trading,2026-09-09
playstore,1,,"worst app, i can't even reactive my account after 1 year of investing, now i can't invest more",2026-09-09
playstore,5,,excellent,2026-09-09
playstore,4,,best,2026-09-09
playstore,5,,good,2026-09-09
playstore,5,,गजब,2026-09-09
playstore,5,,"on the special aap for trading investment and mutual funds, SIP and more plan",2026-09-09
playstore,5,,good,2026-09-09
playstore,5,,good,2026-09-09
playstore,5,,good,2026-09-09
playstore,5,,easy interface and instantly withdrawal,2026-09-09
playstore,5,,trust apk,2026-09-09
playstore,5,,very good,2026-09-09
playstore,5,,good quality experience,2026-09-09
playstore,5,,thank you,2026-09-09
playstore,5,,good,2026-09-09
playstore,1,,Very bad support either it is chat or call. They say wait time is 3 minutes. However no agent for long 20 minutes.,2026-09-09
playstore,5,,Good,2026-09-09
playstore,5,,amazing 😍,2026-09-09
playstore,4,,"I've been using this app for two years. Everything's working fine, but its processing speed is very slow and needs some adjustments. Whenever I want to redeem money, it takes five days for the money to be credited. Change this a bit, Groove! Only then can you increase your customer base. Reduce the redemption time from five days to two days.",2026-09-09
playstore,5,,ok,2026-09-09
playstore,4,,👍,2026-09-09
playstore,5,,to good,2026-09-09
playstore,5,,best,2026-09-09
playstore,5,,good,2026-09-09
playstore,5,,super,2026-09-09
playstore,5,,good,2026-09-09
playstore,5,,good,2026-09-09
playstore,1,,💔,2026-09-09
playstore,1,,The UI is user friendly but the functioning of the app is very poor it gets lagged when important trades are taken..........worst app to trade in or invest in.,2026-09-09
playstore,5,,no interest on pledge,2026-09-09
playstore,5,,gret,2026-09-09
playstore,5,,good 👍,2026-09-09
playstore,3,,okk,2026-09-09
playstore,5,,"very user friendly app, easy interface",2026-09-09
playstore,5,,best,2026-09-09
playstore,5,,excellent this is the best Dmat compare to other Dmat account's,2026-09-09
playstore,5,,😁,2026-09-09
playstore,5,,NFPINtyh,2026-09-09
playstore,5,,👋🫵,2026-09-09
playstore,5,,nice app,2026-09-09
playstore,1,,no customer support and the charge are much more then they mention,2026-09-09
playstore,5,,good,2026-09-09
playstore,5,,it's grow gift,2026-09-09
playstore,5,,good,2026-09-09
playstore,5,,good,2026-09-09
playstore,5,,gud,2026-09-09
playstore,1,,my indicator was reset. 3rd time this happened.,2026-09-09
playstore,5,,best,2026-09-09
playstore,5,,Good easy to understand,2026-09-09
playstore,5,,Good,2026-09-09
playstore,5,,good,2026-09-09
playstore,5,,good,2026-09-09
playstore,4,,tnxxx past time groww thnxxx,2026-09-09
playstore,5,,exilent,2026-09-09
playstore,1,,pracharya se dekha ka luto,2026-09-09
playstore,5,,Growwwwwwwwwwww ❤️x10⁹⁹⁹⁹⁹⁹⁹⁹⁹⁹,2026-09-09
playstore,5,,fentastic over all review is 5 star ⭐ rating,2026-09-09
playstore,5,,ok 👌,2026-09-09
playstore,3,,Newly implemented AI is not working as I'm not able to apply. then what's the use of apply button,2026-09-09
playstore,3,,this scalper option placement is not proper,2026-09-09
playstore,5,,best app,2026-09-09
playstore,1,,brokerage charge very high,2026-09-09
playstore,3,,"it's good overall, but I'm still waiting for the GMP option.",2026-09-09
playstore,5,,good,2026-09-09
playstore,5,,super,2026-09-09
playstore,1,,worst experience zero knowledge for costumer service team they don't even respond your stocks will get missed and loss becomes higher and higher when you get profit will have heavy deduction and the amount will miss directly if you ask in costumer care they don't even respond properly plz don't even install this address totally scam. plz be far from apps like this. thankyou.,2026-09-09
playstore,5,,tis an amazing skill and this skill naver male me bored,2026-09-09
playstore,5,,"One of the best trading applications I have ever used , customer friendly",2026-09-09
playstore,5,,very good app. fast and smooth,2026-09-09
playstore,5,,very nice 🤠,2026-09-09
playstore,5,,best,2026-09-09
playstore,5,,very easy to use,2026-09-09
playstore,5,,best' ♥️,2026-09-09
playstore,1,,"Lately I did three day trades with quantities varying from 1 to 5 and the brokerage that Groww charges is 10 to 12 rs on profits of 14 to 16 rs. I remember having a 14 rs gain of which I was only left with a net gain of 1 rs after brokerage, taxes and other charges. Definitely won't recommend when brokerage charges are so high.",2026-09-09
playstore,1,,delete my account profile,2026-09-09
playstore,5,,good,2026-09-09
playstore,5,,sonu Chaudhary,2026-09-09
playstore,5,,best app,2026-09-09
playstore,5,,very good and easy surfing,2026-09-09
playstore,5,,super working,2026-09-09
playstore,5,,good👍,2026-09-09
playstore,5,,dubu,2026-09-09
playstore,5,,good,2026-09-09
playstore,5,,good,2026-09-09
playstore,5,,very good,2026-09-09
playstore,5,,good,2026-09-09
playstore,5,,great 😃,2026-09-09
playstore,5,,યો ❤️! સં,2026-09-09
playstore,3,,"Cumulative investing is not easy to track when investors have multiple financial goals. It would be great if the app introduced goal-wise trackers with sub-divisions for goals like retirement, education, wealth creation, etc. This would make portfolio tracking much easier and more convenient. Hope you consider this in the next update!",2026-09-09
playstore,5,,excellent,2026-09-08
playstore,5,,super,2026-09-08
playstore,5,,good,2026-09-08
playstore,5,,Good app,2026-09-08
playstore,3,,good application for stocks market,2026-09-08
playstore,5,,trusted app,2026-09-08
playstore,5,,good,2026-09-08
playstore,5,,good,2026-09-08
playstore,5,,og☠️,2026-09-08
playstore,5,,very nice 👌,2026-09-08
playstore,5,,good,2026-09-08
playstore,5,,good,2026-09-08
playstore,5,,good,2026-09-08
playstore,5,,super,2026-09-08
playstore,4,,good,2026-09-08
playstore,5,,very easy,2026-09-08
playstore,5,,best app in share market,2026-09-08
playstore,5,,best,2026-09-08
playstore,5,,very good,2026-09-08
playstore,4,,nice,2026-09-08
playstore,5,,like it,2026-09-08
playstore,4,,nice aap,2026-09-08
playstore,1,,"In My Life the Biggest Mistake took place 2 years ago and till now because of that, I lost several lakhs to recover that loss and it's all because of groww app was not connecting to the server. In the last two years what I lost is not money, I lost my mom's hope and dreams, she never lost belief in me. But she cried for the first time in my life, not because of money, because I lied her to not hurt. I guarantee you, I will not leave you, this much easily. U will lose bigger than that",2026-09-08
playstore,3,,it's very easy to use the app even for beginners but it doesn't have trailing stoploss for equity delivery trades and charges for 20 rs for every sell order. It will be great if the concerns are sorted,2026-09-08
playstore,4,,very good,2026-09-08
playstore,5,,bahut hi dhatiya app hai remDerm 110000 bar rejected kar chuka hai,2026-09-08
playstore,1,,Worst & Misleading App Ever,2026-09-08
playstore,4,,ok,2026-09-08
playstore,1,,very ghatiya,2026-09-08
playstore,5,,ok,2026-09-08
playstore,5,,very very good good,2026-09-08
playstore,5,,very Good,2026-09-08
playstore,5,,very good 👍,2026-09-08
playstore,5,,some features are missing,2026-09-08
playstore,1,,this app not stop loss working and high profit time exist button not working please don't use this app very very worst app dont installed,2026-09-08
playstore,5,,all the best 👍,2026-09-08
playstore,5,,so nice app,2026-09-08
playstore,5,,good,2026-09-08
playstore,5,,"just one thing , greatest",2026-09-08
playstore,5,,simple and easy platform every support customer service,2026-09-08
playstore,5,,exiled,2026-09-08
playstore,3,,good 👍,2026-09-08
playstore,5,,good 👍😊,2026-09-08
playstore,5,,good,2026-09-08
playstore,5,,best groww,2026-09-08
playstore,5,,🧬🧬🧬,2026-09-08
playstore,5,,wandrfull,2026-09-08
playstore,5,,good work 👏,2026-09-08
playstore,1,,"very bad experience in selling stocks,i cnt sell the stocks , no response from the coustomer service.",2026-09-08
playstore,5,,good,2026-09-08
playstore,5,,gud,2026-09-08
playstore,5,,Good 👍,2026-09-08
playstore,4,,amezing,2026-09-08
playstore,5,,awesome,2026-09-08
playstore,1,,money withdraw issue,2026-09-08
playstore,5,,super,2026-09-08
playstore,5,,good 👍,2026-09-08
playstore,1,,Wrost application for trading,2026-09-08
playstore,5,,good 👍,2026-09-08
playstore,5,,Good,2026-09-08
playstore,5,,nice,2026-09-08
playstore,5,,very good,2026-09-08
playstore,5,,👍 nice app,2026-09-08
playstore,5,,👍,2026-09-08
playstore,1,,Very worst experience. No support from the customer service. I have sent mail also no reply. I thought of saving in MF's. By this experience I will not invest any. worst app..already mailed no use,2026-09-08
playstore,5,,👍👍,2026-09-08
playstore,5,,good,2026-09-08
playstore,5,,amazing 😍,2026-09-08
playstore,5,,very nice work,2026-09-08
playstore,4,,"Easy to Use, user-friendly",2026-09-08
playstore,2,,bas,2026-09-08
playstore,3,,evarej,2026-09-08
playstore,5,,good service,2026-09-08
playstore,5,,very easy understand,2026-09-08
playstore,5,,very good,2026-09-08
playstore,5,,for reality,2026-09-08
playstore,3,,Great,2026-09-08
playstore,5,,excellent work all time in app,2026-09-08
playstore,5,,awesome,2026-09-08
playstore,4,,ok,2026-09-08
playstore,5,,good 👍,2026-09-08
playstore,5,,Stocks Mutual Fund Best Services This App Groww,2026-09-08
playstore,5,,very convenient and Good,2026-09-08
playstore,3,,good,2026-09-08
playstore,5,,good 👍,2026-09-08
playstore,5,,good 👌🏻,2026-09-08
playstore,5,,super app,2026-09-08
playstore,5,,easy interface. clarity and proactive updates,2026-09-08
playstore,5,,Very simple and beginner-friendly interface.,2026-09-08
playstore,5,,very good 👍,2026-09-08
playstore,5,,nice,2026-09-08
playstore,5,,good,2026-09-08
playstore,4,,super,2026-09-08
playstore,5,,good,2026-09-08
playstore,5,,Best,2026-09-08
playstore,1,,very slow and lagging apps,2026-09-08
playstore,1,,"All Indian brothers and sisters please be aware that Groww is a big fraud company. They are tied up with some bogus companies and recommending their shares to us. I purchased shares from three different companies as per their recommendations and I lost Rs. 10 lacs due to their fraudulent practices. How can they recommend us to buy some new, unrecognised, and bogus companies who are there to steal our money by internal share price movements. Please stay away from this biggest fraud company.",2026-09-08
playstore,4,,good,2026-09-08
playstore,5,,good one,2026-09-08
playstore,5,,Best,2026-09-08
playstore,4,,trusted app,2026-09-08
playstore,5,,so nice 🇮🇳,2026-09-08
playstore,5,,verry good,2026-09-08
playstore,1,,"worst , only grow will grow not ur money",2026-09-08
playstore,4,,only Grow App Use,2026-09-08
playstore,5,,very nice 👍👍,2026-09-08
playstore,5,,good,2026-09-08
playstore,5,,good,2026-09-08
playstore,5,,best for trading 👌,2026-09-08
playstore,5,,good 👍,2026-09-08
playstore,5,,good,2026-09-08
playstore,5,,very good this app,2026-09-08
playstore,1,,supar,2026-09-08
playstore,5,,Good app fast working,2026-09-08
playstore,5,,best 👌 trust,2026-09-08
playstore,5,,very good 😊,2026-09-08
playstore,5,,Yesterday started,2026-09-08
playstore,1,,Groww is a fraudulent company. It only exploits its customers and takes their money in the name of rules and regulations.,2026-09-08
playstore,4,,good,2026-09-08
playstore,5,,very nice and helpful 👍,2026-09-08
playstore,5,,good,2026-09-08
playstore,5,,good,2026-09-08
playstore,5,,Good services all over,2026-09-08
playstore,5,,👍,2026-09-08
playstore,5,,good investment,2026-09-08
playstore,5,,best investment app,2026-09-08
playstore,5,,good,2026-09-08
playstore,5,,kam cut kro text,2026-09-08
playstore,5,,EXCELLENT SERVICE INFORMATION 💚💝🎉🎉🥇,2026-09-08
playstore,2,,thanks groww app,2026-09-08
playstore,5,,everything is well and good,2026-09-08
playstore,5,,👍😊 good,2026-09-08
playstore,1,,Unable to log in for the last few days. It keeps showing: “Your journey reset is in progress. Try again.” Please fix this issue.,2026-09-08
playstore,5,,Superb,2026-09-08
playstore,5,,good,2026-09-08
playstore,1,,chart didn't update and opening chart problem,2026-09-08
playstore,5,,very fast and clear out put app it,2026-09-07
playstore,5,,very Good 👍,2026-09-07
playstore,4,,GOOD 👍🏿,2026-09-07
playstore,1,,"I am concerned about the high brokerage charges for F&O trading on Groww. The brokerage cost becomes quite significant, especially for frequent option traders and small-volume trades. Please review your F&O brokerage charges and consider reducing them or introducing a zero/low-brokerage plan for F&O traders. Competitive brokerage charges would make Groww much more attractive for active traders. Kindly consider this feedback and let me know if there are any lower-brokerage plans currently avail",2026-09-07
playstore,5,,Don't Install,2026-09-07
playstore,5,,right way,2026-09-07
playstore,5,,nice one,2026-09-07
playstore,5,,good,2026-09-07
playstore,3,,gold,2026-09-07
playstore,5,,very good,2026-09-07
playstore,1,,"Indians usually use initials in aadhar & full name in pan..aadhar and pan linked successfully with IT dept, then what is the problem with your server says name mismatch in aadhar and pan. so, i opened account in Angel one through online which was hassle free..I also have in IIFL & kite. update your server to accept the minor variation in initials & expansions in names. However, i cant update aadhar anymore its a time waste process as it will cause lot of problems which linked to other accounts.",2026-09-07
playstore,5,,great,2026-09-07
playstore,5,,very good app,2026-09-07
playstore,5,,good,2026-09-07
playstore,5,,good 👍,2026-09-07
playstore,5,,💯,2026-09-07
playstore,5,,this is a good app i like is app,2026-09-07
playstore,5,,"plz provide a separate news tab for all news. inside News do separate stock news, global news, national News etc.",2026-09-07
playstore,5,,👍 good,2026-09-07
playstore,4,,super service,2026-09-07
playstore,5,,veri veri good 👍👍,2026-09-07
playstore,5,,easy to use,2026-09-07
playstore,5,,good 👍👍,2026-09-07
playstore,5,,nice,2026-09-07
playstore,4,,very nice,2026-09-07
playstore,2,,bad,2026-09-07
playstore,5,,ಸೂಪರ್,2026-09-07
playstore,4,,very good,2026-09-07
playstore,5,,good,2026-09-07
playstore,5,,good,2026-09-07
playstore,4,,site not so fast,2026-09-07
playstore,5,,good 👍😊,2026-09-07
playstore,5,,good,2026-09-07
playstore,5,,👍,2026-09-07
playstore,5,,good,2026-09-07
playstore,5,,awesome but brokerage j yada h,2026-09-07
playstore,5,,nice,2026-09-07
playstore,2,,"loss due to miss click, please place the buy at market price / sell at market price button somewhere else instead of just below the name of stock/share.. many time when someone want to click on name of stock, they click the buy sell button",2026-09-07
playstore,5,,good,2026-09-07
playstore,5,,super Ho lekin dubaon mein bhi super hun,2026-09-07
playstore,1,,"All profile enjoying GROWW it self, Dot use this app as never suggested. We investing to earn but they have very heavy charges, so please use othe budget Freindly platform. I don't know and really surprised how the Rating is so high even though other platforms providing best services at reasonable rate",2026-09-07
playstore,5,,good,2026-09-07
playstore,5,,pls change for upi please change for the upi method it's very trouble for me why for the changing a wallet recharge method for internet banking,2026-09-07
playstore,5,,bhut accha h aap isme groww krta h,2026-09-07
playstore,4,,graow credit 👌,2026-09-07
playstore,1,,"I am extremely dissatisfied with my experience with Groww. Personally, I would not recommend this app to anyone for investing their hard-earned money. I have faced repeated issues while using Groww, whether related to stocks, payments, money, or other services. My overall experience has been extremely frustrating and disappointing. I have personally had such a bad experience with this app that I no longer feel comfortable keeping my money here. Based on my own experience, I would strong",2026-09-07
playstore,1,,total loss,2026-09-07
playstore,3,,ok,2026-09-07
playstore,5,,very good 👍,2026-09-07
playstore,3,,It was very good once but currently it is completely corrupt in the name of loans.,2026-09-07
playstore,4,,simple UI and quick accessible functions,2026-09-07
playstore,3,,very good,2026-09-07
playstore,5,,very good good 👍👏,2026-09-07
playstore,4,,very good so beautiful,2026-09-07
playstore,5,,good,2026-09-07
playstore,1,,application हैंग होगयी 3.25pm par,2026-09-07
playstore,5,,nich,2026-09-07
playstore,5,,very nice ap for Indian stocks,2026-09-07
playstore,5,,very good app,2026-09-07
playstore,1,,not working properly today,2026-09-07
playstore,5,,ok 👌,2026-09-07
playstore,4,,ca 🎊🎊🎊srcv cv. v,2026-09-07
playstore,3,,nice,2026-09-07
playstore,5,,Smooth Interface For Beginners Best Choice 🔥👍,2026-09-07
playstore,5,,osm,2026-09-07
playstore,5,,🥰♥️,2026-09-07
playstore,1,,I am giving half star actually for let updates of chart and shares prices. and too much charges are in option trading. brokerage is ok but external charges without any use and saying GST and bla bla .....wrost experience in grow and thats why grow loosing customers.... and remove that third class scalper mode which is near chain options.,2026-09-07
playstore,5,,best trading in grow experience,2026-09-07
playstore,5,,it's nice ☺️☺️,2026-09-07
playstore,1,,Lots of glitches are there now-a-days kindly remove that scalper mode button from the left bottom corner,2026-09-07
playstore,5,,good,2026-09-07
playstore,5,,excellent,2026-09-07
playstore,5,,I'm trust Groww,2026-09-07
playstore,5,,5 year experience in grow,2026-09-07
playstore,1,,"why you guys remove the back button, when we entered the candle stick screen",2026-09-07
playstore,5,,nice,2026-09-07
playstore,3,,good,2026-09-07
playstore,5,,good,2026-09-07
playstore,5,,best,2026-09-07
playstore,5,,Good and satisfied.,2026-09-07
playstore,3,,"Groww app user-experience ke maamle me bahut accha hai, lekin isme abhi tak SLBM (Stock Lending and Borrowing Mechanism) ki facility nahi hai. Long-term investors ke liye apne stocks par extra income earn karne ke liye SLBM ek bahut zaroori feature hai. Zerodha aur baaki doosre bade brokers ye service kaafi samay se de rahe hain.Groww team se request hai ki is feature ko jald se jald add karein.",2026-09-07
playstore,4,,brokerage fees is high but easy to use BTW app is good.,2026-09-07
playstore,5,,ultra pro max,2026-09-07
playstore,5,,very nice GROWW APP,2026-09-07
playstore,5,,superb,2026-09-07
playstore,3,,good 😊,2026-09-07
playstore,1,,navigation buttons issue. bring back navigation buttons in chart view it's very annoying to go back while on chart or atleast give settings for auto hide navigation buttons or disable it while on chart Please fix the issue of back button,2026-09-07
playstore,5,,good,2026-09-07
playstore,4,,nice,2026-09-07
playstore,5,,good,2026-09-07
playstore,5,,nice,2026-09-07
playstore,5,,super 😍,2026-09-07
playstore,5,,it was good trading app.,2026-09-07
playstore,5,,best,2026-09-07
playstore,5,,mmmmmmm Ho,2026-09-07
playstore,1,,Very worst experience. I am making calls multiple times to the Customer Support Services of Groww. but they are not responding. I am unable to link my PAN. That's why I am making calls to get the solution and guidance but no response from the team of customer support services of Groww.,2026-09-07
playstore,5,,boos valo,2026-09-07
playstore,5,,good 👍 .,2026-09-07
playstore,5,,good,2026-09-07
playstore,1,,grow app bahut ghatiya app plz koi na use kare grow app,2026-09-07
playstore,5,,good,2026-09-07
playstore,5,,nice,2026-09-07
playstore,5,,very good for beginners,2026-09-07
playstore,3,,okay so after using it for 3 years it's best app for trading and smooth ui but sometimes it lags or just keeps buffering when markets are at high volatility so it should be improved and now I'm changing my rating because there IPO and f&O pages keep stucking and showing wrong information.,2026-09-07
playstore,2,,intrest is lo,2026-09-07
playstore,5,,good 👍🏻,2026-09-07
playstore,5,,groww app is good,2026-09-07
playstore,3,,😜👌😂😂😭💯y💯ok p,2026-09-07
playstore,5,,good,2026-09-07
playstore,5,,good 👍,2026-09-07
playstore,2,,ok,2026-09-07
playstore,5,,good opportunity,2026-09-07
playstore,5,,thank you,2026-09-07
playstore,5,,good platform,2026-09-07
playstore,1,,very bad experience they have many hidden charges opening and closing is taking too much money as margin..... very bad app👎 other trading platform offers much better charges .. stop taking too much money💸 unnecessarily... try to improve,2026-09-07
playstore,1,,thank,2026-09-07
playstore,5,,nice 👍,2026-09-07
playstore,5,,so good,2026-09-07
playstore,5,,only drawback of this app is that it does not give to keep two different chart in one screen it should provide this service,2026-09-07
playstore,5,,good 👍,2026-09-07
playstore,5,,good software,2026-09-07
playstore,5,,Execellent App,2026-09-07
playstore,1,,customer support is very bad . Human agents are not replying in chat and there is a very large time of waiting to connect to human on call and there is no option of call back,2026-09-07
playstore,5,,smooth,2026-09-07
playstore,5,,osm,2026-09-07
playstore,5,,This platform is good for those who want to make a little profit and never be greedy.,2026-09-07
playstore,5,,thank you,2026-09-07
playstore,5,,good,2026-09-07
playstore,5,,great 👍,2026-09-07
playstore,5,,good,2026-09-07
playstore,5,,good 👍,2026-09-07
playstore,5,,good 💯,2026-09-07
playstore,5,,"The app works fine, but I haven't invested in it yet. Investing in Futures and Options seems like the right move for me, though I plan to do so later; right now, I lack both the full knowledge and the budget.",2026-09-07
playstore,5,,good app,2026-09-07
playstore,5,,best experience in india,2026-09-07
playstore,5,,very good 👍,2026-09-07
playstore,5,,👍👍👍❤️,2026-09-07
playstore,4,,good platform for investment,2026-09-07
playstore,5,,Groww is the best,2026-09-07
playstore,5,,❤️,2026-09-07
playstore,5,,good,2026-09-07
playstore,5,,good,2026-09-07
playstore,5,,very helpful for easy analysis and stock exchange,2026-09-07
playstore,5,,very very good for invest and withdraw system easy,2026-09-07
playstore,1,,v.good,2026-09-07
playstore,5,,nice,2026-09-07
playstore,5,,I Think Good,2026-09-07
playstore,5,,good,2026-09-07
playstore,5,,awsome feature,2026-09-07
playstore,5,,superb experience,2026-09-07
playstore,5,,very good 👍👍😊😊,2026-09-07
playstore,5,,good morning,2026-09-07
playstore,5,,good,2026-09-07
playstore,5,,good,2026-09-07
playstore,1,,bakwas app data bech deti h bade crocodiles ko or jb b profit ki baat aati h to satellite image dikha kr bolte h ki aapke network ka issue hai or bahut baar profit me ja rha stock khud se sell kr dete hai,2026-09-07
playstore,5,,very good platform,2026-09-07
playstore,2,,app thik hai lekin brockrage charge bahut leta hai pura fayda yahi le jata hai chhote traders ke liye sahi nahi hai,2026-09-07
playstore,5,,Awesome ✌️,2026-09-07
playstore,5,,good 😊,2026-09-07
playstore,5,,good app,2026-09-07
playstore,5,,👍🤞,2026-09-07
playstore,5,,excellent work,2026-09-07
playstore,5,,best app,2026-09-07
playstore,1,,good,2026-09-07
playstore,5,,nice app,2026-09-07
playstore,5,,Good,2026-09-06
playstore,5,,thanks grow,2026-09-06
playstore,5,,which different groww and sahi app?,2026-09-06
playstore,5,,nice,2026-09-06
playstore,5,,good,2026-09-06
playstore,1,,nice broker,2026-09-06
playstore,5,,good,2026-09-06
playstore,5,,iska stock market bahut der Se open hota hai der se sabse stock market Ho open hota hai to mere ko kafi matlab bakwas lagi Hai to matlab ki achcha application lekin stock market ko jaldi launch karna jaruri hai ki 4:00 Tak 5:30 Tak aise karne se kyunki yah log help uska kam bagara bhi ho sakte isliye main recommend karunga ki 4:30 Tak 5:30 Karen jo ki market ko jyadatar fast mein le ja sakte hain itna deri karenge to market thoda gir sakta hai aur to aur Market ke liye thoda bhav nahin badhega o,2026-09-06
playstore,4,,This is so simple app for investment. please add only benchmark comparison on MF.,2026-09-06
playstore,4,,good,2026-09-06
playstore,5,,superb,2026-09-06
playstore,5,,Super Platform for trading and And Investing Life,2026-09-06
playstore,5,,good and easy,2026-09-06
playstore,4,,nice app,2026-09-06
playstore,5,,zulkarnain badshah good 👍,2026-09-06
playstore,5,,good,2026-09-06
playstore,5,,nice,2026-09-06
playstore,5,,good,2026-09-06
playstore,5,,easy to use,2026-09-06
playstore,5,,good,2026-09-06
playstore,5,,super app,2026-09-06
playstore,5,,Best service,2026-09-06
playstore,5,,good,2026-09-06
playstore,5,,good 👍🏻😊,2026-09-06
playstore,5,,good 👍,2026-09-06
playstore,1,,good,2026-09-06
playstore,5,,No amount of praise is enough for Groww. good good,2026-09-06
playstore,5,,good,2026-09-06
playstore,5,,News update and technicals of moving averages indicators are helping to understand about stock.,2026-09-06
playstore,5,,very good,2026-09-06
playstore,5,,best app,2026-09-06
playstore,5,,good 👍👍,2026-09-06
playstore,5,,good 👍,2026-09-06
playstore,5,,nice,2026-09-06
playstore,5,,good,2026-09-06
playstore,5,,best app,2026-09-06
playstore,1,,"this app is my SL orders automatically averaged, not to good, Coustemer support very bad",2026-09-06
playstore,5,,nice,2026-09-06
playstore,5,,nice,2026-09-06
playstore,5,,veri nice investing app,2026-09-06
playstore,5,,good,2026-09-06
playstore,1,,TRG Lagane ke bad bhi Kuch 5% less point sales ho ja rahe... jabki Target hit ho raha aur miner point pe loss kr rahe customer ka,2026-09-06
playstore,4,,Good,2026-09-06
playstore,5,,excellent,2026-09-06
playstore,5,,nice,2026-09-06
playstore,5,,mind blowing app.,2026-09-06
playstore,5,,best app in investment purpose,2026-09-06
playstore,3,,ok done,2026-09-06
playstore,5,,sabse acha app hai,2026-09-06
playstore,5,,Best,2026-09-06
playstore,5,,I like grow app,2026-09-06
playstore,5,,ok,2026-09-06
playstore,5,,jordar,2026-09-06
playstore,5,,very good,2026-09-06
playstore,4,,Good,2026-09-06
playstore,5,,good,2026-09-06
playstore,5,,best,2026-09-06
playstore,5,,best,2026-09-06
playstore,5,,excellent performance,2026-09-06
playstore,5,,good,2026-09-06
playstore,4,,👍,2026-09-06
playstore,5,,good,2026-09-06
playstore,5,,the best for application for the following year old this gold is the best for application for the following year old,2026-09-06
playstore,5,,good,2026-09-06
playstore,5,,bahut hi achcha trending for platform Hai is per badhiya paise Kama sakte hain bharosemand of platform,2026-09-06
playstore,5,,super,2026-09-06
playstore,5,,v good,2026-09-06
playstore,5,,good,2026-09-06
playstore,3,,oo kk,2026-09-06
playstore,4,,"There is no feature to transaction as a share gift, you have to bring it.",2026-09-06
playstore,5,,very good,2026-09-06
playstore,5,,very smooth usefull app,2026-09-06
playstore,5,,good,2026-09-06
playstore,5,,india is best my grow app,2026-09-06
playstore,5,,", ,, , , r ঈ",2026-09-06
playstore,5,,it's very easy to use,2026-09-06
playstore,5,,fantastic,2026-09-06
playstore,5,,Best application for share market experience..,2026-09-06
playstore,1,,please dont install this app. whatever you invest in grow it will take brokage charge,2026-09-06
playstore,5,,good,2026-09-06
playstore,5,,very good,2026-09-06
playstore,5,,nic,2026-09-06
playstore,1,,service is not good,2026-09-06
playstore,5,,nice,2026-09-06
playstore,5,,very nice,2026-09-06
playstore,5,,nice app,2026-09-06
playstore,5,,nice,2026-09-06
playstore,5,,super,2026-09-06
playstore,4,,good 👍,2026-09-06
playstore,5,,good 👍,2026-09-06
playstore,5,,excellent 👍,2026-09-06
playstore,5,,nice,2026-09-06
playstore,5,,i just started sip,2026-09-06
playstore,5,,fantastic,2026-09-06
playstore,5,,good,2026-09-06
playstore,5,,it's a very good app for SIP... I really appreciate it....👏👍,2026-09-06
playstore,5,,so good app 👏 for training,2026-09-06
playstore,5,,good,2026-09-06
playstore,1,,I am.um happy. makingn cheating and gambling. because of this soany middle class family life loss. even me to . I loss around 8 lacs in this grow. I never recd profit last 3 years. Grow never supported me.,2026-09-05
playstore,5,,awesome,2026-09-05
playstore,4,,The user friendly interface loved it,2026-09-05
playstore,5,,good experience,2026-09-05
playstore,5,,best app,2026-09-05
playstore,5,,amazing,2026-09-05
playstore,2,,grow stock not goo 👅🛀,2026-09-05
playstore,1,,Never got an IPO allotment 😂 Uninstalling Groww.,2026-09-05
playstore,5,,money bank,2026-09-05
playstore,5,,Best trading app,2026-09-05
playstore,3,,ok,2026-09-05
playstore,5,,all in one trade,2026-09-05
playstore,5,,overall the same rakho contact me at the same time as well as the dark of the day is a good day song of the day is a good day song of the day is a good day song of the day is a good,2026-09-05
playstore,5,,v nice,2026-09-05
playstore,5,,best,2026-09-05
playstore,5,,बहुत ही अच्छा प्लेटफार्म है कोई अकाउंट मेंटेनेंस चार्ज नहीं लगता। ऑपरेटिंग करने में सुविधा होती है। मुझे सीप और शेयर मार्केट के बारे में जानकारी होने के बाद इस प्लेटफार्म में इन्वेस्ट करते आ रहा हूं।,2026-09-05
playstore,5,,good app,2026-09-05
playstore,5,,good work,2026-09-05
playstore,5,,nice,2026-09-05
playstore,5,,good,2026-09-05
playstore,5,,"1) Please include 1 Week and 1 Month return views in the Mutual Fund Dashboard section, in addition to the 1 Day return, to facilitate investment decisions during market declines. 2) When adding family members and selecting relationships, an error occurs. Clearing all data resolves the issue.",2026-09-05
playstore,5,,app is the good and smart,2026-09-05
playstore,4,,This is great application and I am using for many years. I only feel they should add option for SWP in application itself depending upon the fund value as its currently available in Web version only.,2026-09-05
playstore,5,,grow is best platform I am too excited easily invest an easy deposit I am thank you from grow,2026-09-05
playstore,5,,"easy console, minimum brokerage and 24/7 customer care service.. I am the one who has been a consistent customer of Groww for the last 6 years and still a lot more to go.",2026-09-05
playstore,5,,saport me,2026-09-05
playstore,5,,good platform,2026-09-05
playstore,5,,grow stocks app simple and easy to use .,2026-09-05
playstore,4,,Good,2026-09-05
playstore,5,,best app hai brokrage charge jyada hai,2026-09-05
playstore,5,,good app,2026-09-05
playstore,5,,All Of Good Service,2026-09-05
playstore,5,,there are some tiny annoying bugs and glitches in app,2026-09-05
playstore,5,,good good,2026-09-05
playstore,5,,I'm interested ☺️,2026-09-05
playstore,5,,to the best investing app for me,2026-09-05
playstore,5,,good app..Groww app investment ke liye simple aur easy-to-use platform hai. 👍📈,2026-09-05
playstore,5,,working good,2026-09-05
playstore,5,,best,2026-09-05
playstore,5,,Best app for free user,2026-09-05
playstore,5,,bhut badiya excellent 👌,2026-09-05
playstore,5,,good,2026-09-05
playstore,5,,Best,2026-09-05
playstore,5,,good,2026-09-05
playstore,5,,I give five star,2026-09-05
playstore,4,,ok,2026-09-05
playstore,5,,"one of best app for mutual fund, ipo share",2026-09-05
playstore,4,,d d. pup p opi uhuru aw po 3 phi ese icu pp i'm opi e italiano o i greig u r www pip iP 0voc uh 2,2026-09-05
playstore,1,,good luck,2026-09-05
playstore,5,,Awesome 👍,2026-09-05
playstore,4,,best,2026-09-05
playstore,5,,good 👍,2026-09-05
playstore,5,,good,2026-09-05
playstore,5,,nice,2026-09-05
playstore,5,,ok,2026-09-05
playstore,5,,Excellent,2026-09-05
playstore,1,,Worst customer support. never take loans from here specially LAS,2026-09-05
playstore,5,,very good 👍,2026-09-05
playstore,5,,good,2026-09-05
playstore,1,,kojp,2026-09-05
playstore,5,,good 👍,2026-09-05
playstore,5,,good service,2026-09-05
playstore,1,,"Glitch in app permissions, even with SMS permission revoked it can read your SMS/OTPs without your consent! violation of privacy and security. Be cautious while using. 2. App interface is not upto the mark as compared to other brokers. You need to dig into to open charts, option chain and vice versa- slow process. 3. For MF SIPs, OTPs fail several times",2026-09-05
playstore,5,,ok,2026-09-05
playstore,3,,good aap,2026-09-05
playstore,5,,good app,2026-09-05
playstore,5,,I intrest,2026-09-05
playstore,5,,super,2026-09-05
playstore,5,,must,2026-09-05
playstore,5,,fine,2026-09-05
playstore,5,,"Investment stock delivery buy charges is big negative compare with other top brokers,i am aslo last some month's change my new investments new broker.",2026-09-05
playstore,5,,Best trading app,2026-09-05
playstore,5,,GOOD,2026-09-05
playstore,1,,Ghatiya experience hidden charges bahoot hain loot gya mein,2026-09-05
playstore,5,,"great experience, providing precise information and ver y easy to understand Abt the stock or anything. Overall very good app to explore the stock market.",2026-09-05
playstore,5,,good app to use,2026-09-05
playstore,5,,good,2026-09-05
playstore,5,,very good,2026-09-05
playstore,5,,good app groww 🫡❤️‍🩹,2026-09-05
playstore,5,,ಇಲ್ಲಿಯವರೆಗೂ ಚೆನ್ನಾಗಿದೆ,2026-09-05
playstore,5,,best app after trading view,2026-09-05
playstore,4,,good,2026-09-05
playstore,1,,broker charge is very hich,2026-09-05
playstore,5,,good,2026-09-05
playstore,5,,"Clean and intuitive interface. Investing in stocks and mutual funds is smooth, fast, and hassle-free. Great app for both beginners and experienced investors!",2026-09-05
playstore,5,,awesome but your brokrage charge are very high,2026-09-05
playstore,5,,India's No 1 trading app. Massive Activity Enrolled.,2026-09-05
playstore,1,,"If you want to become a debtor, use the Groww app and start trading.",2026-09-05
playstore,5,,Excellent,2026-09-05
playstore,5,,good,2026-09-05
playstore,5,,good very good,2026-09-05
playstore,5,,good,2026-09-05
playstore,5,,Good for beginners😀👍,2026-09-05
playstore,5,,Trust,2026-09-05
playstore,5,,Very good,2026-09-05
playstore,5,,good,2026-09-05
playstore,5,,Nice Trending app,2026-09-05
playstore,5,,good,2026-09-05
playstore,5,,good,2026-09-05
playstore,5,,naece,2026-09-05
playstore,5,,awesome,2026-09-05
playstore,5,,Best,2026-09-05
playstore,5,,Accurate,2026-09-05
playstore,5,,great apps for trade and all utilities benefits,2026-09-05
playstore,5,,very nice and user friendly share market app. thank you.,2026-09-05
playstore,4,,nice,2026-09-05
playstore,5,,good,2026-09-05
playstore,5,,good,2026-09-05
playstore,1,,You are the biggest app of India but service is worst. Chart is not loading on different time frame on app and in PC too. kindly work on thisat the earliest .,2026-09-05
playstore,1,,"🚨 MASSIVE LOOPHOLE & MISLEADING INTERFACE DESIGN! DON'T TRAP YOUR HARD-EARNED MONEY! 🚨 I am a retail investor, and I am writing this to alert millions of long-term investors using this platform. The application interface of Groww (downloaded from Google Play Store) is highly deceptive and uses dangerous ""Dark Patterns"" to mislead users, which can instantly destroy your lifetime savings and generational wealth. THE PROBLEM: Inside the app interface, Groww deliberately segregates and shows you",2026-09-05
playstore,5,,very nice 👌 👍 👏 😀 ☺️ 😊 नमस्ते,2026-09-05
playstore,5,,Awesome 😎,2026-09-05
playstore,5,,Please add trailing SL feature.,2026-09-05
playstore,1,,"⭐ 1 Star I have been experiencing several serious issues with the Groww trading platform, particularly with chart accuracy and market data. The chart candles sometimes display incorrect OHLC values, and the Day High and Day Low prices do not always match the actual market data. There are also instances of delayed price updates, chart inconsistencies, and other technical glitches. For an active trader, accurate and synchronized market data is extremely important. Incorrect candle or price informa",2026-09-05
playstore,4,,very nice 👍,2026-09-04
playstore,5,,super app,2026-09-04
playstore,5,,very nice experience,2026-09-04
playstore,5,,Excellent,2026-09-04
playstore,5,,good 👍,2026-09-04
playstore,5,,excellent,2026-09-04
playstore,5,,app is useful good but charges high,2026-09-04
playstore,4,,very good,2026-09-04
playstore,5,,Bhikha Mali nice app,2026-09-04
playstore,5,,Ok I tell every Person,2026-09-04
playstore,5,,chandan Das খুব সুন্দর এপ সহজে বোঝা যায়,2026-09-04
playstore,5,,best app,2026-09-04
playstore,1,,"""I have not received the IPO yet.""",2026-09-04
playstore,5,,good,2026-09-04
playstore,5,,good luck,2026-09-04
playstore,5,,smooth work.,2026-09-04
playstore,5,,very nice,2026-09-04
playstore,5,,good,2026-09-04
playstore,5,,simple and best..,2026-09-04
playstore,5,,awesome,2026-09-04
playstore,5,,Good,2026-09-04
playstore,5,,nice,2026-09-04
playstore,5,,i think this app India's 🇮🇳 number 1....aap for trading 💐,2026-09-04
playstore,5,,best apps,2026-09-04
playstore,3,,"I am using groww app from last 5years, this is first time, last update is not user friendly. please rollback this as soon as possible.",2026-09-04
playstore,5,,welcome,2026-09-04
playstore,4,,ANSA JQWWJHU u are coming,2026-09-04
playstore,5,,good work,2026-09-04
playstore,5,,exilent application,2026-09-04
playstore,5,,Good App,2026-09-04
playstore,1,,still not getting open,2026-09-04
playstore,5,,super app,2026-09-04
playstore,5,,good,2026-09-04
playstore,5,,very good 👍,2026-09-04
playstore,2,,look bad,2026-09-04
playstore,3,,brokerage charges bahut jada per trade 40 plus extra charge alag.,2026-09-04
playstore,5,,excellent,2026-09-04
playstore,5,,D News,2026-09-04
playstore,5,,good 😊,2026-09-04
playstore,5,,good,2026-09-04
playstore,1,,"fraud app cheat people, don't show libarage amount.",2026-09-04
playstore,5,,very good,2026-09-04
playstore,1,,garbage,2026-09-04
playstore,5,,good trading app,2026-09-04
playstore,5,,BIO oil,2026-09-04
playstore,1,,Please do not use this app. The customer support is not active all responsive.,2026-09-04
playstore,5,,axilant,2026-09-04
playstore,5,,Very Good...😊😊😊,2026-09-04
playstore,5,,good 👍,2026-09-04
playstore,5,,very best aap,2026-09-04
playstore,5,,good job,2026-09-04
playstore,5,,Ashwini aditya sakarata hai halp me,2026-09-04
playstore,5,,good,2026-09-04
playstore,5,,👍,2026-09-04
playstore,5,,awesome experience,2026-09-04
playstore,1,,"waste App, bakwas Service",2026-09-04
playstore,5,,👍,2026-09-04
playstore,1,,The worst trading application ever. there are several glitches in order execution process. the customer service is also not having any idea to resolve the issue.,2026-09-04
playstore,5,,good,2026-09-04
playstore,5,,excellent,2026-09-04
playstore,5,,groww is best,2026-09-04
playstore,1,,bad App,2026-09-04
playstore,1,,bad,2026-09-04
playstore,5,,excellent,2026-09-04
playstore,4,,good,2026-09-04
playstore,5,,excellent,2026-09-04
playstore,5,,done,2026-09-04
playstore,5,,good,2026-09-04
playstore,5,,good,2026-09-04
playstore,5,,best in all,2026-09-04
playstore,5,,To continuously grow your investment opt for only Groww App. Thanks.,2026-09-04
playstore,5,,best,2026-09-04
playstore,5,,best trading and investment app,2026-09-04
playstore,1,,future and option kabhi on nahin hoga 😠,2026-09-04
playstore,4,,good 👍😊,2026-09-04
playstore,5,,Play with mind,2026-09-04
playstore,5,,excellent 👍,2026-09-04
playstore,5,,very best app,2026-09-04
playstore,5,,good,2026-09-04
playstore,5,,good,2026-09-04
playstore,1,,I am using since launch but groww customer support is degrading day by day . you cannot contact by anyways. they will not reply or receive your call while you wait hours,2026-09-04
playstore,5,,good 👍,2026-09-04
playstore,5,,nice,2026-09-04
playstore,1,,worst app,2026-09-04
playstore,5,,best wishes happy to hear,2026-09-04
playstore,5,,good,2026-09-04
playstore,5,,good,2026-09-04
playstore,5,,"easy to use , best for mutual fund",2026-09-04
playstore,2,,"last updated is not user friendly. while going in the chart mode, back button disappearing in bottom left of mobile.",2026-09-04
playstore,1,,frood keya haan shares ka mara sath mera 300 share tha bss 3 deya haan mara pass sub proof haan,2026-09-04
playstore,5,,good for trading,2026-09-04
playstore,5,,good performance,2026-09-04
playstore,5,,nice,2026-09-04
playstore,5,,good 👍,2026-09-04
playstore,3,,good 😊,2026-09-04
playstore,5,,Excellent Worth,2026-09-04
playstore,5,,good,2026-09-04
playstore,5,,nice 👍🏻,2026-09-04
playstore,5,,Good app,2026-09-04
playstore,5,,ujejem,2026-09-04
playstore,5,,it's my first time.,2026-09-04
playstore,5,,good 👍,2026-09-04
playstore,5,,it's easy to understand 😊,2026-09-04
playstore,5,,nice,2026-09-04
playstore,5,,nic aap,2026-09-04
playstore,5,,app not opening.. saying something went wrong and asking finger print again and again. tried with mpin. asking again same with something went wrong message. During market hours.,2026-09-04
playstore,5,,noice,2026-09-04
playstore,4,,GR-1 AI tool is amazing. The AI chat history deletion option is to be added,2026-09-04
playstore,5,,good,2026-09-04
playstore,5,,good,2026-09-04
playstore,5,,Good but unwanted content are more displayed. Hence required minimum.,2026-09-04
playstore,5,,Best app,2026-09-04
playstore,5,,good 👍,2026-09-04
playstore,5,,good,2026-09-04
playstore,5,,okey,2026-09-04
playstore,5,,nice to beginner 🖖🏻,2026-09-04
playstore,5,,good service,2026-09-04
playstore,5,,good,2026-09-04
playstore,5,,Easy to complete setup and use. Charges are very less.,2026-09-04
playstore,5,,ostng prf this one,2026-09-04
playstore,4,,good,2026-09-04
playstore,5,,good,2026-09-04
playstore,5,,One of the best platform for beginner,2026-09-04
playstore,5,,good app,2026-09-04
playstore,5,,belive ti trade and maintain safe and secure,2026-09-04
playstore,5,,Good,2026-09-04
playstore,5,,Grow♡,2026-09-04
playstore,5,,handle with care,2026-09-04
playstore,5,,Groww platform has the simplest user interface among all available apps. I have been using it since 2019 and it is my most trusted application.,2026-09-04
playstore,5,,real market trailing stoploss and profit adjustment please 🥺,2026-09-04
playstore,5,,Good app!,2026-09-04
playstore,5,,good app,2026-09-04
playstore,5,,nice 💯%,2026-09-04
playstore,3,,pls show daily profit or loss/ profit loss,2026-09-04
playstore,3,,"Daily Updates delayed, need to work on it for fastest update.",2026-09-04
playstore,5,,v good,2026-09-04
playstore,5,,good app,2026-09-04
playstore,5,,Good,2026-09-04
playstore,5,,ok,2026-09-04
playstore,5,,nice 👍👍👍,2026-09-04
playstore,5,,nice,2026-09-04
playstore,1,,horrible ui filled with all sorts of nonsense,2026-09-04
playstore,5,,good 💯,2026-09-04
playstore,5,,I don't use other demat account,2026-09-04
playstore,5,,super 👌,2026-09-04
playstore,5,,me,2026-09-04
playstore,1,,fake app,2026-09-04
playstore,5,,Good app,2026-09-04
playstore,5,,nice,2026-09-04
playstore,5,,EZY factions app,2026-09-04
playstore,5,,excellent,2026-09-04
playstore,5,,Very Good quality & easy to understand,2026-09-04
playstore,5,,good,2026-09-04
playstore,5,,thank you 👍 IAM very happy,2026-09-04
playstore,5,,very good,2026-09-04
playstore,5,,good,2026-09-04
playstore,5,,very good,2026-09-04
playstore,5,,5 star,2026-09-03
playstore,5,,very nice app,2026-09-03
playstore,1,,why you are not giving facility GTT and oco order at the same time? and the last update when I am showing chart for a stock then back switch not working.,2026-09-03
playstore,1,,"ye ap me bhot problem ati hai koi bhi ap use kare pr is me trading na kare ,",2026-09-03
playstore,5,,good,2026-09-03
playstore,1,,DONT OPEN YOUR ACCOUNT GROWW ARE THE FRAUDSTERS THEY WILL SELL YOUR QUANTITY ON VERY LEAST BASIS PLEASE AVOID GROWW IF YOU ARE GROWW. SHAME ON YOU GROWW PEOPLE,2026-09-03
playstore,1,,"it's a worth app, taking too much charges any trade and etc problem facing me and other traders",2026-09-03
playstore,5,,good,2026-09-03
playstore,4,,nice,2026-09-03
playstore,5,,it is show very good,2026-09-03
playstore,5,,can I get the privies version....last version indicators i need...pls help me,2026-09-03
playstore,5,,मला जे काही थोडे फार मार्केट समजत ते ग्रो अँप मुळे 🫰,2026-09-03
playstore,5,,ek number app,2026-09-03
playstore,1,,"don't install, they sell your data to other companies. and they torture with doing call every minut.",2026-09-03
playstore,5,,good,2026-09-03
playstore,5,,good,2026-09-03
playstore,3,,new updated system is creating some issue as i am facing. F&FO scalping option are coming under the chart when opening in trading view chart and back button is getting auto invisible but while getting back many time scalping option is getting clicked and auto changing to grow chart. it should be resolved as this issue was not in previous update.,2026-09-03
playstore,4,,good,2026-09-03
playstore,5,,nice,2026-09-03
playstore,5,,good,2026-09-03
playstore,5,,nice app for Market regarding 👍,2026-09-03
playstore,1,,wrost experience,2026-09-03
playstore,5,,👍,2026-09-03
playstore,5,,excellent apps✨,2026-09-03
playstore,5,,good application,2026-09-03
playstore,5,,good work,2026-09-03
playstore,5,,jayajagannath,2026-09-03
playstore,5,,good app,2026-09-03
playstore,5,,good,2026-09-03
playstore,5,,"wonderful, reliable, educative..informative, encouraging.. motivational All Time helping and guiding app",2026-09-03
playstore,5,,good 👍,2026-09-03
playstore,2,,"worst update old version sow good, position fast exit and close option, miss new update is",2026-09-03
playstore,5,,good for app,2026-09-03
playstore,5,,very nice,2026-09-03
playstore,5,,"ease of doing business, highly recommended 👌",2026-09-03
playstore,5,,Jai jagannath 🙏🏻,2026-09-03
playstore,5,,Groww is best and simple way of doing trading and best feature is F&O Lock Which help me to trade in limit .,2026-09-03
playstore,4,,good app,2026-09-03
playstore,5,,good,2026-09-03
playstore,5,,very good,2026-09-03
playstore,5,,good,2026-09-03
playstore,5,,nice app,2026-09-03
playstore,5,,awesome,2026-09-03
playstore,5,,👍👍👍👍👍👍👍,2026-09-03
playstore,1,,"The customer care team is highly unprofessional. Employees like Ansh Agarwal constantly mute and disconnect calls ! Even after sending several emails with proof, the Groww managers/management take absolutely no action. They are clearly biased and protect their staff instead of helping their loyal customers who pay for their services ! Extremely DISAPPOINTING and HUMILIATING experience !! Now they'll immediately respond here asking to write to support@groww.... BUT NOTHING HAPPENS !!",2026-09-03
playstore,2,,y f ft r tr sseee free,2026-09-03
playstore,5,,Good 😊 to,2026-09-03
playstore,5,,good,2026-09-03
playstore,5,,good stock broker 👍,2026-09-03
playstore,5,,Good App,2026-09-03
playstore,2,,dekchi bhalo ki na🙂,2026-09-03
playstore,3,,👍i🙏💯i,2026-09-03
playstore,5,,best,2026-09-03
playstore,4,,Good demat but brokerage charge high please isko kam kariye Thank you,2026-09-03
playstore,5,,good,2026-09-03
playstore,1,,Whenever you take trade even if you are correct they will show you in loss. Also when you profit they give you less amount. Soon this app will be a complete loss and shutdown soon.,2026-09-03
playstore,5,,superb,2026-09-03
playstore,5,,excellent,2026-09-03
playstore,5,,"plz scalper ka swich right side se hataye, back karte samay baar baar preshani peida krta h",2026-09-03
playstore,5,,good app,2026-09-03
playstore,5,,nice,2026-09-03
playstore,5,,great,2026-09-03
playstore,5,,very good 👍,2026-09-03
playstore,5,,Discover something interesting quickly,2026-09-03
playstore,5,,ok,2026-09-03
playstore,5,,good,2026-09-03
playstore,5,,good,2026-09-03
playstore,5,,very good,2026-09-03
playstore,5,,nice,2026-09-03
playstore,5,,india no 1 app,2026-09-03
playstore,1,,verry verry bad application so suks percentage leval verry High,2026-09-03
playstore,5,,install Install app and use it for sometime,2026-09-03
playstore,4,,super 👌,2026-09-03
playstore,5,,My experience is Good 😊,2026-09-03
playstore,3,,The app is super friendly for beginners and MF investment but really needs to work on the customer service please put a real human who can listen and help us properly for any issues.,2026-09-03
playstore,2,,aa se w aa wa as a,2026-09-03
playstore,5,,good,2026-09-03
playstore,5,,good👍,2026-09-03
playstore,5,,thank you so much 👍,2026-09-03
playstore,5,,excellent,2026-09-03
playstore,5,,Excellent 👌,2026-09-03
playstore,4,,Best investment app,2026-09-03
playstore,5,,❤,2026-09-03
playstore,4,,good advance,2026-09-03
playstore,5,,Amazing NextFin easy apply loan daily,2026-09-03
playstore,1,,About latest update 👎In your android mobile it's difficult to press back button because of automatically going to touch scalping option.,2026-09-03
playstore,5,,easy app,2026-09-03
playstore,1,,sir pls shift upside this scalper feature from the down side in the chart,2026-09-03
playstore,5,,if both target and stop loss be available in delivery trading in the same platform then we may get more profit .,2026-09-03
playstore,5,,good 👍,2026-09-03
playstore,5,,Good app good experience and I need groww dress plz provide plz plz plz,2026-09-03
playstore,5,,good 👍,2026-09-03
playstore,5,,good,2026-09-03
playstore,4,,app stuck problem 5min chart not working properly,2026-09-03
playstore,5,,good,2026-09-03
playstore,5,,Very Good App To Use.,2026-09-03
playstore,3,,High chrge app design user friendly but charge is very very high buy selling total profit suvaga,2026-09-03
playstore,5,,nice,2026-09-03
playstore,5,,nice,2026-09-03
playstore,4,,super,2026-09-03
playstore,5,,best,2026-09-03
playstore,5,,good,2026-09-03
playstore,3,,good 👍😊,2026-09-03
playstore,5,,good,2026-09-03
playstore,1,,chor hai sale faltu ke paise cut kr lete pta bhi nhi chalta.. please mt download this app,2026-09-03
playstore,5,,so easy,2026-09-03
playstore,5,,great app love it,2026-09-03
playstore,1,,mental punda chat...la scalping on off switch edu bro back switch um anga dhan da irukku touch ayuttu Oder vilunthu 10000 loss da thayolli oluinga atha thukku illana vera broker dha pakkanum,2026-09-03
playstore,5,,ok,2026-09-03
playstore,5,,exilant Trading App 👌👌,2026-09-03
playstore,5,,good 😊,2026-09-03
playstore,4,,"So Far, So Good...!👌👍 Time for Next-Level Features Thanks Groww for listening to user feedback and adding key updates since my last review! To make it top-tier for active traders, please add: * Dynamic Trailing Profit: Automatically trail profits past the target to ride market trends until a reversal, Maximizing Gains💰 * Customizable Algo Trading: A flexible, versatile algo platform to automate custom setups and strategies effortlessly. Looking forward to seeing these implemented soon!",2026-09-03
playstore,4,,useful,2026-09-03
playstore,5,,nice,2026-09-03
playstore,1,,worst customer care that ghosts us if you ask any questions,2026-09-03
playstore,5,,well done,2026-09-03
playstore,1,,"1 star is just to get your attention to this matter, will change it later! 1. SmartExit needs an automatic Trailing Stop Loss Option! Please check Fyers for inspiration! 2. Charts loading in mobile app get stuck frequently, any reason or fix to it? 3. Independent CPR indicator and Previous Day High and Previous Day Low, Previous Day Close marking indicator are required. Again, please check Fyers for inspiration! Please reply, if at all do you have any plans for implementing these ? Thanks",2026-09-03
playstore,5,,😲 WOW,2026-09-03
playstore,4,,Its really good,2026-09-03
playstore,5,,good aplication,2026-09-03
playstore,5,,best app for growth of your money,2026-09-03
playstore,5,,very very good app,2026-09-03
playstore,5,,gray market premium not available kindly request please add this feature,2026-09-03
playstore,4,,it's easy to operate and Nice to use.,2026-09-03
playstore,5,,i become a millionaire within a month you guys should try it highly recommend,2026-09-03
playstore,4,,vary best,2026-09-03
playstore,5,,Add the recently viewed stocks feature again it is very helpful......,2026-09-03
playstore,5,,👍,2026-09-03
playstore,5,,ok,2026-09-03
playstore,5,,good app. thanks for grow team.,2026-09-03
playstore,4,,Good,2026-09-03
playstore,5,,good,2026-09-03
playstore,5,,Very helpful for self growth 📈,2026-09-03
playstore,5,,Nice 👍,2026-09-03
playstore,5,,very handy,2026-09-03
playstore,5,,It's really very good 👍,2026-09-03
playstore,3,,please update the app bcoz when we open chart the navigation buttons are disappeared.,2026-09-03
playstore,5,,good app to trade.,2026-09-03
playstore,1,,Scalper mode me split screen me index ka chart Move nhi krta hai bs premium ka move krta ye kya glitch hai esko sudharo groww team wale,2026-09-03
playstore,5,,ok,2026-09-03
playstore,5,,Nice apps,2026-09-03
playstore,5,,very nice 👍 app,2026-09-03
playstore,5,,good,2026-09-03
playstore,2,,brokerage charge very high,2026-09-03
playstore,5,,good,2026-09-03
playstore,5,,super,2026-09-03
playstore,3,,order execution takes a lot more time than expected in 2-3 seconds 5 to 6 k loss occurred,2026-09-03
playstore,5,,good app,2026-09-03
playstore,4,,aa aaaas Aa aa zzZ ss ss ss A aaz Saz,2026-09-03
playstore,5,,user friendly,2026-09-03
playstore,5,,osm,2026-09-03
playstore,5,,Good Seervice,2026-09-03
playstore,3,,the app is good to use but one thing is very annoying that when you are in trade you can't setup sl and target same on the chart.,2026-09-03
playstore,2,,"after update touch is not working specially upper part like search, profile and groww logo not working",2026-09-03
playstore,5,,good,2026-09-03
playstore,5,,very nice service,2026-09-03
playstore,5,,good app,2026-09-03
playstore,2,,I requested to change minor correction in Demat opening and Aadhar card and PANCARD. The entire process online. Now all Mutual fund houses are going online demat account opening. CERSAI KYC identifier 14 digit column not inserted backend form designers. It avoids prospective clients the trouble of scanning PAN CARD AND Aadhar CARD uploading. Still insisting physical xerox copies to be sent through courier. They routinely reply.,2026-09-03
playstore,5,,Maina ak din main option trading karka 500 sa 5000 banaya,2026-09-03
playstore,5,,excellent 👍,2026-09-03
playstore,5,,good,2026-09-03
playstore,4,,Nice,2026-09-03
playstore,5,,it is a very good broker. groww should start everyday sip. also groww should have their own international Mf.,2026-09-03
playstore,5,,excellent,2026-09-03
playstore,5,,superb app,2026-09-03
playstore,5,,very good,2026-09-03
playstore,4,,rait,2026-09-03
playstore,5,,it's longer loss companys,2026-09-03
playstore,5,,good aap for investment,2026-09-03
playstore,5,,very nice work and Easy Well done Groww,2026-09-03
playstore,5,,very good groww work and all to much,2026-09-03
playstore,4,,very good app,2026-09-03
playstore,5,,good,2026-09-03
playstore,5,,Good One🫡,2026-09-03
playstore,5,,okay,2026-09-03
playstore,5,,nice apps,2026-09-03
playstore,1,,"all expense ratios are incorrect on Groww. that's not acceptable. For ex, TrustMF Midcap or TrustMF small cap is mentioned 2%, in reality it's 0.45%. Abbakkus Large and Mid 3.5%. Is that a joke?",2026-09-03
playstore,5,,good,2026-09-03
playstore,5,,wonderful,2026-09-03
playstore,4,,easy to use,2026-09-02
playstore,5,,best app share market,2026-09-02
playstore,5,,very nice,2026-09-02
playstore,5,,good,2026-09-02
playstore,2,,good,2026-09-02
playstore,1,,GR-1 is removed?,2026-09-02
playstore,5,,2019 nunchi grow account use chestunnanu chala comfortable ga untadhi naaku baga nachindhi,2026-09-02
playstore,3,,App was working fine. after the update the navigation button becomes auto hide on candle page. this is too annoying.,2026-09-02
playstore,5,,Good app,2026-09-02
playstore,5,,good,2026-09-02
playstore,5,,good,2026-09-02
playstore,1,,ll be,2026-09-02
playstore,1,,worst customer care service most of the time it took more than 15 min to connect to customer care it always say more than 5 min we will connect you pathetic customer care response,2026-09-02
playstore,5,,ok,2026-09-02
playstore,5,,make money with groww & your life growth,2026-09-02
playstore,5,,very nice interface,2026-09-02
playstore,5,,useful app,2026-09-02
playstore,5,,good,2026-09-02
playstore,5,,good,2026-09-02
playstore,5,,I'm using from last years ot really good app and customer care service is fantastic,2026-09-02
playstore,1,,brokerage charges are so high that i have to move to another peers to save my money from this greedy broker ...!,2026-09-02
playstore,1,,sir...dusre demat app me login ke liye only mobile no. use hota hai... Or apki app me email id compulsory salana pdta hai... fir pasward vera dlana padta... bahut dikkat hoti hai..... ap ak bar upstok or angle app khol ke dekh to kitna easy login hota hai..... apki app me ye bahut bdi dikkat hai... isko sudharo. . .. Or demo dekhna ho to upstok me logi kr ke dekh lo,2026-09-02
playstore,1,,u guys deserve 5 star but need to learn some features from zerodha ..3.50 pm there is after market transaction which zerodha allows but groww don't allow ...please look into it ...also at pre open of ipo zerodha allow us to place order before 9.38 but groww doesn't,2026-09-02
playstore,5,,very good,2026-09-02
playstore,5,,groww trading in best plateform apps.,2026-09-02
playstore,5,,good 👍👍👍,2026-09-02
playstore,4,,not happy..After new update scalper option is given down that is very irritating every time. its getting pressed all the time.. pls change its position.,2026-09-02
playstore,4,,nice,2026-09-02
playstore,5,,very good app,2026-09-02
playstore,4,,accha aap hai,2026-09-02
playstore,5,,good,2026-09-02
playstore,5,,Good for a new learners in stock markets.,2026-09-02
playstore,5,,nice,2026-09-02
playstore,5,,nice,2026-09-02
playstore,5,,Good,2026-09-02
playstore,1,,share holding pattern pura glt dikhati hai ye app maine screener me check Kiya or yaha check totally different hai. fix this issue ap logo ko glt information de rahe ho dusra scalping ka button jb se neeche kiya tb se bar bar chat change ho jata hai kabhi trading view mode me krte hai to scalping mode me aa jata hai use change krte hai to grow mode me aa jata hai kyoki jaha scalping ka button hai vahi pr phone ka back jane ka key hai use dbane pr scalping mode on ho jata hai ise uper le jaye,2026-09-02
playstore,4,,good 👍😊 😊😊😊😊😊😊😊😊😊😊😊😊😊😊😊😊😊😊,2026-09-02
playstore,5,,registration completed!,2026-09-02
playstore,5,,ok,2026-09-02
playstore,5,,nice 👍🏻,2026-09-02
playstore,5,,best app,2026-09-02
playstore,5,,good,2026-09-02
playstore,1,,niche chain hta do bhit problem hota hai trading karne me,2026-09-02
playstore,5,,Nice app,2026-09-02
playstore,5,,Very good app,2026-09-02
playstore,3,,nice app 👍🤠,2026-09-02
playstore,5,,Good for future planning,2026-09-02
playstore,3,,"BB DD X x AA AA a @xx BB BB t cc BG g cc b BB x xx v BC vii,,,á2 cc z wwwwzwwzwwwwwwwwwz,2 BH BB cc c cc",2026-09-02
playstore,5,,good,2026-09-02
playstore,1,,"Hii, Everything is good about Groww while using it for trading, but a problem which I am facing is I can see Many upi ids in ipo payment section please provide any solution to remove it or keep a limit on upi ids in that section",2026-09-02
playstore,5,,nice 👍,2026-09-02
playstore,5,,good,2026-09-02
playstore,5,,good,2026-09-02
playstore,5,,nice experience.,2026-09-02
playstore,1,,scamming app,2026-09-02
playstore,1,,using several years today opened zerodha for low brokerage and easy gift share option.,2026-09-02
playstore,5,,good. app,2026-09-02
playstore,5,,supab,2026-09-02
playstore,5,,excellent app for trading,2026-09-02
playstore,3,,Good experience,2026-09-02
playstore,5,,Nice aap,2026-09-02
playstore,1,,🚫🚫🚫,2026-09-02
playstore,5,,good,2026-09-02
playstore,5,,"This app is very good, it does not charge any fees and the interest is low. This app has benefited me a lot. I will tell everyone to use this app and fulfill your dreams 😊🙏",2026-09-02
playstore,1,,scalper button mobile ke back button me hi he to back karte time bar bar scalper button touch ho jata he. disturb hote he,2026-09-02
playstore,5,,good 👍🏻😊,2026-09-02
playstore,5,,nice app,2026-09-02
playstore,5,,good,2026-09-02
playstore,5,,it's good to tred,2026-09-02
playstore,5,,good,2026-09-02
playstore,5,,very good app for long term weath creation,2026-09-02
playstore,5,,best app and fastest working,2026-09-02
playstore,5,,good,2026-09-02
playstore,5,,nice work 💯,2026-09-02
playstore,3,,equity broker charges,2026-09-02
playstore,5,,good 👍😊,2026-09-02
playstore,5,,supar,2026-09-02
playstore,5,,good,2026-09-02
playstore,5,,Excellent App. Outstanding & East to operate. All the very best.,2026-09-02
playstore,5,,good night,2026-09-02
playstore,5,,good 👍,2026-09-02
playstore,4,,💐t,2026-09-02
playstore,2,,Check Dhan App. Groww app should grow now!!!,2026-09-02
playstore,5,,good,2026-09-02
playstore,5,,good,2026-09-02
playstore,5,,Nice aap easily understood and usage is also a nice experience. Good aap,2026-09-02
playstore,5,,good service,2026-09-02
playstore,5,,good,2026-09-02
playstore,5,,very good,2026-09-02
playstore,5,,good,2026-09-02
playstore,5,,nice trading Everything is ⏩ hai,2026-09-02
playstore,1,,SENDING WRONG PAYMENT AMOUNT TO BHIM! Fix this or else change your Product Managers!!,2026-09-02
playstore,5,,very easy to buy stock and easy to invest money,2026-09-02
playstore,4,,very good application,2026-09-02
playstore,5,,good 👍🏿😊,2026-09-02
playstore,5,,all good,2026-09-02
playstore,1,,ek toh ye groww app pata nhi kaunsi aafat aari inko update ghatiya ghatiya leke aa jaate hai......please give death penalty to the one who brought this update having scalper option in bottom of screen...everytime I try to hit back button it hits scalper option and your panauti groww chart opens up then I again have to turn off scalper option and again have to switch to trading view chart.......worst update,2026-09-02
playstore,1,,"worest and froud app, it holds some amount without explaining the reson on withdraw time.",2026-09-02
playstore,4,,super service,2026-09-02
playstore,1,,worst....,2026-09-02
playstore,1,,last update ui is wrost please remove scalper mode on bottom,2026-09-02
playstore,3,,high charges,2026-09-02
playstore,5,,ok,2026-09-02
playstore,5,,Best,2026-09-02
playstore,5,,nice ☺️☺️☺️,2026-09-02
playstore,4,,Best,2026-09-02
playstore,3,,Mutual fund dashboards are automatically not refreshing.,2026-09-02
playstore,4,,"the option chain become laggy? When I open the chart on my phone and then open the option chain, the option chain starts lagging.",2026-09-02
playstore,5,,Good work,2026-09-02
playstore,5,,great,2026-09-02
playstore,5,,good app,2026-09-02
playstore,5,,nice 👍🙂,2026-09-02
playstore,5,,Good,2026-09-02
playstore,5,,😍😍😍😍😍😍😍🙏🏻🙏🏻🙏🏻🙏🏻🙏🏻,2026-09-02
playstore,5,,Nice app,2026-09-02
playstore,5,,very good experience,2026-09-02
playstore,1,,it is worst app my inside money gone and I see it shows minus literally if anyone download these app please see the my comments then you download and invest,2026-09-02
playstore,5,,🧿,2026-09-02
playstore,5,,🫂👍,2026-09-02
playstore,5,,a one,2026-09-02
playstore,1,,1.every week update 2.inside charge 3system fult 4.costmer response 0000,2026-09-02
playstore,5,,good 👍,2026-09-02
playstore,5,,good 👍,2026-09-02
playstore,5,,very nice. chart,2026-09-02
playstore,3,,"after the update, on screen button in android is not working as earlier when the groww's app technical chart is opened. just let me know by when this issue will be resolved?",2026-09-02
playstore,5,,Good,2026-09-02
playstore,5,,very good,2026-09-02
playstore,5,,best,2026-09-02
playstore,5,,good,2026-09-02
playstore,5,,very nice app of trading,2026-09-02
playstore,5,,good,2026-09-02
playstore,5,,nice,2026-09-02
playstore,5,,👍,2026-09-02
playstore,5,,smooth operation,2026-09-02
playstore,5,,good app,2026-09-02
playstore,5,,👍,2026-09-02
playstore,5,,every good apps,2026-09-02
playstore,5,,pandu,2026-09-02
playstore,5,,good application no other hidden charges 😊,2026-09-02
playstore,5,,comfort platform,2026-09-02
playstore,5,,very good,2026-09-02
playstore,4,,good,2026-09-02
playstore,5,,good,2026-09-02
playstore,5,,well,2026-09-02
playstore,5,,instant withdrawal very good one,2026-09-02
playstore,5,,nice 👍,2026-09-02
playstore,4,,great app and very fast app suggestion: need Link for top 5 buyer seller window (Android phone),2026-09-02
playstore,5,,"Groww is a very user-friendly and reliable investment platform. The app is simple to use, transactions are smooth, and the overall experience is excellent. Highly recommended",2026-09-02
playstore,5,,good,2026-09-02
playstore,5,,Awesome 👌,2026-09-02
playstore,1,,forex trading is best .,2026-09-02
playstore,5,,nice super,2026-09-02
playstore,5,,nice,2026-09-02
playstore,5,,nice,2026-09-02
playstore,5,,good,2026-09-02
playstore,5,,very good interface.,2026-09-02
playstore,5,,all future goods and stock marketing easily play,2026-09-02
playstore,4,,simple easy to trade,2026-09-02
playstore,5,,"Groww provides a simple and user-friendly platform for investing and trading. The interface is easy to understand, transactions are generally smooth, and the overall experience is good. Customer support and service improvements would make the platform even better.",2026-09-02
playstore,5,,There is no better platform than Groww,2026-09-02
playstore,5,,best app,2026-09-02
playstore,5,,excellent,2026-09-02
playstore,5,,nice,2026-09-02
playstore,5,,supper,2026-09-02
playstore,5,,"बहुत ही सरल ऐप है,और चार्ज भी ठीक है,इस ऐप को यूज करके मजा आ रहा है....🙂",2026-09-02
playstore,5,,very nice,2026-09-02
playstore,5,,good,2026-09-02
playstore,4,,good 👍,2026-09-02
playstore,5,,auto debit directly from saving account for share purchase from market.,2026-09-02
playstore,5,,very good,2026-09-02
playstore,5,,good experience,2026-09-02
playstore,5,,best for investment,2026-09-02
playstore,5,,Complete your KYC & Esign Process 34.1k Coin 1.Click on the link below. 2.Download the App. 3.Register on the App via mobile number present in your device. 4. Complete your KYC & Esign Process to claim this reward. 5.Open Demat Account. 6.Buy stocks worth Rs.50 to claim this reward. ( Mandatory ) Note: Buying stock is compulsory to receive cashback.,2026-09-02
playstore,5,,Easy to use app,2026-09-02
playstore,5,,Avg. Reward Time: 10 mins,2026-09-02
playstore,1,,worst experience... trying to reach the customer care to resolve my issue...but couldn't reach...no reply to email and didn't pick up the customer care call....waiting since friday,2026-09-01
playstore,5,,good,2026-09-01
playstore,5,,good,2026-09-01
playstore,5,,best,2026-09-01
playstore,2,,good,2026-09-01
playstore,5,,great,2026-09-01
playstore,5,,super,2026-09-01
playstore,4,,very good,2026-09-01
playstore,5,,Lingasamy M,2026-09-01
playstore,5,,"Very clean and beginner-friendly. This is probably Groww’s biggest strength. Stocks, mutual funds, ETFs, IPOs and other products are available in one app. Groww now offers advanced charts, intraday tools, F&O, MTF and a dedicated terminal, but some users report lag or responsiveness problems, particularly around trading activity.📈📉📈📉",2026-09-01
playstore,5,,UI and UX is good 👍,2026-09-01
playstore,5,,👍,2026-09-01
playstore,5,,good,2026-09-01
playstore,5,,good application,2026-09-01
playstore,4,,nice,2026-09-01
playstore,1,,corrupt hai ye aap because trade ko manipulate Karte hai ye,2026-09-01
playstore,5,,best,2026-09-01
playstore,5,,very nice 🙂,2026-09-01
playstore,4,,good 👍,2026-09-01
playstore,5,,extremely beneficial,2026-09-01
playstore,4,,"It is very nice aap,I am using it.",2026-09-01
playstore,5,,good app,2026-09-01
playstore,5,,good,2026-09-01
playstore,5,,great,2026-09-01
playstore,5,,very good,2026-09-01
playstore,5,,best,2026-09-01
playstore,5,,very good,2026-09-01
playstore,5,,good 😊,2026-09-01
playstore,5,,veri good,2026-09-01
playstore,5,,not this time,2026-09-01
playstore,5,,good ap,2026-09-01
playstore,5,,abhi hamne download Kiya hai dekhta hu kitna support milta groww stocks se thanks for guest,2026-09-01
playstore,5,,understand very easy for low english know people,2026-09-01
playstore,5,,Best aap,2026-09-01
playstore,5,,good,2026-09-01
playstore,4,,ek dam badhiya hai,2026-09-01
playstore,5,,👍nice,2026-09-01
playstore,1,,"Hello groww your team cut my money in our mutual fund sell unit """""" your team resolved it my gotal money debit 3700+",2026-09-01
playstore,5,,good 👍,2026-09-01
playstore,4,,good,2026-09-01
playstore,5,,superb,2026-09-01
playstore,5,,nice,2026-09-01
playstore,5,,ok,2026-09-01
playstore,4,,very nice,2026-09-01
playstore,5,,good,2026-09-01
playstore,5,,good,2026-09-01
playstore,5,,good 👍,2026-09-01
playstore,5,,easy to understand,2026-09-01
playstore,5,,good,2026-09-01
playstore,4,,very Good 👍🏻,2026-09-01
playstore,1,,"just now uninstalled the groww app. i though of trading, options through this app. intially, i wanted to observe this app, if conducive wanted to dive into it. Holy cow, the recent update made it worse. unable to explore the features or trying to take the credentials of my account. Not even deserve one star. i wonder how all those 5 stars you guys got !!! GROWW, you really messed up with the recent update.",2026-09-01
playstore,3,,very good,2026-09-01
playstore,4,,good,2026-09-01
playstore,5,,super groww is a good income in my life,2026-09-01
playstore,5,,great 👍,2026-09-01
playstore,5,,good,2026-09-01
playstore,5,,Good,2026-09-01
playstore,5,,best,2026-09-01
playstore,5,,good 👍,2026-09-01
playstore,5,,its good,2026-09-01
playstore,5,,top list and lower list mention this app,2026-09-01
playstore,4,,very good,2026-09-01
playstore,2,,"Best user interface ,but high brokerage charges . I recommend kotak neo to everyone under age 30",2026-09-01
playstore,5,,smooth app,2026-09-01
playstore,1,,mere paise gayab ho jaata hai kaisa app hai 14000 tha 6000 hi dikha raha hai kaisa app hai ye,2026-09-01
playstore,1,,Worst customer service executives and world of delays,2026-09-01
playstore,5,,excellent,2026-09-01
playstore,5,,great 👍,2026-09-01
playstore,1,,"Deserve 0 because of pathetic customer care service Edit: Groww makes people wait for every message for 15 to 20 minutes, sometimes even half an hour. They want people to use Groww's customer chat service and forget everything in their lives.",2026-09-01
playstore,3,,brokerage bahut jyada hai,2026-09-01
playstore,5,,very nice,2026-09-01
playstore,5,,Please provide 'CPR with pivot levels' indicator and 'Layout' features...,2026-09-01
playstore,5,,very good,2026-09-01
playstore,5,,good opportunity and very nice app,2026-09-01
playstore,5,,good app,2026-09-01
playstore,5,,good 👍,2026-09-01
playstore,5,,excellent,2026-09-01
playstore,5,,good,2026-09-01
playstore,5,,good 👍👍,2026-09-01
playstore,5,,good 👍👍,2026-09-01
playstore,4,,good,2026-09-01
playstore,5,,⭐⭐⭐⭐⭐,2026-09-01
playstore,5,,very nice aap,2026-09-01
playstore,5,,best UI,2026-09-01
playstore,4,,good,2026-09-01
playstore,3,,scalping option not good,2026-09-01
playstore,5,,well,2026-09-01
playstore,4,,good,2026-09-01
playstore,5,,good,2026-09-01
playstore,4,,Good Service 👍,2026-09-01
playstore,4,,best,2026-09-01
playstore,5,,superb,2026-09-01
playstore,5,,good,2026-09-01
playstore,5,,best broker for mutual fund and stock,2026-09-01
playstore,5,,good 👍,2026-09-01
playstore,3,,my re kyc option is not showing please check immediately.im waiting form last 5 days,2026-09-01
playstore,5,,jst A amazing app ❤️‍🩹,2026-09-01
playstore,5,,very useful app for those who r intrested in share market...,2026-09-01
playstore,5,,Thoda dhyan se. grow karna,2026-09-01
playstore,5,,eco friendly use,2026-09-01
playstore,5,,good one app,2026-09-01
playstore,5,,🥰👍,2026-09-01
playstore,5,,Best app,2026-09-01
playstore,5,,good,2026-09-01
playstore,5,,awesome for trading,2026-09-01
playstore,5,,good,2026-09-01
playstore,5,,excellent,2026-09-01
playstore,1,,horrible customer service experience,2026-09-01
playstore,5,,ok,2026-09-01
playstore,5,,excellent,2026-09-01
playstore,5,,good,2026-09-01
playstore,4,,osm,2026-09-01
playstore,5,,good 👍🏻,2026-09-01
playstore,5,,"Nice platform for Trading, but for some INTRADAY stocks margin Money is less compared with zerodha",2026-09-01
playstore,5,,good app,2026-09-01
playstore,5,,thankyou groww,2026-09-01
playstore,5,,good,2026-09-01
playstore,5,,Helpful broker app,2026-09-01
playstore,5,,Good 👍,2026-09-01
playstore,5,,nice very,2026-09-01
playstore,5,,good,2026-09-01
playstore,5,,Great app.,2026-09-01
playstore,5,,very nice app,2026-09-01
playstore,5,,good,2026-09-01
playstore,5,,good,2026-09-01
playstore,5,,bahut achcha app hai 🥰🫣,2026-09-01
playstore,5,,awesome trade apps,2026-09-01
playstore,5,,good 👍,2026-09-01
playstore,4,,very very good apps,2026-09-01
playstore,2,,Recent update to the app pushes for intraday trades by randomly auto selecting intraday option in buy screen. dirty tactics to increase margins? support is clueless and plays dumb. it's a shame because i really liked this app so far over other players.,2026-09-01
playstore,5,,nice,2026-09-01
playstore,5,,😍,2026-09-01
playstore,5,,ok,2026-09-01
playstore,5,,Nice best,2026-09-01
playstore,3,,very nice 👍,2026-09-01
playstore,5,,osm,2026-09-01
playstore,1,,data doesn't update after latest update. i have to refresh every second to track prices,2026-09-01
playstore,5,,very nice work,2026-09-01
playstore,5,,good,2026-09-01
playstore,5,,nice 👍,2026-09-01
playstore,5,,very good,2026-09-01
playstore,5,,excellent application and user friendly,2026-09-01
playstore,3,,"Once MF orders are added into cart, No option to access cart and process payment for all orders at once",2026-09-01
playstore,4,,This is good to use and easy to working all steps,2026-09-01
playstore,1,,Latest update नंतर जिथं मोबाईलचे परत जायचं बटण असत (back button) तिथं groww chart वर शिफ्ट करायचं option आलंय त्यामुळे खूप अडचणी येत आहेत ट्रेड करताना.. ऑर्डर buy & sell दोन्ही लेट होत आहेत.. कृपया तातडीने हे नवीन चालू केलेलं बंद करा नाहीतर आम्हाला ब्रोकर बदलावा लागेल,2026-09-01
playstore,5,,good,2026-09-01
playstore,2,,brokerage bahut jyada h...,2026-09-01
playstore,5,,good,2026-09-01
playstore,5,,good app,2026-09-01
playstore,5,,excellent app👍,2026-09-01
playstore,5,,good 👍,2026-09-01
playstore,5,,amazing,2026-09-01
playstore,5,,Great Experience,2026-09-01
playstore,4,,Worst customer service. Neither do they respond properly providing solutions nor do they provide proper services.,2026-09-01
playstore,5,,good,2026-09-01
playstore,5,,best,2026-09-01
playstore,5,,best,2026-09-01
playstore,5,,Best,2026-09-01
playstore,5,,ok,2026-09-01
playstore,5,,nice groww,2026-09-01
playstore,1,,poor technical service,2026-09-01
playstore,5,,Great,2026-09-01
playstore,5,,The app is easy to use and the design of the app is very good. and this black ui giving vibe,2026-09-01
playstore,5,,good,2026-09-01
playstore,5,,good,2026-09-01
playstore,5,,good,2026-09-01
playstore,5,,"Very easy to use the app,using the app from last 5 years.",2026-09-01
playstore,5,,good,2026-09-01
playstore,5,,good,2026-09-01
playstore,5,,awesome,2026-09-01
playstore,1,,Wrost,2026-09-01
playstore,4,,good 👍,2026-09-01
playstore,5,,good,2026-09-01
playstore,5,,nice,2026-09-01
playstore,5,,very nice app groww,2026-09-01
playstore,5,,good app,2026-09-01
playstore,5,,best trading app,2026-09-01
playstore,5,,Very good,2026-09-01
playstore,3,,My loan section is not showing pay in advance and foreclosure option please fix it,2026-09-01
playstore,5,,Great app to track all the external funds .,2026-09-01
playstore,5,,very good,2026-09-01
playstore,2,,add The expert analysis about the stock and more,2026-09-01
playstore,5,,good ❤️❤️,2026-09-01
playstore,5,,real good 👍,2026-09-01
playstore,5,,nice to use,2026-09-01
playstore,5,,excellent,2026-09-01
playstore,4,,very good,2026-09-01
playstore,5,,good,2026-09-01
playstore,5,,Easy and Manageable,2026-09-01
playstore,4,,very nice groww aap,2026-09-01
playstore,5,,try to more improvement.,2026-09-01
playstore,5,,Excellent and user friendly.. ease of navigation..,2026-09-01
playstore,1,,high price,2026-09-01
playstore,5,,👍👍👍,2026-09-01
playstore,5,,Is app is a saving money. i am happy this app.,2026-09-01
playstore,5,,good Aap,2026-09-01
playstore,1,,"i am new user, unable to login with my mobile number. it always gives error - ""something went wrong"". trying for past week, same error. please allow login with emailid alone so that i can try out all features of groww ecosystem. unable to even start/tryout the app. very disappointing.",2026-09-01
playstore,5,,too good,2026-09-01
playstore,5,,good👍,2026-09-01
playstore,5,,best trading app,2026-09-01
playstore,5,,good experience last 4 month start niwes throghw this app,2026-09-01
playstore,1,,💩,2026-09-01
playstore,5,,"Funds not loading quickly after latest update Login problem, on website and app, please look into it (since update)",2026-09-01
playstore,1,,not giving me IPO's,2026-09-01
playstore,5,,Groww is a good app and good working and good advice,2026-09-01
playstore,5,,nice aap,2026-09-01
playstore,1,,charging loats of,2026-09-01
playstore,5,,good,2026-09-01
playstore,2,,brokerage high and order placement is very slow,2026-09-01
playstore,5,,Worst service,2026-09-01
playstore,5,,good app for trading,2026-09-01
playstore,5,,good,2026-09-01
playstore,5,,thanks i am happy,2026-09-01
playstore,1,,good,2026-09-01
playstore,5,,trusted app. nice experience,2026-09-01
playstore,5,,"Best app, Thank you groww",2026-09-01
playstore,5,,good app for trading and easy process,2026-09-01
playstore,4,,very good service I like it 😄,2026-08-31
playstore,5,,good for all usage,2026-08-31
playstore,5,,good experience,2026-08-31
playstore,5,,good app with very simple interface. almost every thing u need is available. customer support is very good also during market hours. need improvement like trading on chart. no export advisory for trading. The fee on trade is high compression to other 5* rating trading apps. for 0 trading fee novia like app is best. Hope grow team also do better for customer.,2026-08-31
playstore,5,,download,2026-08-31
playstore,5,,good 👍,2026-08-31
playstore,1,,"Misleading app, the app will create F&O, Bonds accounts without your concern. By mistake if you tap on them, it will show a popup about the feature, but it will not ask your permission to create an account.",2026-08-31
playstore,5,,"superb one much better than its competitors especially angel one ..,",2026-08-31
playstore,5,,good,2026-08-31
playstore,4,,good,2026-08-31
playstore,5,,best keep upgrading,2026-08-31
playstore,4,,"Hello, Overall Good Application, Simple Easy to use, Plz increase the Capacity of Watch list, Need Minimum 250, and Also Request Add US stock",2026-08-31
playstore,5,,user friendly.. simply superb to use.. I strongly recommend this app to all trading enthusiast,2026-08-31
playstore,4,,"best app for users,very simple and knowledgeable home page",2026-08-31
playstore,5,,Most powerful App,2026-08-31
playstore,5,,wonderful 👍,2026-08-31
playstore,5,,good work,2026-08-31
playstore,5,,good performance,2026-08-31
playstore,4,,Easy to use. I need clarity on brokerage charges with tax % for trading in commodities,2026-08-31
playstore,5,,Wonderful Experience,2026-08-31
playstore,4,,good to invest,2026-08-31
playstore,5,,good,2026-08-31
playstore,5,,new update,2026-08-31
playstore,4,,good,2026-08-31
playstore,5,,very best,2026-08-31
playstore,5,,groww is the best,2026-08-31
playstore,1,,"the worst broking app , many glitches whilentrading i won't recommend using it",2026-08-31
playstore,5,,so cute ❣️❣️,2026-08-31
playstore,5,,it's nice app to moniter funds,2026-08-31
playstore,5,,overall very good user friendly application,2026-08-31
playstore,5,,good app for india stook market,2026-08-31
playstore,5,,good,2026-08-31
playstore,5,,BEST TRADING APP,2026-08-31
playstore,5,,super super good 👍,2026-08-31
playstore,5,,Grateful for this app 😇,2026-08-31
playstore,5,,good,2026-08-31
playstore,5,,all good,2026-08-31
playstore,5,,❤️❤️❤️,2026-08-31
playstore,4,,very good,2026-08-31
playstore,5,,very good app,2026-08-31
playstore,5,,good application for investment,2026-08-31
playstore,3,,good 👍,2026-08-31
playstore,5,,very nice app for stock mutual fund very easy user interface and very low platform charges.. thank you so much,2026-08-31
playstore,5,,best app so easy to use,2026-08-31
playstore,5,,good,2026-08-31
playstore,1,,waste app,2026-08-31
playstore,4,,App unusuful. 🥱,2026-08-31
playstore,5,,best experience,2026-08-31
playstore,4,,please add the option where we can find out which fund performing well nd which one is bad.,2026-08-31
playstore,4,,very good app,2026-08-31
playstore,5,,good 👍,2026-08-31
playstore,5,,Awesome,2026-08-31
playstore,5,,execellent,2026-08-31
playstore,5,,good one,2026-08-31
playstore,5,,good,2026-08-31
playstore,5,,super,2026-08-31
playstore,3,,gud,2026-08-31
playstore,5,,good apps,2026-08-31
playstore,5,,simple interface,2026-08-31
playstore,5,,"I have never seen a better app than this, it is so simple and a great app for both beginners and experienced users.",2026-08-31
playstore,5,,nice,2026-08-31
playstore,5,,I am very lucky because I have this application 🙏🏻,2026-08-31
playstore,1,,"I have been a groww customer for the last 5 years. Since last month I have been trying to update my e-mail id but due to reasons unknown it has failed number of times. Everytime I tried changing the email id it shows ""Account Creation is in process.Plz try again once the account is activated''. I contacted the customer care number of times but they failed to resolve the issue. Also the customer support of yours is unable to reach. Many times its not reachable. WORST CUSTOMER CARE.",2026-08-31
playstore,5,,good,2026-08-31
playstore,5,,l like this app so much thanks to developers to listen my words may be this change will helpful for everyone,2026-08-31
playstore,1,,i am using last 5 years but I don't get profit so i will give one Star ⭐ thankyou 🥺,2026-08-31
playstore,5,,now it is working properly,2026-08-31
playstore,5,,👍🏻👍🏻,2026-08-31
playstore,5,,Investors Friendly Platform 👌,2026-08-31
playstore,5,,good,2026-08-31
playstore,1,,useles,2026-08-31
playstore,1,,The apps says that it is not compatable with my device. So I cannot operate anymore.,2026-08-31
playstore,1,,Brokerage charges very high other apps Brokerage charges 0,2026-08-31
playstore,4,,ipo के सबक्रिप्शन की सही जानकारी नही मिलती है,2026-08-31
playstore,4,,okay but,2026-08-31
playstore,5,,ok,2026-08-31
playstore,5,,negative points for groww long term investors equity delivery buy charges high compare another brokers,2026-08-31
playstore,1,,Worst app angel one dhan 5 paisa are better then this broker,2026-08-31
playstore,5,,trusted plateform,2026-08-31
playstore,5,,nice,2026-08-31
playstore,2,,ok alle t,2026-08-31
playstore,5,,Good,2026-08-31
playstore,5,,best app for trading,2026-08-31
playstore,5,,An application for all required,2026-08-31
playstore,5,,excellent performance,2026-08-31
playstore,3,,good job,2026-08-31
playstore,1,,The customer service is worst. I don't get any reply even though it say 24/7 support,2026-08-31
playstore,5,,best app,2026-08-31
playstore,5,,best trading,2026-08-31
playstore,1,,not all tools are available,2026-08-31
playstore,5,,👍,2026-08-31
playstore,5,,very nice and happy,2026-08-31
playstore,5,,very good,2026-08-31
playstore,5,,super,2026-08-31
playstore,5,,this is very good app,2026-08-31
playstore,5,,good,2026-08-31
playstore,5,,bahut acchi mutual fund app hai.,2026-08-31
playstore,5,,Very good app,2026-08-31
playstore,3,,"Other trading apps provide an OI (Open Interest) profile directly on the live chart. Could you please add this feature to the Groww app as well? It would make it much easier for traders to analyze OI levels, support/resistance, and market positioning directly from the chart.",2026-08-31
playstore,5,,Good,2026-08-31
playstore,4,,it's good,2026-08-31
playstore,5,,Best platform for stock Market,2026-08-31
playstore,5,,nice app,2026-08-31
playstore,5,,Good,2026-08-31
playstore,5,,good,2026-08-31
playstore,5,,very good 👍,2026-08-31
playstore,3,,"groww is one of my favourite applications when it comes to investment however the major issue with groww is it's customer service, their AI disconnects the call repeatedly and their chat service responds with much delay.",2026-08-31
playstore,5,,good,2026-08-31
playstore,1,,"Don't install this app its worst the candle timing is not accurate and for past weeks the last candle makes very abruptly confusing all instead go for other brokers like tradingview, dhan, fyers etc",2026-08-31
playstore,3,,good,2026-08-31
playstore,5,,super,2026-08-31
playstore,5,,best trading app,2026-08-31
playstore,5,,good,2026-08-31
playstore,5,,very nice 👍👍👍,2026-08-31
playstore,1,,"On the new update the full screen chart is automatically switching to full screen, the new Scalper switch on the bottom annoying getting turned on!",2026-08-31
playstore,1,,useless app,2026-08-31
playstore,5,,bhot khoob very good,2026-08-31
playstore,5,,very good,2026-08-31
playstore,2,,"My experience was fantastic with groww over the years..I have been using this platform from past 4 years and i just wondered why no other platforms, mainly the peer companies don't have this ease of use..But off late the updates in this particular app is getting so vulnerable that it totally lacked the ease of use..",2026-08-31
playstore,4,,good,2026-08-31
playstore,5,,good service,2026-08-31
playstore,2,,"After the recent GROWW Application Update, it has been observed that the bit by bit graphs are not getting updated immediately and lag behind. I need to refresh the screen to get the updated price. Kindly fix this.",2026-08-31
playstore,4,,Good to user friendly,2026-08-31
playstore,5,,good service,2026-08-31
playstore,1,,do not use,2026-08-31
playstore,5,,excellent app,2026-08-31
playstore,1,,unnecessarily asking for money and not showing proper options or steps to sell the stocks. I made loss because of them. Came back to playstore to give this app 1 star (0 is not an option) found that already given. waiting for the day to delete this app forever. most stupidest app ever.,2026-08-31
playstore,5,,experience 5 Star hai please brokerage 10 rupee kardo na bahut acha rahega jitna kamate nahi usse jyada to brokerage chala jata hai,2026-08-31
playstore,5,,Best application for ever,2026-08-31
playstore,2,,ye app thik hi chlta h.... sl me sl se 2-3 point niche hit hota h or target me target se phele hit hoke cut jata h... mtlb dono trf nuksan hota h... mene 5star ratings di thi ab isko km krke 2 star hi deta hu..,2026-08-31
playstore,1,,"Stocks and f&o intraday sqareoff timings always problematic(they mentioned 3.20 p.m ),but,they sqareoff any time they want and loot Sqare-off charges (50 + GST.)",2026-08-31
playstore,5,,good 👍,2026-08-31
playstore,5,,excellent,2026-08-31
playstore,1,,The new features are third class The old features were great to know all the charts at a single time after seeing the new feature I really want to uninstall the app now the have another feature like grow chart & scalper mode hate it a lot me and all of my friends nobody likes that button very very irritating,2026-08-31
playstore,5,,best,2026-08-31
playstore,5,,ok nice service,2026-08-31
playstore,5,,superb,2026-08-31
playstore,1,,"very bad application, Customer support system is very very bad, don't download this app if you don't want to loose your money.",2026-08-31
playstore,5,,Stocks mein jo scalping update kiye ho Groww bahut badhiya. one of the best features among all brokers. Thanks,2026-08-31
playstore,1,,"worst app, even after successfully approving the ipo mandate, the status on groww is not updating.",2026-08-31
playstore,1,,very nice,2026-08-31
playstore,5,,"Really happy with the new F&O Lock feature in the Groww app. It’s a very useful update for traders, especially for managing risk and avoiding accidental F&O trades. The feature is simple, easy to use, and gives better control over trading activities. Great job, Groww team! 👏 Keep bringing more useful features like this. 🚀",2026-08-31
playstore,3,,NFOs nhi show ho rhe h ?,2026-08-31
playstore,1,,Support is too bad if u face any trouble they will too much time to provide assistance approximately upto 1 week for minor issue. no resolution even sending mail to the given mail id.,2026-08-31
playstore,5,,achha hai,2026-08-31
playstore,5,,nice aap,2026-08-31
playstore,5,,ok,2026-08-31
playstore,5,,very good experience 💯,2026-08-31
playstore,5,,👍👍good,2026-08-31
playstore,1,,ipo no response,2026-08-31
playstore,5,,good,2026-08-31
playstore,5,,the best app for market.,2026-08-31
playstore,5,,good service,2026-08-31
playstore,5,,best,2026-08-31
playstore,5,,very very good,2026-08-31
playstore,5,,nice🤩,2026-08-31
playstore,5,,super,2026-08-31
playstore,1,,"previous update was best. new update is creating problem in chart page, the lower right side ""scalper"" option.",2026-08-31
playstore,5,,excellent working,2026-08-31
playstore,5,,I trust this platform,2026-08-31
playstore,5,,good 👍,2026-08-31
playstore,5,,good,2026-08-31
playstore,5,,nice,2026-08-31
playstore,5,,ok,2026-08-31
playstore,4,,good app must use,2026-08-31
playstore,5,,good 👍,2026-08-31
playstore,5,,easy to access,2026-08-31
playstore,5,,love this,2026-08-31
playstore,4,,charges should be less and,2026-08-31
playstore,5,,Excellent,2026-08-31
playstore,5,,Nice place for learning and trading/investment made easy.,2026-08-31
playstore,1,,update hi iski problem h,2026-08-31
playstore,3,,aapka deduction tax one time kaatna chahie sale Karen ya buy one time,2026-08-31
playstore,5,,best Groow,2026-08-31
playstore,5,,very good,2026-08-31
playstore,1,,worst company,2026-08-31
playstore,5,,best,2026-08-31
playstore,5,,good,2026-08-31
playstore,5,,good,2026-08-31
playstore,5,,good,2026-08-31
playstore,5,,nice one,2026-08-31
playstore,5,,excellent,2026-08-31
playstore,4,,👍,2026-08-31
playstore,1,,groww wale tum kaun kaunsi update karte rahte ho ... tumhare updating very bad hote jaraha hai aur abhi full screen wala update sabse bekar and ghatiya hai .... modify karne ke liye kai bar back jana padta hai,2026-08-31
playstore,5,,good,2026-08-31
playstore,1,,worst experience . This app interface for mobile is designed to rob the option trader with frequently changing interface. every next update makes your buttons different and your habit of previous window buttons make you place orders or exit orders accidentally.,2026-08-31
playstore,5,,good 👍🏻,2026-08-31
playstore,5,,nice,2026-08-31
playstore,5,,user friendly,2026-08-31
playstore,5,,very good,2026-08-31
playstore,5,,best,2026-08-31
playstore,5,,to Good,2026-08-31
playstore,5,,easy to use app,2026-08-31
playstore,5,,Ease of Use.,2026-08-31
playstore,5,,nice,2026-08-31
playstore,5,,best,2026-08-31
playstore,5,,so nice good service and information,2026-08-31
playstore,5,,best broker,2026-08-31
playstore,4,,simple and good interface for beginners,2026-08-31
playstore,5,,bahut badhiya hai ba thoda broker charge jyada hai,2026-08-31
playstore,5,,ok,2026-08-31
playstore,4,,Good,2026-08-31
playstore,5,,thanks OK,2026-08-31
playstore,5,,good,2026-08-31
playstore,5,,good,2026-08-31
playstore,5,,good 👍,2026-08-31
playstore,4,,good for everyone,2026-08-31
playstore,4,,good 👍,2026-08-31
playstore,5,,good,2026-08-31
playstore,5,,good,2026-08-31
playstore,5,,nice 👍,2026-08-31
playstore,5,,good,2026-08-31
playstore,5,,excellent,2026-08-31
playstore,1,,The app keeps crashing continuously after the recent update. Kindly fix that!,2026-08-31
playstore,5,,very good,2026-08-31
playstore,1,,"in charts mode the scalper option is irritating please remove it, or place it on other side",2026-08-31
playstore,5,,Experience good,2026-08-31
playstore,5,,groww supper,2026-08-31
playstore,1,,"After recent update, Back button disappears in the bottom once u Enter into Trading view.",2026-08-31
playstore,5,,good,2026-08-31
playstore,3,,good,2026-08-31
playstore,1,,totally apko bhkane wali app h koi sip 2 sal se minus m return de rhi h or dikhate h 30 % return,2026-08-31
playstore,5,,very smart now,2026-08-31
playstore,5,,good,2026-08-31
playstore,5,,very very good 👍,2026-08-31
playstore,5,,v good,2026-08-31
playstore,5,,good 💯,2026-08-31
playstore,5,,jordar,2026-08-31
playstore,5,,really fantastic platform,2026-08-31
playstore,5,,good 😊,2026-08-31
playstore,5,,good experience...,2026-08-31
playstore,1,,add advance order feature for allotted ipos.... it's the feature all ur major competitors have just not you... how come ur technical team didn't notice this earlier....,2026-08-31
playstore,5,,good,2026-08-31
playstore,5,,Good aap for investment for long-term,2026-08-31
playstore,4,,very nice,2026-08-31
playstore,5,,🙏,2026-08-31
playstore,5,,good,2026-08-31
playstore,5,,easy run app,2026-08-31
playstore,1,,rubbish,2026-08-31
playstore,5,,good,2026-08-31
playstore,1,,some times very lagged we refresh every minute,2026-08-31
playstore,5,,good experience and essay stocks buy and sell i like this application,2026-08-31
playstore,5,,"hello sir please option chain me hi resistance support oi ko highlighted kijiye ,key level indicator ploting add kijiye",2026-08-31
playstore,5,,best,2026-08-31
playstore,5,,nice app & improve day by day,2026-08-31
playstore,5,,"New features like screener, volume shockers etc added made easy to filter the stocks. Keep improving......",2026-08-31
playstore,5,,good,2026-08-31
playstore,5,,suppr,2026-08-31
playstore,4,,good,2026-08-31
playstore,1,,It's been a week since I requested to close my Demat account but there has been no response.,2026-08-31
playstore,5,,Good service,2026-08-31
playstore,5,,एक्सीलेंट,2026-08-31
playstore,5,,nice,2026-08-31
playstore,3,,only Hindi Language sir please.,2026-08-31
playstore,5,,good,2026-08-31
playstore,5,,gud,2026-08-31
playstore,5,,very trusted,2026-08-31
playstore,5,,good 👍,2026-08-31
playstore,5,,best ❣️,2026-08-31
playstore,5,,good app,2026-08-31
playstore,5,,super easy to use,2026-08-31
playstore,5,,best app,2026-08-31
playstore,5,,Best for beginners to Experience,2026-08-31
playstore,5,,extremely good experience with Grow application..,2026-08-31
playstore,5,,Love the UI and design! It's simple to understand having all functionalities a trader should need! My only Investment app for future 😊,2026-08-31
playstore,5,,highly satisfied.,2026-08-31
playstore,5,,best app for sip♥️😊,2026-08-31
playstore,5,,very good,2026-08-30
playstore,4,,recently many apps have been a headache to me and I'm glad to say this ain't it,2026-08-30
playstore,5,,I will be satisfied 😀 simple easy to use,2026-08-30
playstore,5,,Add new functions such as (index +call/put) layout to appear on the same screen,2026-08-30
playstore,5,,that's good app,2026-08-30
playstore,4,,"overall good experience, hight tax",2026-08-30
playstore,5,,One of the best apps,2026-08-30
playstore,5,,very good 👍,2026-08-30
playstore,5,,"great app, and interface",2026-08-30
playstore,5,,nice,2026-08-30
playstore,5,,🔝,2026-08-30
playstore,5,,excellent,2026-08-30
playstore,5,,Nice aap for stocks & mutual funds excellent service.,2026-08-30
playstore,5,,benefit Hai benefit,2026-08-30
playstore,1,,it lags a lot,2026-08-30
playstore,5,,good app,2026-08-30
playstore,4,,Great,2026-08-30
playstore,5,,nice🤩,2026-08-30
playstore,1,,very third class update its not installed,2026-08-30
playstore,1,,broken charges are too high,2026-08-30
playstore,1,,bad aap,2026-08-30
playstore,5,,good,2026-08-30
playstore,5,,good,2026-08-30
playstore,1,,no customer service support 😠,2026-08-30
playstore,5,,my holding is loss 10000 but i will happy,2026-08-30
playstore,5,,supar,2026-08-30
playstore,3,,Good trading,2026-08-30
playstore,5,,v good,2026-08-30
playstore,1,,ai button at the top was available before but after updating the app it is remove. why!,2026-08-30
playstore,5,,best App,2026-08-30
playstore,5,,Good Luck 👍,2026-08-30
playstore,5,,one of the best trading platform or investment 😇,2026-08-30
playstore,1,,"Groww is very easy to use compared to many apps, which I really like. However, there is no separate category or dedicated section for International Mutual Funds, making it difficult to find all available funds. I’ve also noticed that international funds currently not accepting new SIPs or lump-sum investments don’t even appear when searched in the app. This is very disappointing and frustrating. Because of these issues, I’m giving Groww a 1-star review.",2026-08-30
playstore,2,,I am not understand system,2026-08-30
playstore,5,,ok,2026-08-30
playstore,5,,good trading app,2026-08-30
playstore,5,,good,2026-08-30
playstore,5,,Good Platform And Super Fast Growth,2026-08-30
playstore,4,,good,2026-08-30
playstore,5,,this account is safe and secure,2026-08-30
playstore,5,,easy to prosess,2026-08-30
playstore,5,,supar 👌🏻👌🏻👌🏻,2026-08-30
playstore,5,,good,2026-08-30
playstore,4,,very Good work,2026-08-30
playstore,5,,very good 👍👍,2026-08-30
playstore,5,,great,2026-08-30
playstore,4,,సూపర్,2026-08-30
playstore,5,,Tredline. Fibonachi. Tred andgl no . I request aadd,2026-08-30
playstore,4,,easy to use,2026-08-30
playstore,5,,good app 👍,2026-08-30
playstore,5,,very easy and friendly,2026-08-30
playstore,5,,darun app,2026-08-30
playstore,5,,best,2026-08-30
playstore,5,,very good,2026-08-30
playstore,5,,good broker good platform,2026-08-30
playstore,1,,"please don't download this app , because they have worst support system. my experience: I called their support team for email changing problem due to its locked for some reason,they told it's may take 2/3 working days but even after 10 days their is no response from them ,i also raised ticket but nothing changes,still no response, it's time to change app",2026-08-30
playstore,5,,good 😊,2026-08-30
playstore,5,,its good,2026-08-30
playstore,5,,very good user friendly but brocarge charage is little high,2026-08-30
playstore,1,,they cut a money,2026-08-30
playstore,5,,good app easily creat demat acc,2026-08-30
playstore,5,,Easy to use. Simple UI. Quick and Responsive.,2026-08-30
playstore,5,,good,2026-08-30
playstore,4,,"app deserves 5 stars for its user friendly interface, because there's no bond market viewing and trading, and still we can buy bonds feels that something is lacking, please update this issue soon.",2026-08-30
playstore,5,,kal mera first trade hai dhekhte hai kya hota hai jay shree ram ❤️,2026-08-30
playstore,1,,good,2026-08-30
playstore,5,,good experience with this app.,2026-08-30
playstore,4,,good👍,2026-08-30
playstore,5,,very well app,2026-08-30
playstore,5,,okay 👍,2026-08-30
playstore,1,,Just like profit transactions indicated by GREEN 💚 color. I suggested groww team to indicate loss transactions by RED ♥️ color. still not updated.,2026-08-30
playstore,5,,sell money delivery delay for bank account,2026-08-30
playstore,4,,good,2026-08-30
playstore,3,,"can you please add review portfolio facility feature to the app, like ind money and power up aap..this will be great help tp existing user",2026-08-30
playstore,4,,supb🥰😍,2026-08-30
playstore,3,,thik thak hai,2026-08-30
playstore,5,,"very good, I am very impressed by using this app... very simple to use...",2026-08-30
playstore,1,,the app has become too slow. and heavy. earlier it was lite and superfast.,2026-08-30
playstore,5,,Nice app,2026-08-30
playstore,2,,High brokerage,2026-08-30
playstore,5,,Good,2026-08-30
playstore,5,,Best team working support for interest,2026-08-30
playstore,5,,good,2026-08-30
playstore,5,,excellent,2026-08-30
playstore,5,,good experience with groww,2026-08-30
playstore,5,,"I don't like the current way of showing income and profit of companies , please update back to the previous design.",2026-08-30
playstore,5,,"Using Groww since 2018 for both swing trading and long-term investments, including mutual funds. The app is super user-friendly with fast order execution. I really love the clean interface—it doesn't clutter the screen with unnecessary data, making it very easy to understand everything at a glance. Highly recommended.",2026-08-30
playstore,4,,nice,2026-08-30
playstore,5,,very good,2026-08-30
playstore,2,,too much hidden charges,2026-08-30
playstore,5,,veri nice app bahut simple and bahut bahut iji investment and mutual fund thank you,2026-08-30
playstore,5,,nice,2026-08-30
playstore,5,,"The app is super user friendly, and is an easy recco for all beginners.",2026-08-30
playstore,5,,easy to use,2026-08-30
playstore,5,,Abhi Tak start Nhi Hua But star De Deta Hu Kya Pta Hai Ishki,2026-08-30
playstore,5,,very good,2026-08-30
playstore,5,,help in investment,2026-08-30
playstore,5,,Good,2026-08-30
playstore,3,,good,2026-08-30
playstore,1,,good,2026-08-30
playstore,5,,Nice experience,2026-08-30
playstore,4,,good service,2026-08-30
playstore,5,,Very Good app,2026-08-30
playstore,5,,best trading app,2026-08-30
playstore,5,,Easy to use.. Bahut hi helpfully application h.. Sari chije easy way m h jldi smjh ajata h or information bhi milti rahti h. Account information.. Fund.. Account statement sb chij smy s ho jati h mujhe bahut pasand aya yh application,2026-08-30
playstore,5,,Best for trading,2026-08-30
playstore,5,,good,2026-08-30
playstore,5,,it is easy to use,2026-08-30
playstore,5,,good 😊.,2026-08-30
playstore,5,,nice,2026-08-30
playstore,5,,good 👍,2026-08-30
playstore,4,,Add Notes Options in Watchlist as other brokers given. please reduce brokerage charges as it is costlier in charges.,2026-08-30
playstore,5,,very good,2026-08-30
playstore,5,,Excellent...But not smooth candle stick formation,2026-08-30
playstore,5,,good,2026-08-30
playstore,5,,nice,2026-08-30
playstore,5,,Nice app,2026-08-30
playstore,2,,any time app show update just 15 days ago I updated but recently I show new update,2026-08-30
playstore,5,,🙃,2026-08-30
playstore,5,,ok,2026-08-30
playstore,5,,good experience on 23/01/2024,2026-08-30
playstore,5,,good,2026-08-30
playstore,5,,super,2026-08-30
playstore,5,,nice 👍,2026-08-30
playstore,5,,good work,2026-08-30
playstore,5,,Best,2026-08-30
playstore,5,,I'm using this app for a year . It is excellent for beginners like me 😄,2026-08-30
playstore,1,,charges is so much high and no any help,2026-08-30
playstore,5,,Nice new app,2026-08-30
playstore,1,,app is not installing after update and there is some problem while installing from playstore askin to delete most of the apps from my mobile please solve the problem or install previous app,2026-08-30
playstore,1,,exchange charge ka pata hi nahi chalne deta bahut jyada kat leta he,2026-08-30
playstore,3,,good,2026-08-30
playstore,5,,"Good app , thanks all groww team for continuous improving and new technology features.i want one More feature. When we set alert for Nifty, if the Nifty spot price triggers that alert, the option trade should be executed automatically.",2026-08-30
playstore,5,,easy to operate and give update.,2026-08-30
playstore,1,,good 👏,2026-08-30
playstore,2,,good,2026-08-30
playstore,4,,nice,2026-08-30
playstore,5,,very good👍,2026-08-30
playstore,4,,"nice app, but they may think about their brokkerages.... it's to higher than others",2026-08-30
playstore,5,,brokrege fee jyada lagta hai thoda kam to karo,2026-08-30
playstore,5,,superb,2026-08-30
playstore,5,,हिंदुस्तान का बेजोड निवेश app . जय groww जय हिंद चलाने में सबसे ज्यादा आसान app इसकी टक्कर का कोई ओर app नहीं हैं। पूरे भारत में नंबर वन। आसान यूजर फ्रेंडली ऐप। जय हिंद,2026-08-30
playstore,5,,good,2026-08-30
playstore,5,,good,2026-08-30
playstore,5,,very good,2026-08-30
playstore,5,,good app,2026-08-30
playstore,5,,Niche And beter App Service beter Security team are Beter,2026-08-30
playstore,5,,"good service , can I buy your groww own share it's good for wealth",2026-08-30
playstore,5,,best app,2026-08-30
playstore,5,,yah app Itna achcha hai ki mujhe Jaise Garib ko kam se kam 2 sal mein ek lakh ka fayda karva chuka hai thanks groww app Dil Se 🙏🙏❣️,2026-08-30
playstore,1,,"Groww ऐप में Big HNI कैटेगरी के तहत IPO में आवेदन करने का विकल्प उपलब्ध नहीं होना हम जैसे निवेशकों के लिए काफी निराशाजनक है। जबकि हम निवेशक का लगभग 26% तक का app मे use का यूज़ करते है हमें Big HNI कैटेगरी में निवेश करने की सुविधा भी मिलनी चाहिए। Groww एक बड़ा और भरोसेमंद प्लेटफॉर्म है, इसलिए निवेशकों को ऐसी महत्वपूर्ण सुविधा से वंचित रखना उचित नहीं लगता। उम्मीद है कि Groww जल्द से जल्द Big HNI कैटेगरी में IPO आवेदन की सुविधा उपलब्ध कराएगा, ताकि निवेशकों को बेहतर विकल्प और सुविधा मिल सके।",2026-08-30
playstore,5,,"I mean, we already know, it's best...",2026-08-30
playstore,5,,it's very easy to handle. that's why it's perfect for normal people to use.,2026-08-30
playstore,5,,super se bhi uper 👍🧡,2026-08-30
playstore,5,,Simpal ओर easy ऐप Grow is tha bast app,2026-08-30
playstore,5,,Good Service,2026-08-30
playstore,5,,fantastic 😍,2026-08-30
playstore,5,,good 👍,2026-08-30
playstore,5,,Best,2026-08-30
playstore,5,,👍,2026-08-30
playstore,5,,Best app and Customer Support Services,2026-08-30
playstore,5,,very good,2026-08-30
playstore,5,,Best broker,2026-08-30
playstore,5,,Great Platform,2026-08-30
playstore,5,,Double my money,2026-08-30
playstore,1,,"I want ""LINE WITH MARKERS"" tool in this app",2026-08-30
playstore,1,,high commission taking,2026-08-30
playstore,5,,very easy us aplication,2026-08-30
playstore,1,,sapne dikha ke logo ke paise lootna,2026-08-30
playstore,5,,good,2026-08-30
playstore,5,,very good broker app,2026-08-30
playstore,5,,Excellent Trading Platform,2026-08-30
playstore,1,,slow and cahrt sticks while going from one share to another,2026-08-30
playstore,5,,good,2026-08-30
playstore,5,,great app,2026-08-30
playstore,5,,good,2026-08-30
playstore,4,,like it,2026-08-30
playstore,5,,good,2026-08-30
playstore,5,,very good,2026-08-30
playstore,5,,बहुत अच्छा सर्विस और बहुत बढ़िया चला यह एवं और इसमें रुपया निकालने में कोई परेशानी नहीं होती है और डालने में तो कोई दिक्कत नहीं है,2026-08-30
playstore,5,,mast,2026-08-30
playstore,5,,best,2026-08-30
playstore,5,,nice,2026-08-30
playstore,3,,"Very poor customer support, practically no help desk. The available AI help is of no use and infact irritating at a time of need of help. The instantly available AI help literally sucks the mind without any meaningful delivery of result.",2026-08-30
playstore,3,,options brokerage jada hai,2026-08-30
playstore,5,,Great for mutual fund and stocks,2026-08-30
playstore,4,,ok,2026-08-30
playstore,5,,Excellent apps,2026-08-30
playstore,4,,🤩nice,2026-08-30
playstore,5,,very nice,2026-08-30
playstore,4,,great app,2026-08-30
playstore,5,,now improved app performance and speed,2026-08-30
playstore,5,,"im using aap grow so, very useful aaps so...Thanku grow",2026-08-30
playstore,1,,application developer only increase number of download ke liye bar bar application update de raha hai or kuch nahi kar rahe update ke name per,2026-08-30
playstore,5,,very easy to use for freshers,2026-08-30
playstore,1,,"its a basic app dont use this, use zedrodha or angelone",2026-08-30
playstore,4,,very good for investing and also grow your experience,2026-08-30
playstore,5,,good,2026-08-30
playstore,5,,good,2026-08-30
playstore,5,,payment nice,2026-08-30
playstore,5,,good and smooth and also simple,2026-08-30
playstore,4,,best app,2026-08-30
playstore,5,,good,2026-08-30
playstore,5,,"Excellent:- Stock market steps to loose money. My losses above 27 lakh. Preparing Demat Account means start to loose hard earned money without any hesitation. Post office and bank fix deposit is the Supreme work. If you want to defeat inflation. Loose all money in stock market, than no fear of inflation. Buy land,invest for business practices and if you are unable to do any business than fix deposit much Supreme work. I don't trust stock market as stocks,mutual funds or option trading etc",2026-08-30
playstore,1,,"when I open the chart most of the space is blocked by the terminal, etc chart space is very small also when you open the chart full screen the buy and sell button is not working.",2026-08-30
playstore,5,,good,2026-08-30
playstore,5,,good app,2026-08-30
playstore,4,,Great,2026-08-30
playstore,4,,good,2026-08-30
playstore,5,,best of best,2026-08-30
playstore,1,,very bed app,2026-08-30
playstore,4,,good,2026-08-30
playstore,5,,amazing experience,2026-08-30
playstore,5,,Nice,2026-08-30
playstore,5,,Nice,2026-08-30
playstore,4,,good,2026-08-30
playstore,5,,excellent app for invester,2026-08-30
playstore,5,,is very use full app and vary faster⚡,2026-08-30
playstore,4,,details information/news on commodities is needed,2026-08-30
playstore,5,,very nice 👌,2026-08-30
playstore,5,,good jordaar OK,2026-08-30
playstore,1,,very slow,2026-08-30
playstore,3,,good performance,2026-08-30
playstore,5,,nice app,2026-08-30
playstore,5,,good 👍,2026-08-30
playstore,4,,"very nice and great app working right now, I love it",2026-08-30
playstore,5,,this aap is nice,2026-08-30
playstore,5,,👍👍👍,2026-08-30
playstore,5,,very good 💯,2026-08-30
playstore,4,,good UI and user friendly but needs improvement in charts part,2026-08-30
playstore,5,,nice,2026-08-30
playstore,5,,good,2026-08-30
playstore,5,,good,2026-08-30
playstore,5,,good,2026-08-30
playstore,5,,good,2026-08-30
playstore,5,,The best and most user friendly trading app!,2026-08-30
playstore,5,,grow together,2026-08-30
playstore,4,,App user interface is good. But har 2-4 din mai update aa jata h ye bahot irritating lagta h. samjh nahi ata daily basis pe konsa update hota h app mai.,2026-08-30
playstore,5,,wldone,2026-08-30
playstore,5,,good,2026-08-30
playstore,5,,"best app for investment, easy to understand and easy transaction options, easy to understand a stock movement from its beginning to right now at glance only. super and thanks to team grow.",2026-08-30
playstore,5,,good,2026-08-30
playstore,5,,"using this app since 2020,,, soo mast",2026-08-30
playstore,5,,Easy to use,2026-08-30
playstore,5,,good,2026-08-30
playstore,2,,very disappointed,2026-08-30
playstore,3,,Main purchasing or selling time always has their technical issues. Disgusting...,2026-08-30
playstore,5,,Groww is amazing stock broker and easy to handle also gives market related news. So I will recommend for this one.,2026-08-30
playstore,1,,cause delays during FnO,2026-08-30
playstore,4,,good,2026-08-30
playstore,5,,"I have been using this app for last 20 days. As a beginner I'm very satisfied with their service. App is pretty fast. Especially IPO application process happens at lightning speed. They provide tons of information on stock market. I have been using GROWW for 3 years and there is a continuous all round improvement, hence never felt to try to some other app.",2026-08-30
playstore,2,,Good,2026-08-30
playstore,5,,good,2026-08-30
playstore,3,,ok,2026-08-30
playstore,5,,nice Groww app,2026-08-30
playstore,5,,Excellent,2026-08-30
playstore,5,,nice,2026-08-30
playstore,5,,Best App I have ever used. ❣️,2026-08-30
playstore,1,,Brokerage is very high.,2026-08-30
playstore,2,,too much charges even on equity par bhi charges hai jab ki competitors free of cost de rahe hai,2026-08-30
playstore,5,,super,2026-08-30
playstore,5,,superb,2026-08-30
playstore,5,,good experience,2026-08-30
playstore,5,,very good,2026-08-30
playstore,5,,amazing,2026-08-30
playstore,5,,nice,2026-08-30
playstore,3,,nice 👍🏿,2026-08-30
playstore,5,,good,2026-08-30
playstore,4,,"Too many updates, consuming storage..",2026-08-30
playstore,5,,West service I like groww service,2026-08-30
playstore,5,,awesome,2026-08-30
playstore,1,,not live show mutual fund market up down,2026-08-30
playstore,5,,best app for trading,2026-08-30
playstore,5,,no.1 treding app,2026-08-30
playstore,5,,nice,2026-08-30
playstore,5,,best for beginners. very worthy app,2026-08-30
playstore,1,,it's working very slow..,2026-08-30
playstore,5,,supper,2026-08-30
playstore,5,,nice app,2026-08-30
playstore,5,,best 👍🏻777,2026-08-30
playstore,4,,scam,2026-08-30
playstore,3,,when will groww start slbm mechanism.,2026-08-30
playstore,4,,good,2026-08-30
playstore,5,,wow,2026-08-30
playstore,2,,The latest update has an issue as it's showing full screen on the chart page which is making it difficult to navigate to the back screen. Please fix.,2026-08-30
playstore,5,,good,2026-08-30
playstore,1,,very poor application every time technical glitches during trade,2026-08-30
playstore,5,,nice aap wanderful,2026-08-30
playstore,5,,easy to use,2026-08-30
playstore,1,,higher charges compare to other broker,2026-08-30
playstore,1,,bad exprience,2026-08-30
playstore,2,,good,2026-08-30
playstore,5,,good,2026-08-30
playstore,4,,grow charges are there while buy and selling the stock is ₹2 means grow charges ₹5,2026-08-30
playstore,5,,Best user friendly interface.,2026-08-30
playstore,5,,very good 👍,2026-08-30
playstore,5,,The best and faithful app and provides more useful information.,2026-08-30
playstore,5,,very good easy to use,2026-08-30
playstore,5,,best broker app,2026-08-30
playstore,5,,best performance apps,2026-08-30
playstore,5,,excellent tool.....,2026-08-30
playstore,5,,ok,2026-08-30
playstore,5,,best app for ever,2026-08-30
playstore,5,,this is very nice app,2026-08-30
playstore,5,,best,2026-08-30
playstore,5,,it's cool to operate,2026-08-30
playstore,4,,Tp he app is great; it provides accurate market information in a timely manner.,2026-08-30
playstore,5,,I love this app ❤️❤️❤️,2026-08-30
playstore,3,,"I love the minimal but vast options available in the app, be it stocks, MF, commodity etc but I feel that 1 thing is lacking. In the Groww Web they recently included that feature. I'm talking about Trade directly from charts i.e., like Dhan you can simply drag drop SL and target levels. The feature is there in Groww web but it is not available in mobile. i usually trade from mobile so if they roll out this important feature I'll come back and give it a 5 ⭐ Even Zerodha kite has that feature now",2026-08-30
playstore,5,,Best app ever,2026-08-30
playstore,5,,खुप छान,2026-08-30
playstore,4,,This platform is very good for investor. This platform is better than Bank 💞,2026-08-30
playstore,5,,yor are the best broker,2026-08-30
playstore,5,,best,2026-08-30
playstore,5,,Nice service,2026-08-30
playstore,5,,I am very happy,2026-08-30
playstore,5,,nice,2026-08-30
playstore,5,,"Groww is a great app, but adding Volume Candles (Volume Candles / Volume Profile) directly to the charts would make technical analysis much easier for active traders. Please consider adding this feature in upcoming updates.",2026-08-30
playstore,5,,vary good app,2026-08-30
playstore,5,,great experience,2026-08-30
playstore,4,,nice,2026-08-30
playstore,5,,good,2026-08-30
playstore,3,,good app,2026-08-30
playstore,4,,good,2026-08-30
playstore,5,,good,2026-08-30
playstore,5,,great experience,2026-08-30
playstore,5,,"Groww must introduce a trailing stoploss feature on the chart. To Groww team , please don't make any delay to introduce this feature. We need this feature by next week",2026-08-30
playstore,5,,thank you 🌷,2026-08-30
playstore,5,,good aap,2026-08-30
playstore,2,,બ્રોકરેજ ચાર્જીસ બહુ જ છે ઘટાડો કરો તારે સારું રહે,2026-08-30
playstore,5,,very nice app my first trading start for the grow,2026-08-30
playstore,5,,good,2026-08-30
playstore,5,,"Millions of retail investors, including me, have happily connected with Groww and invested their hard-earned money through the platform. It is encouraging to see the platform continuously growing. We sincerely hope that Groww, along with SEBI, will remain vigilant and take all necessary measures to prevent any kind of scam or fraudulent activity, ensuring the safety and protection of investors’ hard-earned money. Thank you Team Groww",2026-08-30
playstore,5,,very nice,2026-08-30
playstore,5,,Easy and simple to use.,2026-08-30
playstore,5,,very nice,2026-08-30
playstore,5,,groww app is a best app.,2026-08-30
playstore,1,,bar bar apdate magta he me groww ko delete kar dunga,2026-08-30
playstore,4,,Nice app,2026-08-30
playstore,5,,good,2026-08-30
playstore,5,,nice app,2026-08-30
playstore,4,,ok,2026-08-30
playstore,5,,best app for traiding.,2026-08-30
playstore,5,,good,2026-08-30
playstore,5,,poor,2026-08-30
playstore,1,,I don't understand,2026-08-30
playstore,5,,Very very good app,2026-08-30
playstore,4,,A One,2026-08-30
playstore,5,,Good investment,2026-08-30
playstore,3,,ok.,2026-08-30
playstore,4,,good app,2026-08-30
playstore,5,,Not too good,2026-08-30
playstore,5,,very good 😊,2026-08-30
playstore,5,,outstanding,2026-08-30
playstore,5,,very nice,2026-08-30
playstore,5,,awesome app,2026-08-30
playstore,5,,I am using it continuously and feels happy but some other features of indicators are not available wrt zeroda.,2026-08-30
playstore,5,,good stuff,2026-08-30
playstore,5,,Very Nice And Easy App Trading For Beginners 🥰,2026-08-30
playstore,5,,Good,2026-08-30
playstore,5,,tum pesa bahut lete ho ham log se Asia kyu kam liya kro ji,2026-08-30
playstore,4,,please provide higher time frame support,2026-08-30
playstore,1,,Day by Day charges badhate ja rhe h..,2026-08-30
playstore,5,,"groww stocks, mutual fund good abb",2026-08-30
playstore,5,,good,2026-08-30
playstore,5,,बहुत बढ़िया है और स्मूथ है एकदम सरल है म्युचुअल फंड ट्रेडिंग के लिए सबसे बेस्ट ऐप इन द वर्ल्ड,2026-08-30
playstore,5,,बढिया है.,2026-08-30
playstore,5,,very good 💯,2026-08-30
playstore,5,,good aap,2026-08-30
playstore,5,,good app,2026-08-30
playstore,2,,😒😒😒,2026-08-30
playstore,4,,good,2026-08-30
playstore,5,,awesome 👍,2026-08-30
playstore,5,,I love groww,2026-08-30
playstore,5,,best,2026-08-29
playstore,5,,"It is my favorite Demat account broker, but please lower the transaction charges. BUT :- ♥️ Love you ♥️",2026-08-29
playstore,5,,👍,2026-08-29
playstore,5,,Too easy to understand its function for trading... thanks,2026-08-29
playstore,5,,very nice,2026-08-29
playstore,5,,Excellent Service..👍👍🤗🥰,2026-08-29
playstore,5,,good,2026-08-29
playstore,1,,Bonds purchased through Groww app are being shown with loss of 99%,2026-08-29
playstore,5,,very good and user-friendly,2026-08-29
playstore,5,,Good past four years,2026-08-29
playstore,4,,it's good app,2026-08-29
playstore,5,,good👍,2026-08-29
playstore,5,,best from all brokers,2026-08-29
playstore,5,,good 👍🏻,2026-08-29
playstore,1,,Reduce transaction charges,2026-08-29
playstore,4,,easy process if you know what you are doing for better future,2026-08-29
playstore,5,,very good,2026-08-29
playstore,5,,good 👍😊,2026-08-29
playstore,3,,Very simple platform for investing. Only bad thing is the console pattern keeps on changing which makes it difficult to familiarise. Stop changing console appearance.,2026-08-29
playstore,5,,nice,2026-08-29
playstore,5,,next level,2026-08-29
playstore,5,,simple and easy app,2026-08-29
playstore,4,,good,2026-08-29
playstore,3,,"Why doesn't the Groww platform offer a pre-market sell option for SME IPOs, whereas other platforms do?",2026-08-29
playstore,1,,make a preview like zerodha and others. reflect on singhal screen investment market Value qty avg price CMP today profit total Profit,2026-08-29
playstore,5,,very good 👍 🫠😘,2026-08-29
playstore,5,,nice,2026-08-29
playstore,5,,good,2026-08-29
playstore,5,,good app,2026-08-29
playstore,5,,👍,2026-08-29
playstore,5,,Best app,2026-08-29
playstore,5,,casino always wins,2026-08-29
playstore,4,,best experience,2026-08-29
playstore,5,,forex currency add hota to or accha hota,2026-08-29
playstore,1,,matual fund is not work properly stp & swp not work properly,2026-08-29
playstore,5,,Good App,2026-08-29
playstore,3,,ok,2026-08-29
playstore,3,,Don't install because this app is not working smoothly.,2026-08-29
playstore,5,,It is easy to understand.,2026-08-29
playstore,5,,मैं पिछले 5 साल से इस्तेमाल कर रहा हूं अब तक का मेरा सफर इस एप्लीकेशन के साथ बहुत ही अच्छा रहा है कुछ चीजों को छोड़कर...,2026-08-29
playstore,5,,very gd,2026-08-29
playstore,5,,good,2026-08-29
playstore,5,,super app simple interface good app smoothly working ❤️❤️❤️,2026-08-29
playstore,3,,the brokerage charges is too high 135 plus taxes on 5000 sale,2026-08-29
playstore,5,,good,2026-08-29
playstore,4,,amezing work in groww app you have a good 😊,2026-08-29
playstore,5,,very nice,2026-08-29
playstore,3,,this app ok but new update inquired best app . price rate very highly. and midclass pepelo high usage this app. but stock information all people note interest. we it app stocks Market class on-line best way.please starting class.,2026-08-29
playstore,5,,very nice to use it.,2026-08-29
playstore,5,,very nice 👌,2026-08-29
playstore,5,,very good,2026-08-29
playstore,5,,grow is good,2026-08-29
playstore,5,,best app to access easely,2026-08-29
playstore,3,,nice 👍,2026-08-29
playstore,5,,good,2026-08-29
playstore,5,,easy to use,2026-08-29
playstore,5,,good,2026-08-29
playstore,5,,nice aap,2026-08-29
playstore,5,,good platform,2026-08-29
playstore,5,,very good,2026-08-29
playstore,5,,super 💯😊😊😊😊,2026-08-29
playstore,5,,good,2026-08-29
playstore,5,,nice,2026-08-29
playstore,5,,Good 😊,2026-08-29
playstore,5,,Let's Growwwww Together❤️,2026-08-29
playstore,5,,good,2026-08-29
playstore,5,,good,2026-08-29
playstore,5,,best app for stock market,2026-08-29
playstore,5,,ye app bahut acha hi muje isse koi problem nahi huwi,2026-08-29
playstore,4,,good,2026-08-29
playstore,2,,"Been using this for 4 years but recent ""advanced features"" made it hectic. 1. Scalper button placement is terrible; whenever I hit back from a chart, it accidentally triggers scalping. Not everyone is a scalper! Give an option to hide it. 2. Severe chart lag: switching charts still shows the old asset first. I have to go back and reload it twice just to refresh. 3. Web version is too complicated and confusing for investing. Frustrated with these bugs, I finally moved to another platform.",2026-08-29
playstore,5,,good,2026-08-29
playstore,5,,good,2026-08-29
playstore,5,,risk ka Bandar,2026-08-29
playstore,5,,good app,2026-08-29
playstore,5,,welldone,2026-08-29
playstore,5,,top tridega,2026-08-29
playstore,5,,good,2026-08-29
playstore,3,,awesome 👍,2026-08-29
playstore,5,,Nice experince,2026-08-29
playstore,5,,supar,2026-08-29
playstore,4,,good 👍,2026-08-29
playstore,5,,Excellent Platform totally smooth process,2026-08-29
playstore,1,,very bad experience,2026-08-29
playstore,1,,not tamil language customer care supporting..! pls give all indian languages customer care support..!,2026-08-29
playstore,5,,excellent,2026-08-29
playstore,5,,nice app,2026-08-29
playstore,5,,"Hello Groww Team, I would like to suggest a useful feature for the Groww app. Could you please consider introducing an in-app share transfer/gifting facility, similar to the Online DIS / Transfer Stocks feature available on Angel One? Currently, transferring shares to a relative or to another demat account requires going through CDSL Easiest, which makes the process more complicated for users. It would be much more convenient if Groww could provide a simple “Transfer/Gift Stocks” option",2026-08-29
playstore,5,,Good broker easy to use,2026-08-29
playstore,5,,good,2026-08-29
playstore,1,,aapki support team kaafi ghatiya hai,2026-08-29
playstore,5,,nice grow,2026-08-29
playstore,1,,portfolio analysis not correct... it shows wrong figure... before update it shows right but after update of app it shows huge difference between invested and current values... kindly fix it,2026-08-29
playstore,5,,good service 👍,2026-08-29
playstore,5,,good 👍,2026-08-29
playstore,1,,nice trading aap trusted,2026-08-29
playstore,5,,good 👍,2026-08-29
playstore,4,,good,2026-08-29
playstore,4,,good 👍,2026-08-29
playstore,5,,it's perfect app and I like it,2026-08-29
playstore,5,,very good,2026-08-29
playstore,5,,Best,2026-08-29
playstore,5,,good app,2026-08-29
playstore,5,,"It is a very good and transparent market, everything is very independent.",2026-08-29
playstore,5,,good,2026-08-29
playstore,5,,Best aap,2026-08-29
playstore,5,,good,2026-08-29
playstore,4,,best,2026-08-29
playstore,5,,Best app,2026-08-29
playstore,5,,very good 💯,2026-08-29
playstore,5,,The best trading App,2026-08-29
playstore,5,,nice,2026-08-29
playstore,5,,best trading app,2026-08-29
playstore,5,,easy and very good,2026-08-29
playstore,5,,good 👍,2026-08-29
playstore,5,,very good platform,2026-08-29
playstore,4,,mujhe to mast laga ye bas thoda upi mein dikkat hai,2026-08-29
playstore,4,,good,2026-08-29
playstore,5,,number one app,2026-08-29
playstore,5,,great,2026-08-29
playstore,5,,good,2026-08-29
playstore,5,,very nice 👍👍,2026-08-29
playstore,5,,Later 💖,2026-08-29
playstore,5,,very good,2026-08-29
playstore,5,,very good and iam happy to first investment in my life,2026-08-29
playstore,5,,nice,2026-08-29
playstore,5,,Guru is the best,2026-08-29
playstore,5,,👍,2026-08-29
playstore,5,,good,2026-08-29
playstore,5,,simple and easy to use.. but need more updates in Trading,2026-08-29
playstore,5,,Excellent Work by Groww 👏👍,2026-08-29
playstore,5,,good app,2026-08-29
playstore,5,,best,2026-08-29
playstore,5,,good app,2026-08-29
playstore,5,,👍,2026-08-29
playstore,5,,very nice ☺️,2026-08-29
playstore,5,,easy to use app। easy to trade। must take some market knowledge before investing।।।,2026-08-29
playstore,5,,good,2026-08-29
playstore,5,,after using 2 years i can say it's good for financial work❤️,2026-08-29
playstore,1,,The new update is really bad. Every time you open the chart then a scalper option appears below instead of an earlier touch screen panel.,2026-08-29
playstore,5,,super,2026-08-29
playstore,5,,good,2026-08-29
playstore,5,,very good 💯,2026-08-29
playstore,5,,very good,2026-08-29
playstore,5,,It's Good,2026-08-29
playstore,5,,nice,2026-08-29
playstore,5,,very good app,2026-08-28
playstore,5,,price high,2026-08-28
playstore,5,,Good,2026-08-28
playstore,4,,osm,2026-08-28
playstore,5,,❤️ good,2026-08-28
playstore,5,,Superb application suggest for all of you ☆☆☆☆☆,2026-08-28
playstore,5,,new mebar happy 😁,2026-08-28
playstore,5,,best app for beginners,2026-08-28
playstore,2,,"dear groww, the only reason i am using this app cause of simple interaction, updating the app is good, but if you keep things complicated, i will have to close my account. don't force your new updates on users, keep the interface as clean as possible. e.g. the scalper button you have added near buy/sell, asked whether user need that button or not and also stop forcing groww charts. both are irritating while trading. please solve this issues asap, or i would have to find new broker.",2026-08-28
playstore,5,,very good,2026-08-28
playstore,5,,Good 😊,2026-08-28
playstore,4,,ok,2026-08-28
playstore,1,,"want to make your trading journey easy then never use , groww very bad experince with it",2026-08-28
playstore,5,,good,2026-08-28
playstore,4,,charges too High,2026-08-28
playstore,5,,good,2026-08-28
playstore,5,,best treading App in india,2026-08-28
playstore,5,,good,2026-08-28
playstore,5,,very good,2026-08-28
playstore,1,,"The Customer Support process takes too long, even for urgent issues. The withdrawal was also delayed despite sufficient funds being available in the account, which was particularly inconvenient as the funds were urgently needed. They didn't allow me to withdraw even after 10 AM.",2026-08-28
playstore,5,,so smooth,2026-08-28
playstore,5,,"I have been using Groww for a while now, and the overall experience has been fantastic. The app rarely lags, tracking my portfolio is very easy, and the interface is highly intuitive for both beginners and pros. Highly satisfied with the performance and transparency.",2026-08-28
playstore,5,,ok,2026-08-28
playstore,5,,good service,2026-08-28
playstore,5,,Good,2026-08-28
playstore,5,,good,2026-08-28
playstore,5,,good 👍,2026-08-28
playstore,4,,Apps Is Good But Customers Service Very Disappointed,2026-08-28
playstore,5,,awsm,2026-08-28
playstore,5,,ok,2026-08-28
playstore,5,,Good Experience.,2026-08-28
playstore,5,,Good 👍,2026-08-28
playstore,5,,nice,2026-08-28
playstore,5,,very good,2026-08-28
playstore,5,,so super AAP,2026-08-28
playstore,1,,"It's a waste app, once we complete the trade we can't draw our money and they don't allow us to withdraw, whereas other apps allow us to draw money after deducting our charges even if it is lost or profit, Some Apps allow us to draw our money on Saturdays, hereafter I will stop trading on grow",2026-08-28
playstore,5,,very nice👍,2026-08-28
playstore,5,,❤️,2026-08-28
playstore,4,,nise,2026-08-28
playstore,5,,Good,2026-08-28
playstore,5,,good,2026-08-28
playstore,4,,good,2026-08-28
playstore,5,,user-friendly interface.,2026-08-28
playstore,5,,good,2026-08-28
playstore,5,,Good,2026-08-28
playstore,1,,very bad experience this app very bad money fas jayegi aapki koi kabhi bhi kyc ya other reason se bnd ho sakta immediately aapka loss ho sakta hai .... customer support zero hai bolte rahenge kuchh or krte h nhi kuchh,2026-08-28
playstore,5,,good app,2026-08-28
playstore,5,,Best interface to understand for beginners. but FD feature is missing otherwise best app for investment.,2026-08-28
playstore,5,,good platform,2026-08-28
playstore,3,,✔️ good,2026-08-28
playstore,5,,good,2026-08-28
playstore,3,,👍🏻,2026-08-28
playstore,5,,nicely app 👌,2026-08-28
playstore,5,,good for treding,2026-08-28
playstore,5,,super,2026-08-28
playstore,4,,between good and excellent,2026-08-28
playstore,1,,3rd class app,2026-08-28
playstore,5,,easy to use,2026-08-28
playstore,1,,worst trading app;taking so much charges.wanna uninstall very soon,2026-08-28
playstore,1,,ridiculous new update. When we open the charts the back button on our phone just disappears and we end up clicking the scalper mode or a different chart when not needed. Also the limit order is auto filled every time we click. so annoying to modify. Every second in trading is important but you are just wasting precious time of trades.,2026-08-28
playstore,4,,"fast, and explain most of this.",2026-08-28
playstore,1,,1. After new update scalper option is given down that is very irritating. its getting pressed all the time .. kinldy change its position.,2026-08-28
playstore,5,,good,2026-08-28
playstore,5,,Good,2026-08-28
playstore,5,,good 😊,2026-08-28
playstore,4,,best good,2026-08-28
playstore,5,,वेरी गुड़,2026-08-28
playstore,5,,great 👍🏻,2026-08-28
playstore,5,,good,2026-08-28
playstore,5,,great,2026-08-28
playstore,1,,"Thanks to Groww app's new update, I am anyway shifting from Groww app to other app for my chart analysis. In the new update, as soon as I open the chart, my gesture buttons disappear, and right in that exact spot, they have placed a new button called 'Scalper mode'. If that button is pressed by mistake, the TradingView chart immediately switches to the Groww chart. Similarly, if I touch anywhere on the option chain by mistake, an order gets placed. I don't know why it has been designed this way.",2026-08-28
playstore,5,,exilent,2026-08-28
playstore,5,,good 👍,2026-08-28
playstore,1,,worst support team ever guys please don't use this application it's so frustrating to talk with the support team when you'll be explaining something they'll leave your call on hold i experienced it when I was saying my problem to the support person he left the call on unattended I waited for like 5 minutes still no response from that guy it's just so annoying how you are taking so much brokarage and still you can't load the volume candles properly on the desktop,2026-08-28
playstore,3,,when trades are shown on premium of option charts..add the stop loss and trailing stop loss adjusting by dragging the stoploss and trailing stop loss feature also..thats the only thing missing there...,2026-08-28
playstore,5,,verry verry nice 👍,2026-08-28
playstore,5,,nice,2026-08-28
playstore,5,,bhut mast groww,2026-08-28
playstore,3,,"Had to rate 3* down from 5* Why? Let's explain. Initially, I thought it was happening only with my phone, but later on I discovered that everyone else was facing the issue with the latest app update. So, this was a deliberate strategy by Groww. The issue: as soon as we launch the app and authenticate (login), the F&O page remains the initial landing page, regardless of the fact that I don't use the F&O feature, it's paused on my account. Remark: This is not acceptable.",2026-08-28
playstore,5,,Nice,2026-08-28
playstore,5,,best trading app,2026-08-28
playstore,5,,very nice 👌,2026-08-28
playstore,1,,"Hi Team, Recently I see some issues on groww app. when I open any chart , it's automatically changed as full screen and hide the back button, so always it auto selects the groww chart option. please rectify it.",2026-08-28
playstore,1,,"On viewing the chart, the bottom navigation buttons are hidden automatically even though the navigation buttons are fixed in my phone settings, I have to swipe up each time to get those navigation buttons and click back button. Kindly fix this issue in next update.",2026-08-28
playstore,5,,good,2026-08-28
playstore,5,,👍 great app,2026-08-28
playstore,5,,nice think,2026-08-28
playstore,4,,"This app has a clean user interface and is very easy to use. I have just one suggestion to improve the app interface. If any SIP is cancelled or rejected, it should disappear after 30 days. Also for stocks, sold orders should auto-hide or disappear and show active holdings only. This will make the app much cleaner for long term investors.",2026-08-28
playstore,1,,update of 27 august was worst one ..,2026-08-28
playstore,4,,yah app bahut hi bahut bahut bahut bahut bahut Achcha hai,2026-08-28
playstore,5,,good,2026-08-28
playstore,1,,New updates was very bad it's captured whole screen i can't able to go back because my back bottom already hide by this apps screen.,2026-08-28
playstore,5,,very nice,2026-08-28
playstore,5,,good,2026-08-28
playstore,5,,nice 👍,2026-08-28
playstore,5,,I trust this app . Grow app is so easy to use. I recommend this app to all of you.,2026-08-28
playstore,5,,good,2026-08-28
playstore,5,,nice,2026-08-28
playstore,1,,"they make life hell after recent update, hiding navigation bar when enter to chartview, you can't navigate from chartview as navigation bar got hide, when try to enable navigation bar, scalp mode or chain is getting option which i don't want. no support from cc.",2026-08-28
playstore,5,,Groww app is the best plate form for training,2026-08-28
playstore,3,,good,2026-08-28
playstore,5,,Very Good 👍,2026-08-28
playstore,5,,okay,2026-08-28
playstore,2,,thanx for introducing groww charts please add volume profile fixed range indicator in indicator list,2026-08-28
playstore,5,,user friendly app for new and 1st time investors.,2026-08-28
playstore,3,,new groww chart is irritated by default settings and on charts scalper mode is direct click whenever I tried to go back,2026-08-28
playstore,5,,ohh,2026-08-28
playstore,5,,nice,2026-08-28
playstore,1,,"Too much charges, and slow order execution, target execution is not great, chart interface back button is removed. Ill move out of this app",2026-08-28
playstore,5,,good,2026-08-28
playstore,5,,Super 👍,2026-08-28
playstore,1,,Tumahara devloper gadha hai trading view chart kholne par mobile mein navigation button gayab ho ja raha hai ..fix this,2026-08-28
playstore,5,,good 👍,2026-08-28
playstore,1,,kya hr 4 din me update lao re. jb app kholo tb update batata hai.,2026-08-28
playstore,5,,trust,2026-08-28
playstore,4,,ABHI ABHI JO UPDATE HUVA HAI GALAT HUVA HAI CANDLE CHART ME BUY KARTE TIME QUANTITY PLUS KATTE TIME BUY KA BUTTON BAJU ME HI RAKHA GAYA HAI PEHLE NICHE THA BUY KA BUTTON ABHI THIDA PROBLEM AA RAHA HAI *PLEASE CHANGE*,2026-08-28
playstore,5,,excellent,2026-08-28
playstore,5,,best,2026-08-28
playstore,5,,good app 😄,2026-08-28
playstore,5,,very nice,2026-08-28
playstore,5,,good,2026-08-28
playstore,3,,"Very long process to close position partially it should like sahi, lemmon using opposite button in scalper button.",2026-08-28
playstore,5,,nice,2026-08-28
playstore,5,,My experience is very very nice with you. thank you very much groww and your supporting members.,2026-08-28
playstore,5,,Overall a good app. All in one. One demerits point that Groww broker taking too much charge for stocks. higher than expected.,2026-08-28
playstore,5,,Give me a Chance To Express my views ❤️ online Good Service,2026-08-28
playstore,5,,OK,2026-08-28
playstore,5,,great 👍,2026-08-28
playstore,5,,The best investment app I have found. Direct mutual funds are available and no fees or other hidden charges are levied. Very satisfied with this app.,2026-08-28
playstore,5,,easy function,2026-08-28
playstore,5,,nice,2026-08-28
playstore,5,,good,2026-08-28
playstore,5,,west aap in buttifull aap,2026-08-28
playstore,1,,"worst app for trading, never use this. I can't close my demat account easily. their team is not respond on time.",2026-08-28
playstore,5,,Good App,2026-08-28
playstore,5,,good,2026-08-28
playstore,5,,Good,2026-08-28
playstore,5,,nice,2026-08-28
playstore,1,,I have applied for a demat account opening on 12th August but till date it is not opened. Every time customer care gives a new date for resolution. Not happy with the service.,2026-08-28
playstore,5,,best friend,2026-08-28
playstore,5,,Nice app,2026-08-27
playstore,1,,kabi kabi trade lete tym lack krta h fir loss hota h vese aacha bus thi problem h,2026-08-27
playstore,1,,Fraud app. The app has hidden brokerages.,2026-08-27
playstore,3,,there is a problem i am not getting any message as sms or in upi when I withdraw the money please fix it immediately.,2026-08-27
playstore,1,,mobile app me ye kya bawasir wala update hai aug 2026 ka back button click kare to sidha setting change hota hai full screen ka update kyu Diya niche nifty ka chart open karte hai to niche se jaise back karo to sidha option position open ho jati hai mere moto g phone Mai,2026-08-27
playstore,5,,Using it for Mf...really nice and Easy interface.,2026-08-27
playstore,5,,great,2026-08-27
playstore,2,,why do groww charge so much i invested 1000 and within 20days they charge 246₹,2026-08-27
playstore,5,,best app,2026-08-27
playstore,4,,beginner ✅,2026-08-27
playstore,5,,best,2026-08-27
playstore,5,,thank,2026-08-27
playstore,5,,Good application,2026-08-27
playstore,5,,good 👍,2026-08-27
playstore,5,,is app is very good 💯,2026-08-27
playstore,5,,nice plate form,2026-08-27
playstore,5,,nice one,2026-08-27
playstore,5,,nice,2026-08-27
playstore,5,,good 👍,2026-08-27
playstore,5,,best for beginners 👍,2026-08-27
playstore,4,,it's an excellent and more updated partner,2026-08-27
playstore,4,,good,2026-08-27
playstore,4,,very good app,2026-08-27
playstore,5,,good,2026-08-27
playstore,5,,👍,2026-08-27
playstore,5,,easy to use,2026-08-27
playstore,4,,good 👍,2026-08-27
playstore,5,,Excellent,2026-08-27
playstore,1,,need to update better or i should go for dhan app. reason to update because in live market when i leave Mark for Trade and after some time my level mark was not seen . and everytime I close app and open it sometime don't show candle properly. very bad,2026-08-27
playstore,5,,good,2026-08-27
playstore,5,,very nice platform,2026-08-27
playstore,1,,Not closing my account.,2026-08-27
playstore,3,,sometime stops working on crucial moments,2026-08-27
playstore,5,,very good👍😇 day☀ I use,2026-08-27
playstore,5,,good,2026-08-27
playstore,5,,श्रेष्ठ,2026-08-27
playstore,5,,Good 👍,2026-08-27
playstore,5,,Very good👍,2026-08-27
playstore,1,,Customer support is too worst...no one will answer your calls they will make us wait for more than 10mins In Chat support no one will respond Just because of app is good do not download and use I am leaving it for worst customer service,2026-08-27
playstore,1,,this gu app is charging extra money in the name of groww charges on buying or selling of stocks and the worst thing is that.. they Even don't follow SEBI rules and hold money for extra time and can be withdrawal able after 10am of next to next days if there is a holiday they gonna hold money for more time extremely worst app doesn't follow SEBI NORMS,2026-08-27
playstore,5,,good trading app,2026-08-27
playstore,5,,good,2026-08-27
playstore,5,,Fabulous 😍,2026-08-27
playstore,5,,super app best experience,2026-08-27
playstore,4,,good,2026-08-27
playstore,5,,Good for long term,2026-08-27
playstore,1,,"I am writing to register a formal complaint regarding severe deficiencies in your service, specifically concerning the failure to process my legitimate account withdrawal balance and the complete lack of accountability demonstrated by your customer support team. very very very bad service always daely very bad working application my profits balance blocked 3 days why ,??",2026-08-27
playstore,5,,excellent and satisfied after use this app,2026-08-27
playstore,4,,good,2026-08-27
playstore,5,,thanks grow,2026-08-27
playstore,1,,"worst experience in my life i request all of donnt install experience with Groww regarding IPO applications. Even after successfully approving the UPI mandate, the IPO application/status was not updated properly or on time. The customer care support was also disappointing, with no clear or satisfactory response. IPO applications are time-sensitive, so timely updates and proper customer support are extremely important. Groww seriously needs to improve its customer service and IPO-related support.",2026-08-27
playstore,5,,very good,2026-08-27
playstore,5,,This App Is Very Good For Beginners in invest stocks Mutual funds Snd Financial tool And Gain Some Knowledge,2026-08-27
playstore,1,,3rd class service,2026-08-27
playstore,1,,CANNOT PUT SL AND TP ON CHARTS.,2026-08-27
playstore,5,,"I’m really impressed with the Groww app. It’s simple, clean, and easy to use, even for someone with little knowledge of investing. The information is presented clearly, making it easier for beginners to understand different investment options without feeling overwhelmed. Overall, Groww offers a smooth and beginner-friendly experience. A great choice for anyone looking for a simple way to start investing.",2026-08-27
playstore,5,,best investment app..,2026-08-27
playstore,5,,"good👍 experience and knowledge, how to save our extra money 💰",2026-08-27
playstore,1,,"the worst app to exist ,auto exit does not work for intraday many times ,they keep the position till 3 30 and still charge for closing that position ...scammers",2026-08-27
playstore,5,,good,2026-08-27
playstore,5,,very good,2026-08-27
playstore,5,,good,2026-08-27
playstore,5,,Satisfied,2026-08-27
playstore,5,,Good,2026-08-27
playstore,1,,"not working properly,",2026-08-27
playstore,1,,bad experience in groww lag chart price not correct in excute order,2026-08-27
playstore,5,,trust,2026-08-27
playstore,5,,good,2026-08-27
playstore,1,,app open ker ke chat dekhne ke liye kafi time wghit karna perta hai enki service poor hai,2026-08-27
playstore,5,,good service 👍,2026-08-27
playstore,5,,Good 👍,2026-08-27
playstore,4,,best app of trading and stock,2026-08-27
playstore,5,,good,2026-08-27
playstore,5,,good,2026-08-27
playstore,5,,Best For Beginners And Easy Interface. Great I've Been Using 5 years.,2026-08-27
playstore,5,,thank you for your information and saport,2026-08-27
playstore,5,,3 years and still the best app in the market..easy navigation and simple ui. Hopefully we get US stocks soon.,2026-08-27
playstore,5,,nice oparativ,2026-08-27
playstore,5,,ok god,2026-08-27
playstore,2,,brokerage jada ho Gaya F&O me,2026-08-27
playstore,5,,"great app , easy to use",2026-08-27
playstore,5,,good for trading,2026-08-27
playstore,5,,Fantastic work 👍👏,2026-08-27
playstore,5,,very good,2026-08-27
playstore,5,,😊,2026-08-27
playstore,5,,very easy to use,2026-08-27
playstore,5,,best,2026-08-27
playstore,1,,baler app,2026-08-27
playstore,5,,Best platform,2026-08-27
playstore,5,,very good,2026-08-27
playstore,5,,good,2026-08-27
playstore,5,,good 💯,2026-08-27
playstore,5,,very nice app,2026-08-27
playstore,5,,excellent,2026-08-27
playstore,5,,good,2026-08-27
playstore,5,,good,2026-08-27
playstore,4,,upgraded version is good working,2026-08-27
playstore,5,,very good,2026-08-27
playstore,4,,Real time Data must be shown on the Application.,2026-08-27
playstore,1,,"Very disappointing experience with Groww. The charges are too high compared to other investment apps, especially when selling stocks. The deductions are not always easy to understand, and the overall charges feel excessive for small investors. I expected better transparency and lower charges. Please improve the pricing and make the charges more reasonable.",2026-08-27
playstore,5,,super,2026-08-27
playstore,5,,good,2026-08-27
playstore,5,,Nice,2026-08-27
playstore,5,,"Re: best UX Love the app. Best for beginners rather than Zerodha, Upstox. Main reason being no maintenance charges and better UI. But there's an issue for people who have been in the market for a long time. 1) No way for in depth research. For eg. Indicators don't work properly in the app. Need better UI for research in it.",2026-08-27
playstore,5,,good,2026-08-27
playstore,5,,ok,2026-08-27
playstore,5,,Excellent 👌,2026-08-27
playstore,5,,nice,2026-08-27
playstore,5,,great,2026-08-27
playstore,5,,Good,2026-08-27
playstore,5,,good app,2026-08-27
playstore,5,,this platform so easy good,2026-08-27
playstore,5,,good,2026-08-27
playstore,5,,good,2026-08-27
playstore,5,,good,2026-08-27
playstore,1,,i will never use this apk for investing again bcz this apk has very High dp charges and other charges if you are a small investor then this apk is not good for you.,2026-08-27
playstore,3,,show of IPO GMP IPO closing list minimum 100 piece show upcoming IPO list not a mandatory,2026-08-27
playstore,1,,"for contact customer care waited more than 15min. then also not connected and tried 3 times. still not connected, oder delivered at 9:15 am with more than targetted price",2026-08-27
playstore,5,,Very reliable and easy to trade excellent platform,2026-08-27
playstore,1,,excellent,2026-08-27
playstore,5,,good for all trading,2026-08-27
playstore,5,,please help,2026-08-27
playstore,1,,Best app for trading and investing...what I like the most is Quick option chain....what i hate the most is no VTT order like 5 paisa...and brokerage is also less in 5paisa..10rs per order... ugliest thing about groww is suppose if want to place the order at 400 which is 380 current price ...the order will trigger at 380...unlike 5paisa...i can place order at 400 even if the current price is 380...and will be triggered when it reaches 400....hope you people understand and update on this,2026-08-27
playstore,1,,"Pathetic Customer Support ​Absolutely frustrating customer service experience. The IVR initially stated a 5-minute wait time, but I was kept on hold for over 20 minutes with zero progress and repetitive, unhelpful automated responses. For a financial investment platform where timely resolution is critical, this level of support is unacceptable. Extremely disappointed with Groww's service.",2026-08-27
playstore,5,,excellent,2026-08-27
playstore,5,,Nice,2026-08-27
playstore,5,,tremendous,2026-08-27
playstore,5,,nice,2026-08-27
playstore,5,,👍 good,2026-08-27
playstore,5,,👍👍,2026-08-27
playstore,4,,good 👍👍,2026-08-27
playstore,4,,good,2026-08-27
playstore,4,,nice app,2026-08-27
playstore,5,,good app for trading,2026-08-27
playstore,4,,when I fill ipo it doesn't get fast approval on gpay,2026-08-27
playstore,5,,very good,2026-08-27
playstore,1,,there is no option to save chart in groww web ....please solve this problem .....otherwise I'll open an account on another app...,2026-08-27
playstore,2,,Not able to install this app in my device other apps are installing perfectly,2026-08-27
playstore,1,,शेयर बेचने के 30 मिनट बाद पैसा आता है तब तक जो प्राइस पर ट्रेड लेना है वो छूट जाता है charges बहुत ज्यादा है मैने 10 लाख के शेयर खरीदे और वो बैलेंस नेगेटिव दिखा रहा अब उसके भी चार्ज मुझसे लिए जा रहे। भाई जब मेरे अकाउंट में पैसे है तो उसके खरीदे है मैने माइनस बैलेंस kyu दिखा रहे।,2026-08-27
playstore,5,,structure to understand very easy for beginners too compare to other,2026-08-27
playstore,1,,poor,2026-08-27
playstore,5,,good,2026-08-27
playstore,5,,excellent 👍,2026-08-27
playstore,5,,Good for l,2026-08-27
playstore,5,,good 👍,2026-08-27
playstore,4,,good,2026-08-27
playstore,5,,v good,2026-08-27
playstore,5,,"all good , amazing",2026-08-27
playstore,5,,The user interface of the Groww app is very user-friendly. The interface is also very smooth and minimalistic. I like it a lot.,2026-08-27
playstore,1,,wrost app. i want to open demat but it the application automatic stopped and exit,2026-08-27
playstore,5,,super app,2026-08-27
playstore,5,,good,2026-08-27
playstore,1,,Today's activity ₹653.37 Stocks — ₹861.18 Delivery sell — +₹861.18 Blocked for charges — -₹207.81 Brokerage — -₹35.00 External charges & taxes — -₹172.81 This is an estimated value of charges for today's trading. Final charges will be deducted at day-end. Check the contract note for exact details. brokage charge hevy suggest another app groww app not god,2026-08-27
playstore,5,,Good સર્વિસ,2026-08-27
playstore,4,,good👍,2026-08-27
playstore,4,,good,2026-08-27
playstore,4,,Using Since 2021,2026-08-27
playstore,1,,good,2026-08-27
playstore,5,,good,2026-08-27
playstore,5,,good,2026-08-27
playstore,5,,nice,2026-08-27
playstore,5,,best app stock market 👍,2026-08-27
playstore,5,,App is good...please update market holidays on dashboard a day before...,2026-08-27
playstore,5,,best brokerage services,2026-08-27
playstore,5,,slow hai,2026-08-27
playstore,5,,good application 💯,2026-08-27
playstore,5,,ok,2026-08-27
playstore,5,,very useful,2026-08-27
playstore,5,,good,2026-08-27
playstore,4,,good,2026-08-27
playstore,4,,"best user friendly app for sure but now a days I am facing this issue of screen getting lagged means when I open the app ,the app gets opened i can see the dashboard and all but when I try to click it doesn't respond to any clicks ,by default it will be opened at stocks dashboard then when I try to click anything nothing works i can't move to another stocks.Its just the stocks page and over but the movements of Nifty at top I can see them ,it's not static .Touch it doesn't work.",2026-08-27
playstore,5,,nice,2026-08-27
playstore,5,,excellent,2026-08-27
playstore,5,,very helpful,2026-08-27
playstore,5,,very easy to use for bigner....!!nice aap,2026-08-27
playstore,5,,super 😍,2026-08-27
playstore,1,,order process,2026-08-27
playstore,5,,Good,2026-08-27
playstore,5,,nice,2026-08-27
playstore,5,,good,2026-08-27
playstore,1,,why AI feature GR-1 ruled out not able to see the option now. Not sur about the charges also,2026-08-27
playstore,5,,good,2026-08-27
playstore,5,,good,2026-08-27
playstore,5,,good,2026-08-27
playstore,5,,Good app 😀👍,2026-08-26
playstore,5,,good,2026-08-26
playstore,5,,good,2026-08-26
playstore,3,,best interface,2026-08-26
playstore,5,,mast,2026-08-26
playstore,5,,excellent,2026-08-26
playstore,4,,super ..,2026-08-26
playstore,4,,v.g,2026-08-26
playstore,5,,very good response,2026-08-26
playstore,5,,satisfactory,2026-08-26
playstore,5,,100% trough flatform 🫂🫡,2026-08-26
playstore,2,,chart 📈 open very slow 😔😔😔😔😔 my holding shirt other broker,2026-08-26
playstore,5,,Super Groww,2026-08-26
playstore,1,,bakwas aap hai koyi acha dhnka ipo lagta hi nhi hai koyi kaam ka nhi hai ipo ke mamle m,2026-08-26
playstore,5,,"please offer and update the Groww app & Groww Credit Personal loan offer enabled,this is my urgent request for you.every time and every month I have to pay before EMI and due payment. please update and do the needful urgently. Regards",2026-08-26
playstore,5,,nic to use,2026-08-26
playstore,5,,need to add one column volume in Greek group,2026-08-26
playstore,4,,good,2026-08-26
playstore,4,,best invest app...,2026-08-26
playstore,5,,very good app fore trading start now,2026-08-26
playstore,5,,good aap👍,2026-08-26
playstore,5,,this app is best,2026-08-26
playstore,5,,best,2026-08-26
playstore,1,,after update app become worst if u trying to back press automatic scalp option touch and trying to open trading view chart and open groww chart and there's no features like trading view chart,2026-08-26
playstore,5,,good app,2026-08-26
playstore,1,,new update sucks. the navigation buttons are auto hiding while Opening the charts in mobile creating a lot of irritation.,2026-08-26
playstore,5,,good,2026-08-26
playstore,5,,one of the best app,2026-08-26
playstore,5,,good,2026-08-26
playstore,5,,amazing,2026-08-26
playstore,5,,very nice 👍,2026-08-26
playstore,5,,best app,2026-08-26
playstore,1,,Day by Day getting worst.Application is cheating users in Entry and exit point.Exit will be performed before your SL point(Great fraud).please dont use their application. Always delayed in Trade Exit . Leads for potential loss.Even their stop loss exits in incorrect value. They have tactics. The worst thing is zero customer support .They will not pick your calls after long long wait time,2026-08-26
playstore,3,,please tax kam karo baki badiya he,2026-08-26
playstore,5,,best,2026-08-26
playstore,1,,customer service thik nahi hai other app use karo all traders,2026-08-26
playstore,5,,BEST FOR THE TRADERS,2026-08-26
playstore,4,,Good application,2026-08-26
playstore,5,,Nice app,2026-08-26
playstore,5,,very good app,2026-08-26
playstore,3,,IN TABLET WHY THE APP DOESNT TURN IN HORIZONTAL DIRECTION.. PLEASE RESOLVE THIS.,2026-08-26
playstore,5,,great,2026-08-26
playstore,5,,buth achcha hai,2026-08-26
playstore,5,,super sir wonderful sir,2026-08-26
playstore,5,,extreme good to yous,2026-08-26
playstore,5,,ok,2026-08-26
playstore,5,,good,2026-08-26
playstore,4,,please add a shortcut for UPI scanner,2026-08-26
playstore,5,,good,2026-08-26
playstore,2,,Allow us to pause SIPs indefinitely. Currently you can skip 1 installment or cancel completely but I just want to pause for a few months.,2026-08-26
playstore,5,,good Job 👍👏🙏,2026-08-26
playstore,5,,Better future plan,2026-08-26
playstore,5,,good 💯,2026-08-26
playstore,1,,investment charges bay 1 share charg 5rupess cell 1 share charges 24.73 rupees totally loss money I requested all user please uninstall the app,2026-08-26
playstore,5,,groww is very simple for sip and sheyar market,2026-08-26
playstore,1,,charges very High,2026-08-26
playstore,1,,it didn't work for me instant money withdrawal doesn't work properly i would prefer the other app.,2026-08-26
playstore,5,,CLEAN AND USER FRIENDLY INTERFACE,2026-08-26
playstore,5,,good,2026-08-26
playstore,5,,wow,2026-08-26
playstore,5,,good job,2026-08-26
playstore,5,,it's working,2026-08-26
playstore,5,,best,2026-08-26
playstore,5,,Best app,2026-08-26
playstore,5,,good,2026-08-26
playstore,5,,good,2026-08-26
playstore,5,,life turns Best app,2026-08-26
playstore,5,,good,2026-08-26
playstore,5,,good,2026-08-26
playstore,5,,good,2026-08-26
playstore,5,,good,2026-08-26
playstore,5,,good,2026-08-26
playstore,5,,good,2026-08-26
playstore,1,,do not want to invest in regular plans of mutual funds,2026-08-26
playstore,5,,good 👍,2026-08-26
playstore,1,,worst customer care service.... makes you wait so long that you cut the call yourself,2026-08-26
playstore,1,,not able to refresh external funds. tried multiple times,2026-08-26
playstore,5,,very nice and beautiful,2026-08-26
playstore,5,,excellent and orders,2026-08-26
playstore,5,,I have deposited right know I'm watching daily morning grow app,2026-08-26
playstore,3,,app features r good but font size is small to see numbers..not useful for trading.MF r Good but once SIP payment is delayed by evening immediately they charged my bank charged NACH bounce charges of 350 . previously thr was no such charges.y shud i pay extra to Bank for such service.so i immediately closed my demat account. customer service as usual not available in phone or social. longterm it's headache to maintain this app. though good MF recommendation but app service is pathetic,2026-08-26
playstore,5,,best aap,2026-08-26
playstore,5,,❤️,2026-08-26
playstore,5,,Abe jae frofit karini kale kahibi,2026-08-26
playstore,5,,very good and easy to use,2026-08-26
playstore,3,,you guys while adding new features you take out other features. there used to be back button below while viewing chart but now there is buy button.. atleast have the back button for the convenience .. though no doubt the app is good,2026-08-26
playstore,5,,nice,2026-08-26
playstore,5,,good,2026-08-26
playstore,5,,good app sadi simpal,2026-08-26
playstore,5,,good,2026-08-26
playstore,5,,Very Good experience,2026-08-26
playstore,2,,service is okay but high brokrage on fno,2026-08-26
playstore,5,,very safe and useful app,2026-08-26
playstore,1,,very bad app for trading..the price on screen gets reflected after so mamy second on graph.. many times it doesn't reflect even after refreshing.,2026-08-26
playstore,5,,One of the best trading app for trading.,2026-08-26
playstore,1,,"Already mail at team groww but still not showing charts in my holding, please fix this asap",2026-08-26
playstore,5,,Excellent 👌,2026-08-26
playstore,5,,good 👍😊,2026-08-26
playstore,2,,good 👍,2026-08-26
playstore,5,,supeeeeéeer 💥💯💯💯,2026-08-26
playstore,5,,amezing,2026-08-26
playstore,5,,nice,2026-08-26
playstore,2,,On scalping mode index chart does not work.,2026-08-26
playstore,5,,nice,2026-08-26
playstore,5,,👍,2026-08-26
playstore,1,,It's taking too much to settle an account. Yesterday my trade is over and now I am unable to trade because my account is not settled. Very slow services. it's losses Grow also. I am thinking of changing the broker. There are so many brokers who given immediate trade. Thank you,2026-08-26
playstore,5,,good,2026-08-26
playstore,5,,omg,2026-08-26
playstore,5,,good,2026-08-26
playstore,1,,worst- for their charges.,2026-08-26
playstore,4,,good,2026-08-26
playstore,5,,"It is a very good app; it is very easy to use and provides detailed, in-depth information.",2026-08-26
playstore,5,,very good,2026-08-26
playstore,5,,platform is very nice,2026-08-26
playstore,3,,good,2026-08-26
playstore,1,,"regular days daily they blocked cash amount from grow it s worst experience ,why ,what was reason behind groww and also not withdrawal full amount they blocked money after T+1 one day settlement no one withdrawal full amount no response from customer care service.",2026-08-26
playstore,5,,very good,2026-08-26
playstore,5,,nice 👍,2026-08-26
playstore,5,,this app is very good 😊,2026-08-26
playstore,5,,good 😊,2026-08-26
playstore,5,,thins grow app,2026-08-26
playstore,5,,Nice,2026-08-26
playstore,5,,"user friendly app, nice",2026-08-26
playstore,5,,good,2026-08-26
playstore,4,,best of the stok market pletform,2026-08-26
playstore,3,,Data is not getting updated for Mutual Funds even after giving multiple authentication.,2026-08-26
playstore,5,,Nice,2026-08-26
playstore,4,,some basic features are missing like target p and l for basket order and also show complete information about the basket including charges and brokerage while making position,2026-08-26
playstore,5,,very good and very nice groww app,2026-08-26
playstore,5,,good 👍,2026-08-26
playstore,5,,Best,2026-08-26
playstore,5,,best for beginners,2026-08-26
playstore,3,,SL me support kar sakte hai,2026-08-26
playstore,5,,good,2026-08-26
playstore,1,,my app is not working 😭😭 not open,2026-08-26
playstore,5,,good,2026-08-26
playstore,5,,very good n trusted platform very very friendly. I am using it n very very satisfied. not any glitches very fast delivery,2026-08-26
playstore,1,,customer support not work properly ..not solve problem,2026-08-26
playstore,4,,"it's good, as I'm new to this broker I can invest easily but still a little inconvenience while trying to make Intraday orders",2026-08-26
playstore,5,,good,2026-08-26
playstore,2,,good,2026-08-26
playstore,5,,good service 💯 carry on and groww more.,2026-08-26
playstore,5,,Good 😊,2026-08-26
playstore,5,,good,2026-08-26
playstore,4,,good,2026-08-26
playstore,5,,super 💯,2026-08-26
playstore,5,,best,2026-08-26
playstore,5,,"Smooth intraday trading experience. Fast, simple & reliable! 📈",2026-08-26
playstore,5,,good,2026-08-26
playstore,4,,ok,2026-08-26
playstore,5,,good,2026-08-26
playstore,5,,super experience,2026-08-26
playstore,5,,nice,2026-08-26
playstore,5,,Nice 👍,2026-08-26
playstore,5,,good,2026-08-26
playstore,5,,supar,2026-08-26
playstore,5,,good,2026-08-26
playstore,5,,good,2026-08-26
playstore,4,,"Fast execution smooth interface and charts brokerage same as industry standard mutual funds all one place good for scalper no lag even on pc Free amc customer service a bit slow.and miss the on chart trading, and little indepth analysis of stocks recommendation for swings based on internal data. Been with them last one year , Go for it guys.",2026-08-26
playstore,5,,easy to use and faster,2026-08-26
playstore,5,,very supportive,2026-08-26
playstore,1,,bekar broker hai kabhi bhi ipo allot nhi hota,2026-08-26
playstore,1,,444f4444 E3 h na ho paise khate hai 4 Mt to ka laga hi to laga deable h hi hai aap kaise khate hai hai aap t vvt ka 42f de do you have a Jana tohi hai aap t na 44f hai rr h hii hii hii f o f de do aap froad u hi I will be gane gane gane khel f de dena f dena f ok I will send de dena bataiye please Hindi kka ki hi a k5a h hi to ki 444gadi hai 444fhai k o a ki 4hnhi 4h4ai i k2f hai hi a Aisahi k gr e na ho paise Garib aadamik ka Kisihi I ka Hai tumhara ka am hi nahi h na to de dena f de dena,2026-08-26
playstore,5,,very good app,2026-08-26
playstore,5,,superb,2026-08-26
playstore,5,,good,2026-08-26
playstore,5,,good 👍,2026-08-26
playstore,4,,overall experience is not bad it is satisfactory but your trading charges and tariffs are very high as compared to other apps in market if grow want to stay in long run then bring down charges.. otherwise users will be switch for some cheaper option,2026-08-26
playstore,5,,good experience,2026-08-26
playstore,4,,"Hi Team, Could you confirm if you have visibility into our stop-loss and target orders, and whether this data is ever shared with third parties?",2026-08-26
playstore,5,,awesome 👍,2026-08-25
playstore,5,,good sarvice,2026-08-25
playstore,5,,future planing finances planing,2026-08-25
playstore,4,,Recommendation- option to sort sip by amount or custom arrange it,2026-08-25
playstore,4,,Good 👍,2026-08-25
playstore,5,,exlant,2026-08-25
playstore,4,,good,2026-08-25
playstore,4,,needs better customer care support,2026-08-25
playstore,5,,satisfied,2026-08-25
playstore,5,,good,2026-08-25
playstore,5,,jhakkas,2026-08-25
playstore,5,,nice end simple used aap,2026-08-25
playstore,5,,Good work,2026-08-25
playstore,5,,very good app,2026-08-25
playstore,5,,good,2026-08-25
playstore,5,,good 👍,2026-08-25
playstore,5,,It will be more usar friendly experience to place mutual fund tab on the top just next to holding.,2026-08-25
playstore,5,,ok,2026-08-25
playstore,3,,yaar seriously tumlog kya yaar sab sahi hai no account opening charges thik hai good brokerage charges for stocks vo bohat hai thik hai vo bhi thik hai app maintanence charges plus tumara profit obviously chaiye tumlogoko thik hai seh lenge humlog but main problem tumara refund process paise turant deposit ho jata hai lekin withdraw time itna natak Ek tho voh withdraw karne ka option gayab rehta hai after 24 hours something vo active ho jata badme withdraw karne ke time 2 din baad ayega paisa,2026-08-25
playstore,5,,💥,2026-08-25
playstore,5,,👍,2026-08-25
playstore,5,,mast groww very best platform,2026-08-25
playstore,5,,good,2026-08-25
playstore,1,,"Dont use this app, I found that I applied for the ipo, but on nse site, it is not bided. this is something different i observed",2026-08-25
playstore,5,,very easy to understand,2026-08-25
playstore,5,,super ra irukku nalla irukka 👍🏻✅💯,2026-08-25
playstore,5,,very exillent service,2026-08-25
playstore,5,,good,2026-08-25
playstore,5,,very good,2026-08-25
playstore,5,,Nice and help full,2026-08-25
playstore,5,,super and great 👍,2026-08-25
playstore,5,,good app,2026-08-25
playstore,5,,nice,2026-08-25
playstore,5,,nice,2026-08-25
playstore,5,,nice,2026-08-25
playstore,5,,brilliant,2026-08-25
playstore,5,,very good App,2026-08-25
playstore,5,,very nice 💯,2026-08-25
playstore,5,,it's very good,2026-08-25
playstore,5,,ok I like the idea on the app,2026-08-25
playstore,5,,good,2026-08-25
playstore,5,,very good app and easy,2026-08-25
playstore,4,,good,2026-08-25
playstore,1,,very bad with groww customer service.,2026-08-25
playstore,2,,i can't login to my primary account,2026-08-25
playstore,5,,very good,2026-08-25
playstore,5,,ok,2026-08-25
playstore,1,,"Frustrating payment loop—money stays blocked but app says failed. Zero stars for payment reliability. Whether I use bank net banking, third-party UPI, or Groww UPI, it always shows a technical error/failure screen. However, my money gets blocked or deducted every time. What is the point of low brokerage if your payment service is this poor? Please fix this sync issue between the bank and your app.",2026-08-25
playstore,1,,good,2026-08-25
playstore,5,,helpful to earn money,2026-08-25
playstore,5,,nice app,2026-08-25
playstore,5,,very good,2026-08-25
playstore,1,,sabse bekar aap hai ye last 30 min me graph ruk jata hai uske bad hm logo ko pata nhi chala pa rha hai ki kaise dekhe chart ko iski vajh se mera minus hua hai. so please is app ko apne mobile install na karain,2026-08-25
playstore,5,,plz support grow app users....,2026-08-25
playstore,1,,day by day going fraud not following rules,2026-08-25
playstore,5,,excellent 👍,2026-08-25
playstore,5,,very good app,2026-08-25
playstore,1,,slow process,2026-08-25
playstore,4,,add one click delivery trade exit just like zerodha,2026-08-25
playstore,5,,"Awosome groww had lots of problems *Main issues people are facing:* - App not opening / login failed during market hours - showed ""We are facing temporary problem, please try again later"" - Orders getting rejected even with balance, Demat balance not showing.",2026-08-25
playstore,5,,good,2026-08-25
playstore,1,,this is a chiter very very harani India ko chhodu bananata hai,2026-08-25
playstore,5,,good 👍,2026-08-25
playstore,4,,Good service,2026-08-25
playstore,5,,Nice ☺️,2026-08-25
playstore,5,,great,2026-08-25
playstore,5,,Great app with a simple and interactive user interface.,2026-08-25
playstore,5,,ver accurate app,2026-08-25
playstore,5,,Great,2026-08-25
playstore,5,,Easy to use,2026-08-25
playstore,5,,Nice working but some time Hanging,2026-08-25
playstore,5,,good app,2026-08-25
playstore,5,,good,2026-08-25
playstore,1,,Unable to install the app,2026-08-25
playstore,4,,trusted,2026-08-25
playstore,5,,good 👍😊,2026-08-25
playstore,5,,Nice,2026-08-25
playstore,1,,"In logon ne mera 3,000 rupee broker me atkaya hua hai ye log na to mera F&O activate kr rahe hain aur na hi mera paisa withdrawal de rahe hain. aur customer care walon se connect hona chaho to 15min wait kro call connect hone ka 😭😭 mera 3000 pada hua hai mai kya kru na to usse trade kr paa raha hu na hi withdrawal kr paa raha hu aaj mummy se baat krne ke liye bole hain agr baat krne ke baad bhi nhi return krenge paisa to mai suiside laga lunga Aaj 😭",2026-08-25
playstore,1,,"OFS cutoff time is 2pm, where in other platforms they provide till 3:30pm. very dissapointing and they are working on it.",2026-08-25
playstore,5,,good,2026-08-25
playstore,1,,very slow stuck in an emergency situation plz improve this,2026-08-25
playstore,5,,good app,2026-08-25
playstore,1,,"worst customer support ever!!!! gives fake assurance, but never delievers!!",2026-08-25
playstore,5,,best,2026-08-25
playstore,1,,brokerage charges are more than net profits earned,2026-08-25
playstore,5,,good for all investing app,2026-08-25
playstore,5,,good app for trading,2026-08-25
playstore,5,,👍,2026-08-25
playstore,1,,trading normal logo ke liye nhi hai agr aapka jivan thoda bhe achha chal rha hai to aap trading na kre kyuki treding ke aap na ji payege na mar payenge ye jua se km nhi hai me ek student tu mene trading ki or 65k gawaye hai isse ek din me profit 2 se 3k he ho skta hai max to max but lose jitna aap kr skte hai infact 20k to ek din me mera hua or hota he rehta hai lga hai aage chal kr cover kr lege but ye kabhi nhi hota or cover krne ke chakkar me or lose hota rehta hai hai isliye mt Krna,2026-08-25
playstore,5,,good,2026-08-25
playstore,5,,good app,2026-08-25
playstore,5,,good,2026-08-25
playstore,4,,👍 👍 👍 👍,2026-08-25
playstore,1,,charges is verry high many errors i delete groww 😏😏😏,2026-08-25
playstore,5,,it's an amazing app for stock market,2026-08-25
playstore,5,,nice,2026-08-25
playstore,1,,very worst service because after taking trade the premium is not getting updated as charts getting updated and very worst customer support,2026-08-25
playstore,5,,good,2026-08-25
playstore,5,,good,2026-08-25
playstore,5,,thanks groww,2026-08-25
playstore,5,,Up date portfolio also,2026-08-25
playstore,5,,good Experience,2026-08-25
playstore,2,,", ok bfw no ss",2026-08-25
playstore,5,,put some videos of trading for public,2026-08-25
playstore,5,,nice,2026-08-25
playstore,1,,bad app har time tax or tax paisa nikalne jao to tax dalne jao to tax faltu ka app hain main 200 nikal ne geya 150rs tax cut liya,2026-08-25
playstore,5,,simple to use,2026-08-25
playstore,5,,trustable,2026-08-25
playstore,5,,बेस्ट,2026-08-25
playstore,5,,"Groww is a very good and user-friendly investment platform for investors. The app has a simple interface and makes it easy to invest in mutual funds, SIPs, stocks, ETFs and IPOs. I especially like the easy-to-use design, portfolio tracking and investment features. It is a good platform for both beginners and experienced investors who prefer to manage their investments themselves.",2026-08-25
playstore,1,,customer care not support,2026-08-25
playstore,5,,Best,2026-08-25
playstore,4,,good,2026-08-25
playstore,5,,All seemless and smooth experience,2026-08-25
playstore,5,,good response 👍,2026-08-25
playstore,5,,very nice,2026-08-25
playstore,5,,very good,2026-08-25
playstore,5,,Good,2026-08-25
playstore,4,,improve charts and actual price data,2026-08-25
playstore,5,,ok,2026-08-25
playstore,5,,Excellent 👍,2026-08-25
playstore,5,,good,2026-08-25
playstore,5,,nice,2026-08-25
playstore,5,,good 👍,2026-08-25
playstore,1,,This app is getting worse day by day when I got few minor issues so I tried to contact customer care through chat but but even after waiting 15 minutes no one replied it keeps assigning to different different agents. will move my portfolio to other brokerage.,2026-08-25
playstore,5,,gud,2026-08-25
playstore,4,,Good,2026-08-25
playstore,5,,loss only loss 😭,2026-08-25
playstore,5,,good,2026-08-25
playstore,1,,Opening the future and options tab every time I open the app.,2026-08-25
playstore,5,,nice,2026-08-25
playstore,5,,very good groww account,2026-08-25
playstore,3,,"dear groww app team my groww app is account has been showing on on-boarding is not allowed for close, Inactive and on boarded account so please help us.",2026-08-25
playstore,5,,best app,2026-08-25
playstore,5,,nice app,2026-08-25
playstore,5,,best apps 👋,2026-08-25
playstore,5,,user freind,2026-08-25
playstore,5,,👍 hai good gjfdbjt kyt,2026-08-25
playstore,5,,exceptional,2026-08-25
playstore,1,,not even able to upload photo,2026-08-25
playstore,4,,great appp,2026-08-25
playstore,5,,super gemes,2026-08-25
playstore,5,,nice 👍,2026-08-25
playstore,5,,groww apps bahut acha he chalane me,2026-08-25
playstore,5,,good,2026-08-25
playstore,4,,UI is simple and clutter free. Good one for the new investors,2026-08-25
playstore,5,,good,2026-08-25
playstore,5,,good,2026-08-25
playstore,5,,Easy To Use....Very Helpfull App...Thanks Groww App....For our Growth.....,2026-08-25
playstore,1,,charge varient h,2026-08-25
playstore,5,,excellent,2026-08-25
playstore,5,,love you🥰🙏❣️,2026-08-25
playstore,5,,Excellent,2026-08-25
playstore,5,,Love you too,2026-08-25
playstore,5,,"Pretty good, not bad at all",2026-08-25
playstore,5,,good experience,2026-08-25
playstore,2,,all services good bus brocarge to hight choosh onther option,2026-08-25
playstore,5,,very good👍,2026-08-25
playstore,5,,very good and best app,2026-08-25
playstore,5,,bahut badhiya hai agar samjha jaaye to Sari chijen Hain ismein trading ke liye,2026-08-25
playstore,5,,good 👍,2026-08-25
playstore,5,,"Grow is a good platform for new investor, it's interface is very friendly",2026-08-25
playstore,4,,good,2026-08-25
playstore,5,,good,2026-08-25
playstore,5,,gold 🪙,2026-08-25
playstore,5,,good,2026-08-25
playstore,5,,smooth ui,2026-08-25
playstore,3,,"When I trade in stocks (intraday) chart doesn't show current position (p&l) and haven't given option to set stoploss and target on the chart, like other broker apps (except f&o). This is the worst thing I felt. Please provide the feature set target, stoploss and current position(p&l) on chart (both groww chart and tradingview chart).",2026-08-25
playstore,5,,nice,2026-08-25
playstore,5,,"Works smoothly, is easy to operate, best app for beginners.",2026-08-25
playstore,5,,very good simple fechas,2026-08-25
playstore,5,,Good experience,2026-08-25
playstore,5,,Great app for Mutual funds & stock trading,2026-08-25
playstore,3,,please include to add sl and tp in commodities section too overall the interface is good but just add this few to make it even more better,2026-08-25
playstore,5,,excellent so far....,2026-08-25
playstore,1,,make the app tablet interface friendly,2026-08-25
playstore,5,,nice,2026-08-25
playstore,5,,"I've been using Groww for the last 3 years and overall I'm very satisfied with the app. One feature I really miss is the ability to set and adjust Target, Stop Loss, and Trailing Stop Loss directly on the chart. It would make trade management much faster and more convenient, especially for active traders. Hope Groww adds this feature soon!",2026-08-24
playstore,5,,good,2026-08-24
playstore,5,,very nice application used very well and very easy,2026-08-24
playstore,5,,GOOD,2026-08-24
playstore,5,,Nice app,2026-08-24
playstore,5,,good,2026-08-24
playstore,4,,good,2026-08-24
playstore,5,,GOOD FOR BEGINNERS,2026-08-24
playstore,5,,Groww interface is very good. Is it possible to give the option to block F&O for the day after trade as it will help in control overtrading. It will be very helpful to control trading.,2026-08-24
playstore,5,,Mujhe bhi Grow ke organization se judna h kaam Krna hai ❤️🙌🏻,2026-08-24
playstore,5,,nice,2026-08-24
playstore,1,,"Being a 5+ year user, I think it’s finally time to uninstall Groww. The customer support experience has become really disappointing. I’ve faced multiple issues with F&O, and whenever I try to contact support, getting connected over a call is almost impossible. Even with emails and chats, tickets are being closed without proper acknowledgement or resolution. And please don’t reply here asking me for my ticket details. Please check my portfolio and account history first. Anyone else facing the",2026-08-24
playstore,5,,thank you grow,2026-08-24
playstore,5,,good 👍😊,2026-08-24
playstore,5,,nice,2026-08-24
playstore,5,,osm - new fitur,2026-08-24
playstore,3,,good for grow your life,2026-08-24
playstore,5,,nice,2026-08-24
playstore,5,,very best app,2026-08-24
playstore,4,,best of trading aap,2026-08-24
playstore,5,,good aap mai use krta hu,2026-08-24
playstore,5,,very good 👍,2026-08-24
playstore,5,,good,2026-08-24
playstore,5,,very nice,2026-08-24
playstore,5,,good app for trading,2026-08-24
playstore,5,,good one 👍,2026-08-24
playstore,5,,good,2026-08-24
playstore,5,,good,2026-08-24
playstore,5,,All good,2026-08-24
playstore,5,,good,2026-08-24
playstore,1,,"⭐ 1 Star Worst experience with Groww. IPO apply करने के बाद UPI Mandate Request तुरंत नहीं आती और इसी delay की वजह से मेरा IPO miss हो गया। Customer समय पर apply करे और system की देरी से IPO छूट जाए, इससे ज्यादा frustrating क्या हो सकता है? IPO Apply करते ही UPI Mandate Request तुरंत भेजनी चाहिए। Please fix this!",2026-08-24
playstore,1,,"⭐ 1 स्टार बहुत ही खराब अनुभव। आईपीओ के लिए समय पर आवेदन करने के बाद भी यूपीआई भुगतान की अनुमति तुरंत नहीं आती। यह अनुमति कभी भी 24 घंटे के अंदर आती है। आईपीओ की समय-सीमा तय होती है, लेकिन अनुमति आने का कोई निश्चित समय नहीं है। इसी देरी के कारण मेरा एक अच्छा आईपीओ मेरे हाथ से निकल गया। जब ग्राहक समय पर आवेदन कर रहा है, तो फिर उसे आपकी प्रणाली की देरी की सजा क्यों मिले? आईपीओ के लिए आवेदन करते ही उसी समय यूपीआई अनुमति भेजी जानी चाहिए, ताकि ग्राहक तुरंत स्वीकृति देकर अपना आवेदन पूरा कर सके।",2026-08-24
playstore,1,,"⭐ 1 Star बहुत खराब अनुभव। IPO समय पर Apply करने के बाद UPI Mandate तुरंत नहीं आता, बल्कि कभी भी 24 घंटे के अंदर आता है। IPO जैसी time-sensitive चीज में यह delay बहुत बड़ी समस्या है। मेरी गलती नहीं थी, फिर भी UPI Mandate समय पर नहीं आने की वजह से मेरा एक अच्छा IPO हाथ से निकल गया। Groww को समझना चाहिए कि ग्राहक अपना पैसा और समय भरोसे से लगाता है। अगर आपकी system delay की वजह से उसका IPO miss हो जाए, तो उस नुकसान की जिम्मेदारी कौन लेगा? IPO Apply करते ही उसी समय UPI Mandate Request भेजनी चाहिए",2026-08-24
playstore,5,,very good 👍,2026-08-24
playstore,1,,"⭐ 1 Star IPO Apply करने के बाद UPI Mandate Request तुरंत आनी चाहिए। अभी IPO select करके UPI ID डालने के बाद Mandate Request कभी भी 24 घंटे के अंदर आती है, जिससे काफी delay हो जाता है। मेरा सुझाव है कि जैसे ही कोई customer IPO Apply करे और UPI ID link करे, उसी समय तुरंत UPI Mandate Request भेजी जाए, ताकि customer उसी समय एक click में mandate accept करके IPO application complete कर सके। इस delay की वजह से मेरा एक अच्छा IPO apply नहीं हो पाया और मेरे हाथ से मौका निकल गया। कृपया UPI Mandate proc",2026-08-24
playstore,5,,best app,2026-08-24
playstore,5,,best investment app like stock sip for beginners,2026-08-24
playstore,1,,bahut kharab sip ke liye 472 ka penalty marta hai 100 ki sip miss hua to aur koi reminder ya usko pement ka option bhi baad me deta hai,2026-08-24
playstore,5,,very good 😊,2026-08-24
playstore,5,,best trading app,2026-08-24
playstore,5,,Awesome ui and UX,2026-08-24
playstore,5,,mast ek number,2026-08-24
playstore,5,,very nice app,2026-08-24
playstore,5,,best investment application,2026-08-24
playstore,5,,good,2026-08-24
playstore,5,,very nice network,2026-08-24
playstore,5,,verry good 💯💯💯💯,2026-08-24
playstore,5,,nice,2026-08-24
playstore,5,,Good app,2026-08-24
playstore,5,,"fast order execution is required , put and call chart seen at same time ,pls do for this as early as possible",2026-08-24
playstore,5,,i love groww company,2026-08-24
playstore,5,,best in the universe,2026-08-24
playstore,5,,thanks groww,2026-08-24
playstore,3,,"App is OK. Need one support from you guys - could you please show the purchase price per share for each stock in the portfolio section? Since we enter the sell price per share when selling, having the purchase price per share displayed in the portfolio would make it easier to track the investment and compare it with the current/sell price.",2026-08-24
playstore,1,,The reason behind giving it one star is today for intra day trade i purchased muthoot finance shares I was in good profit and market closes at 3:20 the rate i purchased was 3187.50 and I was on profit it squared it off automatically at 3189 and lowered my profit and the actual price of stock while it closed was 3199.80 so who is responsible for my loss u should give extra time to sell and why will u execute square off i appeal to all take out your investment from this app charges is high also.,2026-08-24
playstore,1,,very bad in install,2026-08-24
playstore,5,,very good,2026-08-24
playstore,5,,bitcoin bhi digya es apps pr,2026-08-24
playstore,3,,Trusted,2026-08-24
playstore,5,,best app from this apps i am learning a lot and lot to learn,2026-08-24
playstore,5,,good 👍,2026-08-24
playstore,1,,ipo payment status not proper reflect and customer call not answer please customer not use this app,2026-08-24
playstore,5,,amazing,2026-08-24
playstore,5,,it's a good platform for beginners and its easy to understand 👍🏻,2026-08-24
playstore,5,,very nice,2026-08-24
playstore,1,,"I am extremely disappointed with this app. An amount of ₹100 was deducted from my account and shows up in my Demat wallet balance, but when I try to withdraw it, the withdrawable balance shows ₹0. To make matters worse, customer support has been completely unresponsive—I have been trying to reach an agent on call for over 30 minutes without success. Please fix these wallet and support issues immediately.",2026-08-24
playstore,1,,"This app is trash, use lemon for scalping, I haven't place order but it has been placed by app and exit too without any user knowledge, they are fraud who don't even respect their customer, use some good app because you will never get good customer support back if you face any issue with app related to money, app has been consistently showing random order failure during option trading time, and now they want me to record the video for it. stupid",2026-08-24
playstore,4,,easy maintain financial goal,2026-08-24
playstore,5,,अच्छा,2026-08-24
playstore,1,,"3rd class app, crazy and mad developers updating app unnecessarily in ever few days. I use other brokers also but they have better app and also they don't give updates like hell like this stupid app. I will definitely change and delete my account with this broker and will use another one. don't deserve even 1 star 0 star for groww",2026-08-24
playstore,1,,coustomer helpline service not good,2026-08-24
playstore,5,,💯good👍,2026-08-24
playstore,5,,good,2026-08-24
playstore,5,,very nice. use this app,2026-08-24
playstore,5,,Good,2026-08-24
playstore,1,,"Hi, Don't believe this kind of stock brokers, I have faced worst experience with this grow app. Actually I did not placed one order, but the order was executed today (24-08-2026). Here I don't have option to upload any files, Otherwise I will show you, what kind of game these brokers are playing.",2026-08-24
playstore,5,,good 👍😊,2026-08-24
playstore,5,,so Best investment application for like ❤️,2026-08-24
playstore,5,,good,2026-08-24
playstore,5,,Good,2026-08-24
playstore,1,,I can't log in the app. it's struck in allow permission page. I gave all permission but it didn't went through. worst customer AI service,2026-08-24
playstore,4,,user friendly,2026-08-24
playstore,5,,nice,2026-08-24
playstore,5,,great app,2026-08-24
playstore,5,,super hai,2026-08-24
playstore,4,,👍,2026-08-24
playstore,5,,aek nambar,2026-08-24
playstore,5,,good,2026-08-24
playstore,1,,"Be careful!! This app shows a lower Avg buying price from the price you actually bought at, under your Holdings section, in Delivery orders. It thereby encourages you to sell at a lower price or less margin. This way u loose net money in the sale, since sell when price is lower too, but Groww makes money on brokerages. Effectively u are losing money. Since most Groww users are not exactly regular traders, we dont keep track of the exact price we bought, and Groww cheats its customers this way!!",2026-08-24
playstore,5,,Good service,2026-08-24
playstore,3,,"Gboard ক্লিপবোর্ডে স্বাগতম, 1সিসিসিসিসিসিজিসিসিসি করতে এবং মুছ থাকুন। আনপিন করা ক্লিপ ১ ঘণ্টা পরে থাওকুনফেলা হবে।এটি পিন করতে ক্লিপটি টাচ করে ধরে থাকুন। আনপিন করা ক্লিপ ১ ঘণ্টা পরে মুছে ফেলা হবে।Gboard ক্লিপবোর্ডে স্বাগতম, আপনার কপি করা হিউঘি8উই টেক্সট এখানে সেভ করা হবে।",2026-08-24
playstore,4,,good,2026-08-24
playstore,5,,Awasome,2026-08-24
playstore,5,,nice,2026-08-24
playstore,5,,super,2026-08-24
playstore,5,,good Money saver,2026-08-24
playstore,5,,good 👍,2026-08-24
playstore,5,,nice app,2026-08-24
playstore,5,,awesome,2026-08-24
playstore,1,,worst thing that you guys did was to remove the search history now you guys display only the last 5 stocks i searched for also to find the watchlist is hell lot of steps how will I remember was I last searched for like 10-15 stocks ago. PLEASE BRING BACK SEARCH HISTORY,2026-08-24
playstore,5,,ok but GST High,2026-08-24
playstore,5,,very good,2026-08-24
playstore,5,,ok,2026-08-24
playstore,5,,good,2026-08-24
playstore,5,,good 😊,2026-08-24
playstore,5,,good,2026-08-24
playstore,3,,"I am getting the option to ""Add Family"" in the profile section.",2026-08-24
playstore,5,,good,2026-08-24
playstore,1,,The Broker eats all F&O profits not suitable for Retail F&O.,2026-08-24
playstore,3,,charges jyda lgte he,2026-08-24
playstore,1,,"another 1 star, have applied for multiple IPOs but haven't received for upi request for any of those from last 3 hours this app silently deducting brokerage charge even if the transaction is unsuccessful. people need to pay attention on this. why it forcefully asking to approve autopay if I don't want to, for sip installments?",2026-08-24
playstore,5,,best,2026-08-24
playstore,5,,good,2026-08-24
playstore,5,,go on,2026-08-24
playstore,5,,dhan app k jaise volume chart v so karne ki koshish kare please,2026-08-24
playstore,4,,good,2026-08-24
playstore,1,,I can't log in the app. it's stuck in the allow permission page. I contacted a customer service representative. he is a waste fellow. he didn't help and he didn't know about the app. time waste. now installing zerodha app,2026-08-24
playstore,1,,"Call support very bad, I did 10 minutes call, did not pic my call.",2026-08-24
playstore,5,,👍,2026-08-24
playstore,5,,nice,2026-08-24
playstore,5,,excellent,2026-08-24
playstore,5,,best Aap,2026-08-24
playstore,5,,"wow...great for me & very easy to use ,fast n secure.",2026-08-24
playstore,1,,customer care survice is too much worst. they can't help a little to customer,2026-08-24
playstore,5,,very Nice Groww platform,2026-08-24
playstore,1,,"This is a completely useless application. If you apply for IPO, the status does not get updated and if you trade, you cannot get entry first and then if you take entry, you cannot exit the trade, And gives time for OFS only till 2 o'clock.",2026-08-24
playstore,4,,nice,2026-08-24
playstore,5,,ABSOLUTELY ONE OF THE BEST INTERMEDIARY APP FOR INVESTMENT.,2026-08-24
playstore,5,,super easy and good,2026-08-24
playstore,1,,customer support is worst long waiting time and no resolution i found,2026-08-24
playstore,5,,Good platform but you have to use Brain 🧠,2026-08-24
playstore,5,,very good,2026-08-24
playstore,5,,good 👍,2026-08-24
playstore,5,,easy to use,2026-08-24
playstore,5,,good,2026-08-24
playstore,5,,Good 👍,2026-08-24
playstore,1,,groww account customer support is very bad,2026-08-24
playstore,5,,good,2026-08-24
playstore,2,,kitne update lgte h,2026-08-24
playstore,5,,good,2026-08-24
playstore,5,,good 👍,2026-08-24
playstore,5,,superb,2026-08-24
playstore,5,,excellent,2026-08-24
playstore,3,,mast,2026-08-24
playstore,5,,good,2026-08-24
playstore,5,,Nice,2026-08-24
playstore,4,,ok,2026-08-24
playstore,5,,nive work,2026-08-24
playstore,5,,good,2026-08-24
playstore,5,,💯👍,2026-08-24
playstore,5,,good,2026-08-24
playstore,5,,nice 👍🙂,2026-08-24
playstore,5,,Excellent,2026-08-24
playstore,5,,Stocks to Mutual funds everything working fine,2026-08-24
playstore,5,,Good app for beginners and learners,2026-08-24
playstore,4,,top,2026-08-24
playstore,5,,it's good feeling to use this app 🙂,2026-08-24
playstore,5,,best zero aMC,2026-08-24
playstore,5,,good,2026-08-24
playstore,5,,best,2026-08-24
playstore,4,,good,2026-08-24
playstore,5,,very nice service,2026-08-24
playstore,5,,grow is best,2026-08-24
playstore,5,,Good Service,2026-08-24
playstore,5,,Nice,2026-08-24
playstore,5,,खुप छान ऐप आहे,2026-08-24
playstore,1,,"customer care is not responding, while creating , setup account accidentally I selected some wrong options so I left the from the complete setup and, reset the process, from that till not open app from 2days . it showing your journey reset in progress 😒",2026-08-24
playstore,5,,Good 👍,2026-08-24
playstore,3,,Just need step up SIP calculator,2026-08-24
playstore,5,,Great,2026-08-23
playstore,5,,Excellent,2026-08-23
playstore,5,,Great full,2026-08-23
playstore,1,,poor service very bad service profit 100 rs 20 to tax and 40 brockarage and after that some hidden charges profit 0 loss 100 %,2026-08-23
playstore,5,,good,2026-08-23
playstore,5,,🤗 good 👍,2026-08-23
playstore,5,,good,2026-08-23
playstore,5,,good,2026-08-23
playstore,5,,App is Good,2026-08-23
playstore,5,,❤️‍🩹,2026-08-23
playstore,4,,good,2026-08-23
playstore,5,,excellent,2026-08-23
playstore,5,,nice trading app,2026-08-23
playstore,5,,very nice good service,2026-08-23
playstore,5,,wow,2026-08-23
playstore,5,,nice growth,2026-08-23
playstore,5,,Good,2026-08-23
playstore,5,,good,2026-08-23
playstore,5,,Groww जैसा कोई नहीं,2026-08-23
playstore,5,,good,2026-08-23
playstore,5,,good,2026-08-23
playstore,5,,good,2026-08-23
playstore,5,,best,2026-08-23
playstore,5,,best service,2026-08-23
playstore,5,,best,2026-08-23
playstore,4,,very easy and safly,2026-08-23
playstore,5,,nice chart 📉📈 and opsan chain ⛓️‍💥 bat high brocreg,2026-08-23
playstore,5,,good,2026-08-23
playstore,5,,Good interface & very fastest service,2026-08-23
playstore,4,,very good,2026-08-23
playstore,4,,"I have been using the Groww app and so far my experience has been really good. The app has a clean and simple interface, which makes it easy to navigate even for beginners. Finding stocks, mutual funds and other investment options is quite convenient. I also like how the information is presented in a simple and understandable way. Overall, Groww is a user-friendly platform with a smooth experience, and I would recommend it to anyone who wants an easy-to-use investment app.",2026-08-23
playstore,5,,it's good,2026-08-23
playstore,5,,Good,2026-08-23
playstore,5,,thank you groww,2026-08-23
playstore,5,,nice app,2026-08-23
playstore,1,,"Worst App, The Kyc takes lot of days worst experience",2026-08-23
playstore,5,,good 👍,2026-08-23
playstore,5,,mast investment app h,2026-08-23
playstore,4,,nice app,2026-08-23
playstore,5,,Good,2026-08-23
playstore,5,,Pls Open Us Stocks Trade And Investment,2026-08-23
playstore,1,,bohot charges he grow me 😵‍💫😕😟,2026-08-23
playstore,5,,Nice,2026-08-23
playstore,5,,super,2026-08-23
playstore,5,,good,2026-08-23
playstore,5,,amazing 😍,2026-08-23
playstore,5,,very good,2026-08-23
playstore,5,,One Of The Best Trading Platform In the Industries of Share Market !,2026-08-23
playstore,1,,pathetic app auto installing itself through YouTube ads. just pathetic.,2026-08-23
playstore,5,,good aap starting best,2026-08-23
playstore,5,,so kool।app bro,2026-08-23
playstore,5,,Extremely easy to use. Very user friendly interface.,2026-08-23
playstore,5,,good,2026-08-23
playstore,5,,good aapp,2026-08-23
playstore,5,,Bahut achha,2026-08-23
playstore,5,,5 star,2026-08-23
playstore,5,,best performance,2026-08-23
playstore,5,,nice,2026-08-23
playstore,5,,good,2026-08-23
playstore,5,,best one,2026-08-23
playstore,5,,very useful and easy plateform,2026-08-23
playstore,5,,good application and easily drive,2026-08-23
playstore,1,,not able to operating app its not getting open after permissions stage keep crashing in loading loop.,2026-08-23
playstore,5,,best,2026-08-23
playstore,5,,good,2026-08-23
playstore,1,,bad brokrage tax very high sahi best ap h isse,2026-08-23
playstore,5,,only sip best,2026-08-23
playstore,5,,best bank application,2026-08-23
playstore,5,,good,2026-08-23
playstore,4,,good,2026-08-23
playstore,5,,"Feedback: Groww app ka interface simple aur user-friendly hai, lekin trading experience ko aur better banaya ja sakta hai. Intraday traders ke liye order execution speed, real-time price updates aur chart performance ko aur improve karna chahiye. Brokerage aur other charges ka complete breakup order place karne se pehle clearly dikhaya jaye to users ke liye transparency aur badhegi. Saath hi, stop-loss, target aur advanced order options ko aur easy aur fast banaya jaye. Overall Groww ek achha",2026-08-23
playstore,5,,best,2026-08-23
playstore,5,,nice che,2026-08-23
playstore,5,,nice app,2026-08-23
playstore,5,,🤑,2026-08-23
playstore,5,,Good and simple investing app,2026-08-23
playstore,5,,nice,2026-08-23
playstore,5,,Good,2026-08-23
playstore,5,,I Love you Grow... I wish you keep Growing and so grows our future...,2026-08-23
playstore,5,,good,2026-08-23
playstore,5,,good,2026-08-23
playstore,5,,good,2026-08-23
playstore,5,,good,2026-08-23
playstore,5,,Best,2026-08-23
playstore,5,,super,2026-08-23
playstore,5,,nice,2026-08-23
playstore,5,,good platform,2026-08-23
playstore,4,,Best,2026-08-23
playstore,5,,groww app good experience all funds excellent app thank you 💓 grow app,2026-08-23
playstore,5,,Good Platform for investment,2026-08-23
playstore,5,,good,2026-08-23
playstore,5,,good 👍,2026-08-23
playstore,5,,bast aap,2026-08-23
playstore,1,,Not running in my device,2026-08-23
playstore,5,,investment most app,2026-08-23
playstore,5,,super,2026-08-23
playstore,5,,good,2026-08-22
playstore,5,,good,2026-08-22
playstore,5,,ok,2026-08-22
playstore,5,,exlent service in Groww app 👌👌👌👌👌👌,2026-08-22
playstore,5,,best app,2026-08-22
playstore,4,,very easy to use app,2026-08-22
playstore,5,,good 😊,2026-08-22
playstore,5,,nice app,2026-08-22
playstore,5,,nice app,2026-08-22
playstore,5,,Best App,2026-08-22
playstore,5,,good,2026-08-22
playstore,5,,nice,2026-08-22
playstore,5,,good app,2026-08-22
playstore,5,,Groww stock is good market stock invester.,2026-08-22
playstore,5,,good app,2026-08-22
playstore,5,,good,2026-08-22
playstore,1,,Broker charge bahut jyada Karta Hai update karna chahie jald se jald Manmani cut raha hai,2026-08-22
playstore,1,,"Main Groww app se bahut zyada disappointed hu. Pichle 15 din se mujhe 2 badi technical problems ho rahi hain, lekin support team ki taraf se koi help nahi mil rahi: Commodity Trading Problem: Commodity trading activity kaam nahi kar rahi hai aur baar-baar ""No account found"" bolta hai. IPO Payment Fail: IPO apply karne par jab bhi UPI PIN dalta hu, toh payment nahi hota aur fail ho jata hai.Maine Groww chat support aur call team se kafi baar baat ki, par wo koi help nahi karte.",2026-08-22
playstore,5,,👍 Good,2026-08-22
playstore,5,,good,2026-08-22
playstore,5,,Best' experience,2026-08-22
playstore,5,,good,2026-08-22
playstore,5,,nice🤩🤩,2026-08-22
playstore,5,,very easy and usefull app to trade.,2026-08-22
playstore,5,,good,2026-08-22
playstore,5,,Good,2026-08-22
playstore,5,,v good,2026-08-22
playstore,1,,"please update your indicator. if you don't update your indicator, i will find another broker for trading. Your indicator is not so advanced for trading.",2026-08-22
playstore,3,,lekin humko kuchh nahin mila,2026-08-22
playstore,5,,very nice 🙂,2026-08-22
playstore,5,,nice 👍,2026-08-22
playstore,4,,good,2026-08-22
playstore,5,,excellent 👍👍👍👌👌👌👌,2026-08-22
playstore,5,,Good 👍,2026-08-22
playstore,5,,good 👍,2026-08-22
playstore,5,,nice,2026-08-22
playstore,5,,very good app amazing support app,2026-08-22
playstore,5,,good,2026-08-22
playstore,5,,good,2026-08-22
playstore,5,,Good,2026-08-22
playstore,5,,very good👍,2026-08-22
playstore,5,,"great app so far. I've been using it for the past few years and it's the best investment app for me till now. the only thing where I waste my time in the app is that everytime I have to see my notifications of target price reached, I have to go out of the app and come back again to chect the next notification. earlier it was very convenient to see all the notifications consecutively without going out from the app. so it would be good if you can kindly bring back that option again. 🙏",2026-08-22
playstore,1,,App shows permission issue even after allowing permission,2026-08-22
playstore,5,,Happy,2026-08-22
playstore,5,,simple use,2026-08-22
playstore,5,,osm,2026-08-22
playstore,5,,super 👌👌👌,2026-08-22
playstore,5,,nice platform,2026-08-22
playstore,5,,nice,2026-08-22
playstore,5,,best app for investment,2026-08-22
playstore,5,,outstanding 😊,2026-08-22
playstore,4,,very nice,2026-08-22
playstore,5,,nice,2026-08-22
playstore,5,,very nice information and the best investment platform.,2026-08-22
playstore,4,,best' group aap,2026-08-22
playstore,5,,great,2026-08-22
playstore,5,,best app,2026-08-22
playstore,5,,good 👍,2026-08-22
playstore,5,,very good Withdrawal,2026-08-22
playstore,4,,best app for Traders,2026-08-22
playstore,5,,saral che,2026-08-22
playstore,5,,bahut achha app hai mashallah jazakallah shukriya nice,2026-08-22
playstore,5,,excellent,2026-08-22
playstore,5,,super 😘😘,2026-08-22
playstore,5,,good to work in and simple to use,2026-08-22
playstore,5,,superb and also do gesture as did earlier like grow tea shirt,2026-08-22
playstore,5,,excellent,2026-08-22
playstore,5,,best,2026-08-22
playstore,4,,🤚🏻 nicee!,2026-08-22
playstore,5,,Happy,2026-08-22
playstore,5,,good,2026-08-22
playstore,5,,no.1 digital platform,2026-08-22
playstore,5,,mast hai groww,2026-08-22
playstore,5,,good,2026-08-22
playstore,5,,Nice app grow,2026-08-22
playstore,5,,good,2026-08-22
playstore,5,,nice,2026-08-22
playstore,5,,good,2026-08-22
playstore,5,,The best,2026-08-22
playstore,5,,zabardast,2026-08-22
playstore,5,,very 👍 good,2026-08-22
playstore,5,,good,2026-08-22
playstore,5,,good for saving,2026-08-22
playstore,5,,best app application ficture and options and IPO,2026-08-22
playstore,5,,good 👍,2026-08-22
playstore,5,,good,2026-08-22
playstore,4,,excellent,2026-08-22
playstore,5,,soo good 👍,2026-08-22
playstore,5,,batter understood and easy,2026-08-22
playstore,5,,good,2026-08-22
playstore,5,,best,2026-08-22
playstore,5,,good,2026-08-22
playstore,5,,"easy interface, detailed analysis of companies and many more.",2026-08-22
playstore,5,,nice application join all frends,2026-08-22
playstore,5,,Good,2026-08-22
playstore,1,,good,2026-08-22
playstore,5,,"⭐⭐⭐⭐⭐ Great app for investing! The interface is simple, smooth, and easy to understand. Very convenient for managing investments.",2026-08-22
playstore,5,,it is risky,2026-08-22
playstore,5,,Excellent,2026-08-22
playstore,5,,best,2026-08-22
playstore,5,,good information simple application,2026-08-22
playstore,5,,good,2026-08-22
playstore,5,,good for me service,2026-08-22
playstore,5,,best trading platform 12 lakh rupya banaen profit 10000 se profit,2026-08-22
playstore,5,,best,2026-08-22
playstore,4,,"nice experience with this app very nice app, very smooth to use,very fast processing.orders so fast process.",2026-08-22
playstore,5,,good,2026-08-22
playstore,5,,good app,2026-08-22
playstore,5,,good 👍,2026-08-22
playstore,5,,very nice app,2026-08-22
playstore,5,,v good investment app,2026-08-22
playstore,5,,Nice,2026-08-22
playstore,5,,good,2026-08-22
playstore,5,,very good 👍😊,2026-08-22
playstore,5,,nice,2026-08-22
playstore,1,,verry bad,2026-08-22
playstore,5,,good,2026-08-22
playstore,5,,very good app,2026-08-22
playstore,5,,excellent,2026-08-22
playstore,5,,all good,2026-08-22
playstore,5,,good,2026-08-22
playstore,5,,ok,2026-08-22
playstore,5,,Superb App,2026-08-21
playstore,5,,best app,2026-08-21
playstore,4,,good but brokerage jada lene lge,2026-08-21
playstore,5,,ok,2026-08-21
playstore,5,,good,2026-08-21
playstore,5,,best choice,2026-08-21
playstore,5,,vari good,2026-08-21
playstore,1,,worst app for trading.,2026-08-21
playstore,5,,"Really nice, Using this app from last 5 years",2026-08-21
playstore,5,,good,2026-08-21
playstore,5,,😍😍,2026-08-21
playstore,5,,good,2026-08-21
playstore,5,,good,2026-08-21
playstore,5,,excellent 👌,2026-08-21
playstore,3,,brokrage very hard,2026-08-21
playstore,1,,It's froud aps u can't fund transfer to other bank SBI security is best aps.....,2026-08-21
playstore,5,,overall nice to view stock intraday charges,2026-08-21
playstore,1,,after SIP canceled still take charge for SIP bounce.,2026-08-21
playstore,5,,ok,2026-08-21
playstore,5,,ok,2026-08-21
playstore,5,,nice app,2026-08-21
playstore,1,,never use this let payment,2026-08-21
playstore,5,,best,2026-08-21
playstore,5,,Best,2026-08-21
playstore,5,,Excellent,2026-08-21
playstore,5,,good,2026-08-21
playstore,1,,I'll give 5 star when they introduce heatmap.....,2026-08-21
playstore,4,,Excellent,2026-08-21
playstore,1,,improve customer care,2026-08-21
playstore,4,,good,2026-08-21
playstore,5,,good,2026-08-21
playstore,5,,good,2026-08-21
playstore,1,,worst,2026-08-21
playstore,5,,Nice app,2026-08-21
playstore,5,,ok,2026-08-21
playstore,5,,best app and must try to invest our money easy to return,2026-08-21
playstore,5,,very easy to use,2026-08-21
playstore,5,,best sandar,2026-08-21
playstore,5,,good,2026-08-21
playstore,5,,it is very superb experience and it is very clear and easy to trade,2026-08-21
playstore,5,,super,2026-08-21
playstore,5,,good service and happiness,2026-08-21
playstore,5,,Good,2026-08-21
playstore,5,,so easy to handle and good experience,2026-08-21
playstore,5,,Good,2026-08-21
playstore,1,,ghatiya app sabse bhadiya zerodha zerodha groww bhool ke bhi download mat kar lena pachtaoge,2026-08-21
playstore,5,,very good,2026-08-21
playstore,5,,it's very usefull and very good app it's better to grow business,2026-08-21
playstore,5,,okkkkkkkkkkkkkkkk,2026-08-21
playstore,5,,very nice,2026-08-21
playstore,5,,Best 👌 👍 May try for better results,2026-08-21
playstore,1,,"शुरुआत करने वालों के लिए Groww ऐप ठीक है क्योंकि इसमें फ्री में डीमैट अकाउंट खुल जाता है और ऐप इस्तेमाल करने में आसान है। लेकिन मैंने अपने Groww और Zerodha अकाउंट की तुलना की है, और मुझे कई मामलों में इंट्राडे ट्रेडिंग के लिए Zerodha की ब्रोकरेज कम लगी। अगर आप रोज़ या बार-बार शेयर खरीदते और बेचते हैं, तो यह छोटा-सा चार्ज समय के साथ बड़ा खर्च बन सकता है। इसलिए सिर्फ फ्री अकाउंट ओपनिंग देखकर अकाउंट मत खोलिए। पहले सभी चार्ज अच्छी तरह तुलना करें।",2026-08-21
playstore,5,,good,2026-08-21
playstore,5,,good,2026-08-21
playstore,5,,very nice app 👍,2026-08-21
playstore,5,,best,2026-08-21
playstore,5,,Great platform even for beginners to invest in stock market,2026-08-21
playstore,5,,good,2026-08-21
playstore,5,,good,2026-08-21
playstore,3,,nice one,2026-08-21
playstore,1,,poor customer support,2026-08-21
playstore,5,,बेस्ट aap. easy to use coustomer care सपोर्टींग well,2026-08-21
playstore,5,,very good Groww app,2026-08-21
playstore,5,,join with groww app excellent support,2026-08-21
playstore,5,,super easy user interface,2026-08-21
playstore,5,,Good app for trading and investment,2026-08-21
playstore,5,,good 👍🏻,2026-08-21
playstore,5,,good 👍,2026-08-21
playstore,1,,very bad castomar service,2026-08-21
playstore,5,,Best,2026-08-21
playstore,1,,Redeemed portfolio still showing after 1 month. Worst response from Groww support team. Not fixing it.,2026-08-21
playstore,5,,good app,2026-08-21
playstore,5,,good,2026-08-21
playstore,5,,very good,2026-08-21
playstore,1,,bahut bekar hai bilkul safot nai karta brokarge fee to anginat lagata hai kbhi 100 to kabhi 200rs to kabhi 70rs itne kamte nai utne to brokerge fee barni fad rahi hai,2026-08-21
playstore,5,,best,2026-08-21
playstore,4,,hi. I am facing some kind of techonical Error in adding money to GROWW from my saving account. ... Facing problem from last 8/9 days.,2026-08-21
playstore,5,,nice,2026-08-21
playstore,5,,one of the best discount broker ever had in india,2026-08-21
playstore,5,,in 4 years its gud experience with this app,2026-08-21
playstore,5,,good 👍,2026-08-21
playstore,5,,nice,2026-08-21
playstore,5,,good,2026-08-21
playstore,5,,best of luck using this groww app,2026-08-21
playstore,5,,Good,2026-08-21
playstore,4,,best,2026-08-21
playstore,5,,good,2026-08-21
playstore,5,,great,2026-08-21
playstore,5,,good to handle,2026-08-21
playstore,5,,fantastic platform for New traders,2026-08-21
playstore,5,,niftybees candle chart not open please do something,2026-08-21
playstore,5,,fantastic,2026-08-21
playstore,5,,nice,2026-08-21
playstore,5,,good 👍😊 happy,2026-08-21
playstore,5,,very good groww,2026-08-21
playstore,5,,good,2026-08-21
playstore,1,,pathentic customer service. on chat no reply/ no resolution/ no response. if you call some agent delete call and not callback. few persons answer call.,2026-08-21
playstore,1,,switching to lemonn app ..as the brokerage is very high and the interface has become laggy and doesn't work in the critical times.,2026-08-21
playstore,5,,good,2026-08-21
playstore,5,,best,2026-08-21
playstore,5,,nice,2026-08-21
playstore,5,,very nice 👍 easy operating,2026-08-21
playstore,4,,Good work.,2026-08-21
playstore,5,,best,2026-08-21
playstore,1,,main kahana chahta hun isase bada app kabhi bhi aapane dekha nahin hoga kyunki iska support system jo hai na bahut hota Hai aur yah Jo aapka app hai na yah aapko badhiya se kuchh samajh mein samajhne ke liye bhi nahin hoga kyunki yah app Apne Marji se chalta hai aapko koi bhi download nahin Karega,2026-08-21
playstore,3,,very nice 🙂,2026-08-21
playstore,5,,good 👍,2026-08-21
playstore,5,,பயன்படுத்துவது எளிமையாக உள்ளது,2026-08-21
playstore,1,,not working in my phone after allow permission button page not proceeding,2026-08-21
playstore,5,,Excellent app,2026-08-21
playstore,5,,Superb,2026-08-21
playstore,5,,good aap,2026-08-21
playstore,1,,App is good but its take very high charge in buy and sell two times take charges,2026-08-21
playstore,5,,very nice,2026-08-21
playstore,5,,just wow easy and fast,2026-08-21
playstore,5,,amazing,2026-08-21
playstore,4,,good,2026-08-21
playstore,5,,good,2026-08-21
playstore,5,,👍,2026-08-21
playstore,5,,nise,2026-08-21
playstore,5,,good 👍,2026-08-21
playstore,5,,inter face good,2026-08-21
playstore,5,,Good,2026-08-21
playstore,5,,v good,2026-08-21
playstore,5,,friendly and good for first time trading,2026-08-21
playstore,5,,good experience,2026-08-21
playstore,1,,Add payment doesn't work it shows unexpected error since 1 week and the customer support doesn't even bother to help they don't respond untill we get frustrated and then when we leave due to no response these guys are closing chat,2026-08-21
playstore,5,,good,2026-08-21
playstore,1,,bad application..option premium not open in different time fream,2026-08-21
playstore,5,,good,2026-08-21
playstore,5,,very good app,2026-08-21
playstore,5,,Nice,2026-08-21
playstore,5,,good,2026-08-21
playstore,5,,best brocking app 👍,2026-08-21
playstore,5,,good 👍,2026-08-21
playstore,5,,excellent app,2026-08-21
playstore,5,,I like this app and easy to trade And trading view also have there I'm happy😊😁😀,2026-08-21
playstore,5,,okay,2026-08-21
playstore,5,,good,2026-08-21
playstore,5,,is the best app,2026-08-21
playstore,1,,Sell karne ke time panding me chela jata hai ore sell nahi fir lose hone ke baad sell hota hai kya kare ! Aaj Banas 132 ka sell Kiya ore our sab etc etc share bt sell he na Howe Abe Monday ko ore kimant lose honga. . iska koi solution do company ko buy karna chaiye groww ko customer police hai customer happiness is everything . Me our mare 32 Firends use kar rahe hai unme se 25 ko esa huwa fir sab dusre application ko use karenge .. i Hadley request you iska koi solution lao jaldi 🙏,2026-08-21
playstore,5,,good,2026-08-21
playstore,5,,best app for India 🇮🇳,2026-08-21
playstore,5,,good 👍,2026-08-21
playstore,5,,thank you,2026-08-21
playstore,5,,easy trading flatform and more options for smart investment overall good app,2026-08-21
playstore,5,,Easy to process,2026-08-21
playstore,5,,Good 👍,2026-08-21
playstore,4,,nice,2026-08-21
playstore,2,,all parmition age jata nahi,2026-08-21
playstore,5,,good,2026-08-21
playstore,5,,Best investment app,2026-08-21
playstore,1,,"After recent update, This app is not showing correct MF balances and not working as expected.",2026-08-21
playstore,5,,Overall Good.,2026-08-21
playstore,5,,very good,2026-08-21
playstore,5,,good,2026-08-21
playstore,5,,Good 👍,2026-08-21
playstore,5,,very nice,2026-08-21
playstore,5,,excellent app,2026-08-21
playstore,5,,good 😊,2026-08-21
playstore,5,,Good Application,2026-08-21
playstore,1,,super,2026-08-21
playstore,4,,nice apps,2026-08-21
playstore,5,,good tool for new investor,2026-08-21
playstore,5,,good,2026-08-21
playstore,5,,Thank,2026-08-21
playstore,1,,Demet account do not open . why? ans __groww demet close option not available in app and very unusefull link send by groww and without permission many of mail send but closeing of demet are not available....,2026-08-21
playstore,5,,very good 👍👍😊😊,2026-08-21
playstore,5,,very easy bying selling,2026-08-21
playstore,5,,super apps,2026-08-21
playstore,5,,👍 good,2026-08-21
playstore,5,,It's Too Good 😊 Essay to Use,2026-08-21
playstore,5,,very nice,2026-08-21
playstore,5,,excellent 👌,2026-08-21
playstore,1,,"Very worst app, i joined via Attapoll app. This app devoloper offered joining reward, but they did not credited promised reward. I submitted proof in Adscend Media form. They said me Groww team not approved your reward. it's mean Groww team is cheated me. Really disappointed, very very shame on you Groww team.",2026-08-21
playstore,1,,"Worst ever experience, you guys are thieves i mistakenly chose the MF prime plan, now I can't revert back to Classic plan. no OTP is coming, either in sms or mail",2026-08-21
playstore,5,,super 😍,2026-08-21
playstore,1,,I am getting a discrepancy in my funds amount . When I cross checked with amc website I found the amount is much higher on AMC websites . Customer care doesn't respond to my calls nor the chat option is working.,2026-08-21
playstore,1,,I don't see referral option in my groww app. Why is it? Says update the app and it shows groww app is upto date.,2026-08-21
playstore,5,,good app,2026-08-21
playstore,5,,good,2026-08-20
playstore,1,,I am writing to bring to your attention a technical issue I am facing with chart pricing on your platform. legging chart note fast app very slow uploading chart I am use best Wi-Fi jio wifi and airtel WiFi but your chart is very slow loading,2026-08-20
playstore,5,,good response,2026-08-20
playstore,5,,good 👍👍 aap,2026-08-20
playstore,5,,excellent,2026-08-20
playstore,5,,supup growwwww,2026-08-20
playstore,5,,Nice 👍👍,2026-08-20
playstore,5,,groww is easy to use with a good interface,2026-08-20
playstore,5,,good,2026-08-20
playstore,5,,good,2026-08-20
playstore,5,,nice app,2026-08-20
playstore,5,,📈📉,2026-08-20
playstore,5,,excellent,2026-08-20
playstore,5,,it is best for trading,2026-08-20
playstore,5,,good,2026-08-20
playstore,5,,ok,2026-08-20
playstore,5,,Best trading app,2026-08-20
playstore,2,,I am trying since yesterday but I can't go through new issue,2026-08-20
playstore,5,,bast app,2026-08-20
playstore,5,,nice,2026-08-20
playstore,5,,love you,2026-08-20
playstore,5,,ok,2026-08-20
playstore,5,,very good,2026-08-20
playstore,5,,good 👍,2026-08-20
playstore,5,,it's amazing,2026-08-20
playstore,5,,very good app,2026-08-20
playstore,5,,eassy way all over broker apps,2026-08-20
playstore,4,,good,2026-08-20
playstore,5,,"it's very easy to use and understand the all trading details and you can easily invest, sale & purchase your share as well as mutual funds. and most important thing is to pay your SIP without skipping",2026-08-20
playstore,5,,very good 💯😊,2026-08-20
playstore,5,,iam growing financially....,2026-08-20
playstore,5,,good 💯,2026-08-20
playstore,5,,awesome,2026-08-20
playstore,1,,"As per the ads thinking that the app is user friendly, started using groww app & its been 3 months. I have been using zerodha for the last 5-6 years. I found zerodha is more user friendly than the groww app. I place the order ""limit"" option but execute with the ""market"" option & incur me the losses. I faced this issue twice in the last 3 months. Not just this problem, there are many more issues in UI wise. I use paytm money & zerodha as well. I recommend any other app than this worst GROWW app.",2026-08-20
playstore,4,,in scaling mode we not able to use trading view chart,2026-08-20
playstore,4,,best app for withdrawal and fast process 👍🏻,2026-08-20
playstore,5,,excellent service sir 👍 please,2026-08-20
playstore,5,,best,2026-08-20
playstore,5,,Good place to invest,2026-08-20
playstore,5,,ok,2026-08-20
playstore,5,,good app to use,2026-08-20
playstore,5,,good,2026-08-20
playstore,5,,good 👍,2026-08-20
playstore,3,,प्रीमियम चार्ट पर पोजिशन शो नही करता चार्ट पर ही SL लगाने और TP का ऑप्शन भी होना चाहिए दूसरे सब ब्रोकर में आता है,2026-08-20
playstore,5,,good,2026-08-20
playstore,5,,good app,2026-08-20
playstore,1,,"useless app. web portal and customer care sont access the same database. new user onboarding experience is pathetic. even after successful kyc completion, their systems don't reflect what was done on website. a platform that can't even handle new customer onboarding right, not sure has the capability to handle trading and financial transactions right",2026-08-20
playstore,5,,super,2026-08-20
playstore,4,,best,2026-08-20
playstore,5,,super,2026-08-20
playstore,5,,Best application,2026-08-20
playstore,5,,good,2026-08-20
playstore,1,,verry 😔 bad,2026-08-20
playstore,4,,Good & well maintained,2026-08-20
playstore,5,,good 👍😊,2026-08-20
playstore,5,,very good app,2026-08-20
playstore,5,,better,2026-08-20
playstore,5,,Best demat account,2026-08-20
playstore,4,,Lot of options well arranged for ease of selection and execution.,2026-08-20
playstore,5,,"hmm good platform to invest in and it's interface is easy to use,",2026-08-20
playstore,5,,🙌🏼,2026-08-20
playstore,5,,super,2026-08-20
playstore,5,,super,2026-08-20
playstore,5,,very good,2026-08-20
playstore,5,,good,2026-08-20
playstore,5,,ok,2026-08-20
playstore,5,,best,2026-08-20
playstore,5,,Good 👍,2026-08-20
playstore,5,,good,2026-08-20
playstore,5,,nice 👍 🙂,2026-08-20
playstore,5,,op😀,2026-08-20
playstore,5,,good,2026-08-20
playstore,3,,"Overall a Good experience, it's has improved alot now. But should add ""Return Value - Total & Days change"" just as it's available in Moneycontrol portfolio section alongwith %change. thanks 👍🏼",2026-08-20
playstore,5,,vary good service,2026-08-20
playstore,4,,good,2026-08-20
playstore,3,,very nice 👍👍,2026-08-20
playstore,5,,good,2026-08-20
playstore,5,,good💯,2026-08-20
playstore,5,,good,2026-08-20
playstore,5,,very user friendly,2026-08-20
playstore,5,,excellent,2026-08-20
playstore,5,,nice user friendly. but in mf break down investment needs.,2026-08-20
playstore,5,,great for beginners 💯,2026-08-20
playstore,4,,good,2026-08-20
playstore,5,,this app is very nice and good experience in the world the All,2026-08-20
playstore,5,,awesome,2026-08-20
playstore,5,,super,2026-08-20
playstore,4,,good 👍👍👍,2026-08-20
playstore,5,,supar,2026-08-20
playstore,4,,good,2026-08-20
playstore,5,,super,2026-08-20
playstore,5,,fantastic,2026-08-20
playstore,3,,Unwanted notifications. Order sometimes switches to bse automatically. Now showing other unwanted stocks in holdings page.,2026-08-20
playstore,5,,very user-friendly,2026-08-20
playstore,5,,good,2026-08-20
playstore,5,,nc app,2026-08-20
playstore,1,,"chor company hai,,, worse app,,swip your hard earned money",2026-08-20
playstore,5,,best platform for investment,2026-08-20
playstore,5,,good,2026-08-20
playstore,1,,"worst aap for trading, when buying it always busy higher and while selling it always sells lower than market. it has happened with me like 8-10 times.",2026-08-20
playstore,5,,good,2026-08-20
playstore,2,,charge is high,2026-08-20
playstore,5,,best,2026-08-20
playstore,5,,Best,2026-08-20
playstore,5,,"please add chart me camarilla 5,6, Leval indicator-condition alert add kro",2026-08-20
playstore,5,,"Proud to have it 😊, excellent app👍🏻",2026-08-20
playstore,5,,super,2026-08-20
playstore,4,,"I downloaded the Groww app and completed the registration process. However, when I reached the “Allow Permissions” step, I allowed all the required permissions, but after that, the app is not opening or proceeding further. It is stuck on the “Allow Permissions” screen, and I am unable to continue the process.",2026-08-20
playstore,5,,very good,2026-08-20
playstore,5,,good,2026-08-20
playstore,5,,very good,2026-08-20
playstore,4,,good good,2026-08-20
playstore,5,,good,2026-08-20
playstore,1,,after update app lag,2026-08-20
playstore,1,,good,2026-08-20
playstore,5,,i love 😘,2026-08-20
playstore,5,,best,2026-08-20
playstore,5,,nice,2026-08-20
playstore,5,,good app,2026-08-20
playstore,5,,good service,2026-08-20
playstore,5,,excellent,2026-08-20
playstore,4,,is forex trading available on Groww? I tried for Dow but it's asking me to login again through email/google. Is this how it was intended to be?,2026-08-20
playstore,5,,good app,2026-08-20
playstore,5,,helpful app,2026-08-20
playstore,5,,good app for invastar,2026-08-20
playstore,5,,best trading app for every trader. I sugges to every trader can use this app without hesitation.,2026-08-20
playstore,5,,good 👍,2026-08-20
playstore,5,,I was a newbie in share market groww helped to open demat account in minutes. user experience is such a great even for new user.,2026-08-20
playstore,5,,Very good app,2026-08-20
playstore,5,,ട uper ❤️,2026-08-20
playstore,5,,very nice app groww trading es app per ek aam insan bhi sip ya ipo ya investment ker sakta hai,2026-08-20
playstore,1,,Why do you update this app every day? You should improve the Play Store update process and release updates at least once a month.,2026-08-20
playstore,2,,"I modified the order 3-4 times , but it didn't work.Finally I placed at market price , which usually place at more high price, need to fix this issue.Prop firm get benefit by this, small margin, and we retail trader loss money , because of this kind of issues.",2026-08-20
playstore,5,,good work,2026-08-20
playstore,5,,awesome,2026-08-20
playstore,5,,good,2026-08-20
playstore,5,,very nice service,2026-08-20
playstore,4,,good app,2026-08-20
playstore,5,,very nice,2026-08-20
playstore,5,,good.,2026-08-20
playstore,5,,nice,2026-08-20
playstore,5,,superb app,2026-08-20
playstore,5,,excellent trading aap,2026-08-20
playstore,5,,very good,2026-08-20
playstore,5,,very nice,2026-08-20
playstore,2,,abhi mujhe sikhana hai,2026-08-20
playstore,5,,Best app for trading,2026-08-20
playstore,4,,nice,2026-08-20
playstore,5,,good,2026-08-20
playstore,5,,"Groww ऐप निवेश और ट्रेडिंग के लिए बहुत अच्छा और आसान प्लेटफॉर्म है। इसका इंटरफेस सरल है और शेयर, म्यूचुअल फंड आदि की जानकारी आसानी से मिल जाती है। नए निवेशकों के लिए भी इसे समझना काफी आसान है। कुल मिलाकर मेरा अनुभव बहुत अच्छा रहा है।",2026-08-20
playstore,5,,Nice एप्लीकेशन फोर ट्रेडिंग,2026-08-20
playstore,5,,best app,2026-08-20
playstore,5,,Probir adhikary Adhikary very good a,2026-08-20
playstore,5,,"मेरी Limitation — Honestly: IssueDetailNo intraday volume splitमुझे पूरे दिन का total volume मिलता हैNo ""same-time"" comparison10 AM का avg volume अलग calculate नहीं होताNo rolling avg feed10/20-day avg same-time volume का data नहींPre-market = 0Market खुलने से पहले कोई volume नहीं ye GR1 KI WORDING HAI ISKO SOUGHT KARO vase GR1 IS THE BEST FOR ME",2026-08-20
playstore,5,,excellent experience with you.,2026-08-20
playstore,1,,"Giving 1 star just because I tried a lot to skip my sips for a month and it shows it can be done 2 days before sip date, but even before 2 days it doesn't work. I recently got operated on my knee and I'm not able to go for work due to which I'm facing financial issues and just need one month to get back on track and so tried to skip one installment but the useless feature doesn't work. So I urge users to think before you install this app, as in emergency groww won't help you at all.",2026-08-20
playstore,5,,very good platform all broking and wealth product,2026-08-20
playstore,1,,"I called the helpline number regarding a problem. They kept me waiting for 5–10 minutes, but still no one answered my call.",2026-08-20
playstore,5,,nice 👍,2026-08-20
playstore,3,,good,2026-08-20
playstore,5,,good,2026-08-20
playstore,5,,nice,2026-08-20
playstore,5,,great,2026-08-20
playstore,1,,with latest update app not working properly. app getting froze when I open charts of etf but for stocks working.international indices are not getting opened.,2026-08-20
playstore,5,,good,2026-08-20
playstore,5,,nice,2026-08-20
playstore,1,,fake fraud,2026-08-20
playstore,1,,"very High brokerage charges 1 F&O ORDER Pe ₹71, 20+20+31 not recommended",2026-08-20
playstore,5,,great,2026-08-20
playstore,5,,उत्कृष्ट,2026-08-20
playstore,5,,Very good,2026-08-20
playstore,1,,"Enable Login Otp option - via Email also @ not only via mobile otp . Most sims ( networks) are not allowing otp if recharge expired and we are forced to recharge - and such times we are facing problem to login to groww on new devices. Other Apps like Dhann, Upstox etc providing both Mobile + Gmail Login otps too. Only Groww is troubling without any customer friendly improvement. If this continues - will close all groww accounts. #Enable_Emailid_Login_Otp's_On_Groww read again",2026-08-20
playstore,5,,need more filters or ai tools in built,2026-08-20
playstore,5,,supper,2026-08-20
playstore,5,,very nice application,2026-08-20
playstore,5,,👍 ok🏦🏦🏦🏦🙏🙏👍❤️❤️❤️❤️❤️❤️,2026-08-20
playstore,5,,nice,2026-08-20
playstore,5,,"EAST OR WEST , GROWW IS BEST OF BEST",2026-08-20
playstore,5,,good proses,2026-08-20
playstore,5,,good,2026-08-20
playstore,5,,good,2026-08-19
playstore,5,,nice app,2026-08-19
playstore,4,,good,2026-08-19
playstore,4,,good,2026-08-19
playstore,5,,ok,2026-08-19
playstore,5,,next level,2026-08-19
playstore,5,,Excellent,2026-08-19
playstore,5,,nice 👍👍👍👍👍👍👍👍👍,2026-08-19
playstore,5,,good,2026-08-19
playstore,5,,good,2026-08-19
playstore,5,,good,2026-08-19
playstore,5,,ok,2026-08-19
playstore,5,,nice app,2026-08-19
playstore,5,,good,2026-08-19
playstore,5,,how can i link family account,2026-08-19
playstore,4,,good 👍,2026-08-19
playstore,4,,good,2026-08-19
playstore,1,,mera stock lal q hai,2026-08-19
playstore,5,,good,2026-08-19
playstore,5,,good 😊,2026-08-19
playstore,5,,good,2026-08-19
playstore,5,,very easy to invest,2026-08-19
playstore,5,,good,2026-08-19
playstore,5,,best👍,2026-08-19
playstore,3,,ok,2026-08-19
playstore,5,,good job 👍,2026-08-19
playstore,5,,brilliant,2026-08-19
playstore,5,,very useful and helpful app,2026-08-19
playstore,5,,good,2026-08-19
playstore,5,,good,2026-08-19
playstore,5,,good,2026-08-19
playstore,5,,good,2026-08-19
playstore,5,,❤️,2026-08-19
playstore,3,,ok,2026-08-19
playstore,5,,Good and helpful,2026-08-19
playstore,5,,nice 👍,2026-08-19
playstore,5,,so very user friendly. infos and updates are useful.,2026-08-19
playstore,4,,"I m lay man,67years old,retired डायरेक्टर from Ministry,Govt of India, Very satisfied to the services provided by Groww Team, I don't know anything about stock, share etc, a very little amount from pension,I'm investing through this honest platform,",2026-08-19
playstore,5,,nice 👍👍👍👍,2026-08-19
playstore,5,,great,2026-08-19
playstore,5,,good,2026-08-19
playstore,5,,Very good. Very dependable.,2026-08-19
playstore,1,,Hb ka,2026-08-19
playstore,4,,good,2026-08-19
playstore,4,,very good,2026-08-19
playstore,5,,I am having nice experience,2026-08-19
playstore,5,,very good,2026-08-19
playstore,5,,A+,2026-08-19
playstore,5,,very good,2026-08-19
playstore,5,,its very useful and helpful to save and increase your personal pocket money and feature investment plane,2026-08-19
playstore,5,,ok,2026-08-19
playstore,5,,best,2026-08-19
playstore,5,,User friendly app.,2026-08-19
playstore,5,,best app in world 🌎,2026-08-19
playstore,5,,good,2026-08-19
playstore,4,,easy to use,2026-08-19
playstore,5,,good,2026-08-19
playstore,5,,excellent,2026-08-19
playstore,5,,😊 good,2026-08-19
playstore,1,,Very very bad not working properly and Bank nifty ka details not clear 74000 I am losses in 2024 to 2026 and not updated properly very very bad and God aplication angle one,2026-08-19
playstore,5,,best app,2026-08-19
playstore,4,,excellent experience,2026-08-19
playstore,5,,nice 👍🙂 best compared to others,2026-08-19
playstore,4,,good 👍,2026-08-19
playstore,1,,"Dear groww, Worst app always i have profit for 2500 but app was automatically refreshing get stuck my loss happen due to groww app  I want to raise complain groww",2026-08-19
playstore,5,,good,2026-08-19
playstore,5,,good,2026-08-19
playstore,5,,good,2026-08-19
playstore,4,,very good service based application,2026-08-19
playstore,5,,not bad not good,2026-08-19
playstore,5,,very good,2026-08-19
playstore,5,,best app,2026-08-19
playstore,5,,great application,2026-08-19
playstore,4,,good👍,2026-08-19
playstore,1,,2 minute in hell,2026-08-19
playstore,5,,please add equity Intraday with ai assistant,2026-08-19
playstore,1,,no customer support,2026-08-19
playstore,5,,good,2026-08-19
playstore,5,,nice App working,2026-08-19
playstore,1,,good app,2026-08-19
playstore,5,,so beautiful 😍,2026-08-19
playstore,5,,very fast and easy to use for beginners and so many options are available for advanced people,2026-08-19
playstore,5,,best broker,2026-08-19
playstore,5,,good,2026-08-19
playstore,5,,good app,2026-08-19
playstore,5,,Good app,2026-08-19
playstore,5,,Very good,2026-08-19
playstore,1,,New version getting stuck after a few scrolls.,2026-08-19
playstore,1,,bugs in chart,2026-08-19
playstore,5,,Good App for stock trade and investment,2026-08-19
playstore,5,,It is simple and good.0,2026-08-19
playstore,5,,good,2026-08-19
playstore,5,,gud,2026-08-19
playstore,5,,"Good experience,",2026-08-19
playstore,1,,just a epic waste of time ..one chat with customer support is being reassigned to 5 people ..are you guys joking,2026-08-19
playstore,1,,i raised my complaint against account deactivation customer support told they will resolve the issue within 2 days it has been 3 days since the issue of deactivation has remain the same now i would suggest avoid this app so that you dont have any inconvenience in future. Also the customer support is not having the conplete knowledge about the issue raised.,2026-08-19
playstore,1,,"your customer support is such a waste a single conversation of three lines is being continued for one hour with four person reassigning each other to solve the problem ..you guys are a waste of time people should not trust you with money , with such a customer support.",2026-08-19
playstore,5,,very good grow app,2026-08-19
playstore,2,,Bonds interface is too difficult to understand . I can't even view my portfolio,2026-08-19
playstore,1,,never use this rubbish app for option trading one of the wrost broker and very bad customer support they will completey ignore you even 1 star is bad for this broker.,2026-08-19
playstore,5,,good work,2026-08-19
playstore,5,,good,2026-08-19
playstore,5,,i like aap,2026-08-19
playstore,5,,very good,2026-08-19
playstore,5,,good,2026-08-19
playstore,5,,nice app but take high charges,2026-08-19
playstore,5,,good app,2026-08-19
playstore,4,,"easy to operate, gives information 👌",2026-08-19
playstore,5,,v excellent,2026-08-19
playstore,5,,Good,2026-08-19
playstore,5,,awesome,2026-08-19
playstore,5,,very good 👍,2026-08-19
playstore,1,,boring aap,2026-08-19
playstore,5,,good,2026-08-19
playstore,5,,best,2026-08-19
playstore,5,,good,2026-08-19
playstore,5,,Verygood,2026-08-19
playstore,5,,very good 👍,2026-08-19
playstore,5,,good 👍😊,2026-08-19
playstore,5,,Appreciate,2026-08-19
playstore,1,,"Very bad experience. Too many hidden charges.... interphase is Good. But Not for intraday or small investors. Stop loss , Target price won't work when you need it. It stops working or won't be executed if the user volume is too high",2026-08-19
playstore,5,,very good,2026-08-19
playstore,4,,tym ni kr rhi hu to vat,2026-08-19
playstore,5,,good for help,2026-08-19
playstore,1,,brokerage charges very high 🙁👎,2026-08-19
playstore,5,,it's good,2026-08-19
playstore,5,,good,2026-08-19
playstore,5,,good,2026-08-19
playstore,5,,good,2026-08-19
playstore,5,,my uco bank money transfer,2026-08-19
playstore,5,,best,2026-08-19
playstore,5,,good,2026-08-19
playstore,5,,super,2026-08-19
playstore,5,,ok,2026-08-19
playstore,4,,good,2026-08-19
playstore,4,,good,2026-08-19
playstore,5,,good 👍,2026-08-19
playstore,5,,good app and best trending app,2026-08-19
playstore,5,,good,2026-08-19
playstore,5,,very good,2026-08-19
playstore,5,,nice,2026-08-19
playstore,1,,Dilip Hatiambire very nice aap fno trading &intraday trading good for market analysis,2026-08-19
playstore,5,,I like Groww trading app,2026-08-19
playstore,5,,vary good 😊,2026-08-19
playstore,5,,nice fund,2026-08-19
playstore,4,,exit karne mein time leta hai,2026-08-19
playstore,4,,y Bhaut acha aap hai maine phle choice broking Pvt Ltd ka use karta tha o bahut frod aap hai usko Koi mat karna Bhai logo,2026-08-19
playstore,5,,😎,2026-08-19
playstore,5,,good apps and very helpful.,2026-08-19
playstore,5,,good,2026-08-19
playstore,5,,good,2026-08-19
playstore,1,,please provide daily and weekly sip option..also swp and stp options are missing,2026-08-19
playstore,5,,very nice,2026-08-19
playstore,5,,best groww app Best fichar I love 💕 groww India,2026-08-19
playstore,5,,good,2026-08-19
playstore,4,,easily apply and more help full..,2026-08-19
playstore,5,,super,2026-08-19
playstore,5,,good 😊,2026-08-19
playstore,5,,"good experience, very nice application for support system in income",2026-08-19
playstore,5,,very good,2026-08-19
playstore,5,,better service,2026-08-19
playstore,5,,Do introduce gift stock options in the app,2026-08-19
playstore,5,,Good 👍🏻,2026-08-19
playstore,5,,good 😊,2026-08-19
playstore,5,,groww is tha best performers india today,2026-08-19
playstore,5,,nice,2026-08-18
playstore,1,,Every 2 days the app needs to be updated. what happened with the app? I don't understand why so many times the app needs to be updated.,2026-08-18
playstore,5,,nice trading app,2026-08-18
playstore,1,,they are idiot my pnl of fno is not showing i mailed them called them and they are not fixing this pathetic app,2026-08-18
playstore,5,,good,2026-08-18
playstore,1,,what a worst customer service in grow I tried to call and tried in chat. Nobody solved my issues,2026-08-18
playstore,5,,good,2026-08-18
playstore,5,,nice,2026-08-18
playstore,4,,"Excellent app. User friendly. Add max returns option along with 1Y, 3Y and 5Y in sorting of returns",2026-08-18
playstore,5,,very nice 👍,2026-08-18
playstore,5,,nice 👍,2026-08-18
playstore,4,,please add a detailed view in the portfolio.,2026-08-18
playstore,5,,very nys,2026-08-18
playstore,5,,Good project,2026-08-18
playstore,5,,ok,2026-08-18
playstore,2,,Good but charges high,2026-08-18
playstore,1,,How to Start SWP from Groww app in my ongoing MF?,2026-08-18
playstore,5,,"Easy for beginners , good ui , very responsive great experience",2026-08-18
playstore,5,,Good,2026-08-18
playstore,5,,Good,2026-08-18
playstore,5,,"Complete trading app, mutual fund, f&o, stocks, and very fast and smooth app, fast execute, intraday trading best, market analysis all in one app Groww",2026-08-18
playstore,1,,ye app download hi nhi ho rha Or phn m se automatic ht gya,2026-08-18
playstore,5,,good,2026-08-18
playstore,5,,good,2026-08-18
playstore,1,,account delete is not possible 😔,2026-08-18
playstore,5,,awesome,2026-08-18
playstore,5,,app working is good but brokarage is highly,2026-08-18
playstore,5,,😊,2026-08-18
playstore,5,,app thik h lekin trading me jo charges/fee tax lagta h vo thoda kam hona chahiye.,2026-08-18
playstore,5,,good,2026-08-18
playstore,4,,Ye update ke badh bahut problem hota hai,2026-08-18
playstore,5,,better,2026-08-18
playstore,5,,great,2026-08-18
playstore,5,,v nice and smooth,2026-08-18
playstore,5,,achaa h,2026-08-18
playstore,2,,"I don't like the loan app segment. Anyone who wants to enter the stock market doesn't need to take a loan, so I think this loan segment is useless.This icon is lying there like a useless wart, it is of no use, please remove it from here.For those who need a loan, there is a separate app for them, they can download it from there.",2026-08-18
playstore,5,,nice,2026-08-18
playstore,5,,Mast,2026-08-18
playstore,5,,very good,2026-08-18
playstore,5,,Just try to more user friendly,2026-08-18
playstore,5,,excellent,2026-08-18
playstore,4,,good and secure,2026-08-18
playstore,5,,cool,2026-08-18
playstore,4,,beginner ke liye sabse best hai bahut simple hai,2026-08-18
playstore,5,,Excellent app for makin investment... if 10 stars ⭐ available . I give 10/10 stars to this app... thank you groww & your team for making investment simple .,2026-08-18
playstore,4,,👍,2026-08-18
playstore,5,,best for investing,2026-08-18
playstore,5,,My Go-to Investing App. Secure and Smooth.,2026-08-18
playstore,5,,fix problems likha aa raha hai not download this app,2026-08-18
playstore,1,,bad 😞,2026-08-18
playstore,5,,Such a good app,2026-08-18
playstore,5,,very very,2026-08-18
playstore,1,,good,2026-08-18
playstore,5,,nice,2026-08-18
playstore,5,,👍,2026-08-18
playstore,5,,good,2026-08-18
playstore,5,,👍,2026-08-18
playstore,5,,go ahead,2026-08-18
playstore,5,,nice app,2026-08-18
playstore,5,,Thank,2026-08-18
playstore,5,,very good but very high charges,2026-08-18
playstore,5,,good app,2026-08-18
playstore,1,,सुपर,2026-08-18
playstore,5,,good aap,2026-08-18
playstore,1,,"Your app gets stuck far too often at the time of trade execution, and even after setting a profit/loss limit, the order does not get executed automatically. I have incurred losses so many times because of this issue, especially while trying to book profits, that I am extremely frustrated. At this point, I honestly feel like approaching the Consumer court.",2026-08-18
playstore,5,,One of the best applications for investment.,2026-08-18
playstore,5,,useful,2026-08-18
playstore,5,,it is more useful to us,2026-08-18
playstore,5,,nice 🙂,2026-08-18
playstore,2,,very bed expenses,2026-08-18
playstore,5,,nise,2026-08-18
playstore,5,,love it,2026-08-18
playstore,4,,nice 👍,2026-08-18
playstore,5,,good,2026-08-18
playstore,5,,good 👍,2026-08-18
playstore,4,,Good for new investors...,2026-08-18
playstore,5,,I want to use the newly added switch option. Please enable/upgrade ASAP.,2026-08-18
playstore,5,,very good,2026-08-18
playstore,5,,good,2026-08-18
playstore,5,,interface quite easy to understand things,2026-08-18
playstore,5,,Awesome groww application for Money 💸 profit,2026-08-18
playstore,1,,This app is not transparent about the funds you store.,2026-08-18
playstore,5,,Easy to use and charges are also less than other.,2026-08-18
playstore,5,,aal is well ❤️‍🩹,2026-08-18
playstore,5,,All good,2026-08-18
playstore,5,,best app for my trading journey,2026-08-18
playstore,5,,good 👍,2026-08-18
playstore,5,,"excellent app, very good service 👍",2026-08-18
playstore,5,,"Grow is best platform for Stocks and SIP, mutual funds.",2026-08-18
playstore,5,,nice 👍,2026-08-18
playstore,5,,good 👍🏻,2026-08-18
playstore,5,,Your updates are all good. Suggestion: Provide Volume incator in all index charts.,2026-08-18
playstore,5,,user friendly app with a good interface.,2026-08-18
playstore,5,,superb,2026-08-18
playstore,5,,so easy,2026-08-18
playstore,2,,Dil he,2026-08-18
playstore,5,,good application 👍,2026-08-18
playstore,5,,"The cleanest investing experience!"" Groww ऐप की सबसे अच्छी बात इसका यूजर-फ्रेंडली डिज़ाइन और ट्रांसपेरेंसी है। इसमें SIP मैनेज करना, Stocks में ट्रेड करना और चार्जेस देखना बहुत ट्रांसपेरेंट है। Customer Care सपोर्ट भी काफी अच्छा है। Highly recommended! 👍✨",2026-08-18
playstore,5,,it good,2026-08-18
playstore,5,,good,2026-08-18
playstore,5,,good response 👍,2026-08-18
playstore,5,,good for trading,2026-08-18
playstore,5,,good,2026-08-18
playstore,1,,why Goldbees and SilverBees Chart not Open .....Worst app.... Zerodha Best.,2026-08-18
playstore,5,,nice 👍,2026-08-18
playstore,1,,good but charge jyda hai,2026-08-18
playstore,5,,good 😊,2026-08-18
playstore,5,,good,2026-08-18
playstore,1,,worst experience with this... I'll stop using it soon.,2026-08-18
playstore,4,,It's best treading platFrome,2026-08-18
playstore,5,,very nice learning experience,2026-08-18
playstore,5,,good👍🏻,2026-08-18
playstore,5,,good,2026-08-18
playstore,5,,very good out standing performance 👍,2026-08-18
playstore,5,,good,2026-08-18
playstore,5,,Too much wait time to talk to customer care,2026-08-18
playstore,5,,very easy and nicely using,2026-08-18
playstore,5,,"easy to use and reliable, trustable.",2026-08-18
playstore,5,,bahut acha aap h,2026-08-18
playstore,5,,"excellent, but seems like little bit glitches or late refresh in the daily changes of prices in portfolio",2026-08-18
playstore,5,,very nice work,2026-08-18
playstore,5,,ok,2026-08-18
playstore,3,,supar,2026-08-18
playstore,5,,good,2026-08-18
playstore,5,,good,2026-08-18
playstore,3,,nice,2026-08-18
playstore,5,,best investing app,2026-08-18
playstore,3,,problam in front size very smal and. can read news in hindi ..,2026-08-18
playstore,3,,keep simple and big like before. dont do these UI changes frequently.,2026-08-18
playstore,5,,nice,2026-08-18
playstore,5,,"easy to use ,safe accurate,fast ⏩",2026-08-18
playstore,5,,good,2026-08-18
playstore,5,,good,2026-08-18
playstore,4,,Grow with new innovation,2026-08-18
playstore,3,,some glitches are there in charts when we open chart and check candle it shows correctly and when we go back and open charts then check candle it some when some where again we repeat it then it shows correctly please fix this problem,2026-08-18
playstore,5,,best,2026-08-18
playstore,5,,awesome 😎,2026-08-18
playstore,5,,good,2026-08-18
playstore,5,,good,2026-08-18
playstore,1,,They don't exicutive the order properly,2026-08-18
playstore,5,,all best,2026-08-18
playstore,1,,"editing charges are unnecessary, example nomine name, dob etc",2026-08-18
playstore,5,,trusted,2026-08-18
playstore,4,,excellent,2026-08-18
playstore,5,,nice,2026-08-18
playstore,5,,nice,2026-08-18
playstore,5,,Good,2026-08-18
playstore,5,,good,2026-08-18
playstore,5,,very excellent application fast&secure thanks Groww,2026-08-18
playstore,5,,very easy to use,2026-08-18
playstore,4,,like,2026-08-18
playstore,5,,good 👍,2026-08-18
playstore,5,,Good,2026-08-18
playstore,5,,very Nice app🤩,2026-08-18
playstore,5,,owsam app,2026-08-18
playstore,5,,best app,2026-08-18
playstore,5,,nice,2026-08-18
playstore,5,,Good analytics,2026-08-18
playstore,4,,veri vandar full app,2026-08-18
playstore,5,,bahut achcha bahut behtar hai,2026-08-18
playstore,5,,good,2026-08-18
playstore,5,,good,2026-08-18
playstore,2,,No option to add bookmarks of desirable IPOs,2026-08-18
playstore,5,,पहली बार IPO लगने पर थैंक्स,2026-08-18
playstore,5,,good,2026-08-18
playstore,5,,good,2026-08-18
playstore,5,,nice broker aap,2026-08-18
playstore,5,,Excellent,2026-08-18
playstore,5,,good,2026-08-18
playstore,5,,Great 🪄,2026-08-18
playstore,5,,please unfreeaze my groww account please help me Gmail pr no sms aa rha hai . unfreeze karne ka sms nahin a raha hai email please help me,2026-08-18
playstore,5,,nice app 👍,2026-08-18
playstore,5,,good,2026-08-18
playstore,5,,good,2026-08-18
playstore,4,,not work to In dubai this app. I'm dubai now,2026-08-18
playstore,4,,nice,2026-08-18
playstore,1,,automatic share gayab ho jate hai worthless app,2026-08-18
playstore,5,,very good 👍,2026-08-17
playstore,4,,Big loot company,2026-08-17
playstore,5,,good,2026-08-17
playstore,5,,thankq,2026-08-17
playstore,5,,🌟,2026-08-17
playstore,5,,very good,2026-08-17
playstore,5,,ok,2026-08-17
playstore,5,,very safe app and this is good app,2026-08-17
playstore,4,,I changed my review after using this app for more than 7 years. Now it's almost completed. One thing to suggest is that please add all indicators which are available in the trading view. or give access to the punch order directly from the trading view.,2026-08-17
playstore,5,,good,2026-08-17
playstore,5,,great app,2026-08-17
playstore,5,,best app,2026-08-17
playstore,5,,👍,2026-08-17
playstore,5,,good,2026-08-17
playstore,3,,ai asking not showing also in ai query rsi is showing 1 day old data it should be live data,2026-08-17
playstore,5,,thrust my 🧬 life,2026-08-17
playstore,5,,good,2026-08-17
playstore,5,,good,2026-08-17
playstore,5,,good,2026-08-17
playstore,5,,👍good,2026-08-17
playstore,5,,good,2026-08-17
playstore,5,,nice 👍,2026-08-17
playstore,2,,super,2026-08-17
playstore,5,,very good 👍,2026-08-17
playstore,1,,"Nowadays there are more flaw happening in the app. no proper response over phone. the person who is attending the phone call is telling the same thing without any solutions. If the margin is less, auto square off should be informed atleast 12 to 24 hours. when we are in loss the autosquare pulls all the premium. when I called the support team, it is like that only. no one replies properly in emails or over calls. i have been using this platform for more than 5 years. I never recommend this app.",2026-08-17
playstore,5,,good app,2026-08-17
playstore,5,,best app,2026-08-17
playstore,5,,👍. Good,2026-08-17
playstore,5,,nice work,2026-08-17
playstore,5,,nice,2026-08-17
playstore,2,,nise,2026-08-17
playstore,5,,100% successful,2026-08-17
playstore,4,,nice,2026-08-17
playstore,1,,please please delite the groww app and delete your account withdrawal problems please delite the application,2026-08-17
playstore,5,,😊,2026-08-17
playstore,4,,good,2026-08-17
playstore,1,,bekar bekar Hai third grade sale scammer Hai sabke sab ismein koi bhi apna Paisa invest mat karna,2026-08-17
playstore,5,,Excellent Service,2026-08-17
playstore,5,,Good Groww,2026-08-17
playstore,5,,good,2026-08-17
playstore,3,,ADD UPI QR in home tab,2026-08-17
playstore,5,,very better trading,2026-08-17
playstore,5,,very comfortable for using,2026-08-17
playstore,5,,very good 👍👍,2026-08-17
playstore,5,,good,2026-08-17
playstore,3,,It would be beneficial to have a landscape view available for tablets.,2026-08-17
playstore,5,,good,2026-08-17
playstore,5,,good,2026-08-17
playstore,5,,good,2026-08-17
playstore,5,,good,2026-08-17
playstore,5,,super,2026-08-17
playstore,5,,wow,2026-08-17
playstore,5,,best earnings platform by stock market 😎,2026-08-17
playstore,1,,very disturbed,2026-08-17
playstore,5,,so cool,2026-08-17
playstore,1,,ye aap bhot slow chal rha tha mera loss ho gya ess app ki bjha se.,2026-08-17
playstore,5,,grow sathhi,2026-08-17
playstore,5,,excellent app other app. really no. 1 app,2026-08-17
playstore,5,,good,2026-08-17
playstore,5,,"With respect to speed and UI, I find this app gives a more smooth trading experience than others.",2026-08-17
playstore,5,,good,2026-08-17
playstore,4,,very good 👍,2026-08-17
playstore,5,,very smooth and active service.,2026-08-17
playstore,5,,so easy .,2026-08-17
playstore,1,,The quality of app is decreasing day by day . Why is there no feature of gifting shares,2026-08-17
playstore,5,,good 👍,2026-08-17
playstore,5,,Thank you 🙏,2026-08-17
playstore,5,,good,2026-08-17
playstore,5,,nice app,2026-08-17
playstore,5,,good👍,2026-08-17
playstore,5,,good,2026-08-17
playstore,5,,great app,2026-08-17
playstore,5,,ok,2026-08-17
playstore,5,,nice,2026-08-17
playstore,1,,"after latest update app is not functioning properly, its became slow and low response",2026-08-17
playstore,5,,Super,2026-08-17
playstore,5,,nice app,2026-08-17
playstore,5,,😊👍,2026-08-17
playstore,5,,good,2026-08-17
playstore,5,,it's very good app.,2026-08-17
playstore,5,,good,2026-08-17
playstore,1,,👎,2026-08-17
playstore,5,,good💯😊,2026-08-17
playstore,1,,poor customer care. no call receive or massage. last two days my mutual fund transaction was canceled but i try to inform why my transaction canceled ? the customer service zero not received any call or message,2026-08-17
playstore,5,,very nice.,2026-08-17
playstore,5,,Good,2026-08-17
playstore,5,,friendly aap,2026-08-17
playstore,5,,good,2026-08-17
playstore,5,,good,2026-08-17
playstore,5,,good 👍,2026-08-17
playstore,1,,charges are high compare to other broker,2026-08-17
playstore,5,,good,2026-08-17
playstore,5,,gives correct knowledge,2026-08-17
playstore,3,,charges more i personally feel,2026-08-17
playstore,5,,good interface I like so 👍,2026-08-17
playstore,5,,its work well and try it...,2026-08-17
playstore,5,,nice,2026-08-17
playstore,5,,amazing apps for trading money,2026-08-17
playstore,1,,firstly lookes all good and profitable but going on get looses every time. when u invest it get Down and when u sell after it get raised . Don't trust .,2026-08-17
playstore,5,,good,2026-08-17
playstore,5,,v good,2026-08-17
playstore,1,,They will give people a lot of profit at first and then they will rob people of all their money by giving wrong signals.,2026-08-17
playstore,5,,best app,2026-08-17
playstore,5,,nice,2026-08-17
playstore,5,,best,2026-08-17
playstore,5,,good,2026-08-17
playstore,4,,nice app,2026-08-17
playstore,5,,best app,2026-08-17
playstore,5,,Number 1,2026-08-17
playstore,5,,एक्सलेंट service,2026-08-17
playstore,5,,good luck 🤞,2026-08-17
playstore,5,,nice 👍,2026-08-17
playstore,5,,good,2026-08-17
playstore,2,,Good,2026-08-17
playstore,2,,app me multi account login krne par switch account work nhi kr rha hai.,2026-08-17
playstore,5,,गुड एंड स्मार्ट एप,2026-08-17
playstore,5,,best app,2026-08-17
playstore,5,,good,2026-08-17
playstore,5,,This app very easy to use,2026-08-17
playstore,5,,best in progress income,2026-08-17
playstore,5,,good,2026-08-17
playstore,5,,waah esey to use in traeds and F&O,2026-08-17
playstore,5,,good,2026-08-17
playstore,1,,Hidden charges,2026-08-17
playstore,5,,excellent,2026-08-17
playstore,5,,good app,2026-08-17
playstore,4,,average,2026-08-17
playstore,5,,really good service,2026-08-17
playstore,5,,nice app,2026-08-17
playstore,5,,wonderful work,2026-08-17
playstore,5,,ok,2026-08-17
playstore,1,,not good for F&O,2026-08-17
playstore,5,,nice,2026-08-17
playstore,5,,Only thing is that you can improve on user interface in mobile app. Otherwise experience is good,2026-08-17
playstore,5,,good,2026-08-17
playstore,5,,best app for trending,2026-08-17
playstore,5,,best,2026-08-17
playstore,5,,good,2026-08-17
playstore,5,,very good,2026-08-17
playstore,5,,Very nice App,2026-08-17
playstore,5,,Nice,2026-08-17
playstore,5,,fast withdrawal bahut badhiya,2026-08-17
playstore,5,,good experience,2026-08-17
playstore,4,,Good Platform,2026-08-17
playstore,5,,very good 👍🤝,2026-08-17
playstore,5,,Best app for a share and mutual fund..,2026-08-17
playstore,5,,good 👍 apps,2026-08-17
playstore,4,,Best 👌,2026-08-17
playstore,5,,good,2026-08-17
playstore,4,,nice app for trading,2026-08-17
playstore,5,,very nice app,2026-08-17
playstore,1,,bed app,2026-08-17
playstore,5,,👍,2026-08-17
playstore,2,,how to execute algo trading is not made understood in a layman language. In the application itself there must be good ideas for buy and sell both for cash as well as FNO market.,2026-08-17
playstore,5,,excellent service,2026-08-17
playstore,5,,Best Trading Features App,2026-08-17
playstore,4,,good,2026-08-17
playstore,5,,very good,2026-08-17
playstore,1,,High brokrage for F&O,2026-08-17
playstore,5,,good 👍,2026-08-17
playstore,5,,very good,2026-08-17
playstore,5,,good,2026-08-17
playstore,5,,super 👌,2026-08-17
playstore,5,,very good,2026-08-17
playstore,5,,good,2026-08-17
playstore,5,,good 👍,2026-08-17
playstore,5,,good 👍,2026-08-17
playstore,5,,beter than other aaps,2026-08-16
playstore,5,,Excellent p,2026-08-16
playstore,5,,good,2026-08-16
playstore,5,,wonderfull app.,2026-08-16
playstore,5,,good,2026-08-16
playstore,5,,return data for good,2026-08-16
playstore,4,,it's very good platform to invest money 💰 thanks groww application,2026-08-16
playstore,5,,nice 👍,2026-08-16
playstore,5,,very nice,2026-08-16
playstore,5,,so beautiful,2026-08-16
playstore,5,,good,2026-08-16
playstore,5,,good,2026-08-16
playstore,5,,best working,2026-08-16
playstore,5,,beautiful nice app thank I love app,2026-08-16
playstore,5,,ok,2026-08-16
playstore,5,,Excellent,2026-08-16
playstore,5,,good,2026-08-16
playstore,5,,it's easy to handle,2026-08-16
playstore,4,,excellent,2026-08-16
playstore,2,,👍,2026-08-16
playstore,5,,good 👍,2026-08-16
playstore,5,,nice,2026-08-16
playstore,5,,good response 👍,2026-08-16
playstore,5,,groww app good 👍,2026-08-16
playstore,5,,good,2026-08-16
playstore,5,,Best 👌 👍,2026-08-16
playstore,5,,good,2026-08-16
playstore,5,,good,2026-08-16
playstore,5,,Good,2026-08-16
playstore,5,,I like very much,2026-08-16
playstore,5,,Good,2026-08-16
playstore,5,,Nice,2026-08-16
playstore,1,,loss ho gaya,2026-08-16
playstore,5,,excellent,2026-08-16
playstore,5,,good,2026-08-16
playstore,3,,"i have added a few mf in the cart but I don't see the cart icon anywhere. Now, I don't know how to open cart page and proceed with investment. It seems like major UI glitch in new version if the app.",2026-08-16
playstore,4,,need trailing stop loss feature urgently,2026-08-16
playstore,5,,nic,2026-08-16
playstore,5,,Very good App,2026-08-16
playstore,5,,good,2026-08-16
playstore,5,,how i grow,2026-08-16
playstore,5,,is the good,2026-08-16
playstore,5,,super,2026-08-16
playstore,5,,super trading app world best groww stock please you are try trust me,2026-08-16
playstore,5,,Groww is a simple and user-friendly investment app. Easy to use and very helpful for stocks and IPO investments.”,2026-08-16
playstore,5,,so nice performance,2026-08-16
playstore,1,,this app is useless I invest in sip money debited but but didn't allotted and money is also not refund and when I call customer care they didn't pick the phone don't invest in this fake app .,2026-08-16
playstore,5,,Excellent,2026-08-16
playstore,5,,Superb 😍,2026-08-16
playstore,5,,kafi trusted platform,2026-08-16
playstore,1,,"It is 5th day after the app install, KYC is pending is showing, when i click submit documents, it is showing please try again later always, since angel one order processing takes time, i thought to try grow application, but it is far behind. Ticket number is 27308487",2026-08-16
playstore,5,,very nice,2026-08-16
playstore,3,,Good,2026-08-16
playstore,5,,good,2026-08-16
playstore,5,,User friendly app very easy to purchase mutual fund as well as exit,2026-08-16
playstore,5,,best apps Groww,2026-08-16
playstore,1,,don't install very bad show app loss 70000 this intraday,2026-08-16
playstore,5,,good,2026-08-16
playstore,1,,"remove the button(Direct click) of ""activate F&O"" and ""TAKE A LOAN"" from bottom of app. everytime I switch between pages of stocks and mutual fund, accidently click on it..",2026-08-16
playstore,5,,its totally securable appp and almost given you better experience..,2026-08-16
playstore,5,,very easy,2026-08-16
playstore,5,,good,2026-08-16
playstore,5,,good,2026-08-16
playstore,5,,groww is the best,2026-08-16
playstore,5,,Good app,2026-08-16
playstore,5,,excellent 👌,2026-08-16
playstore,1,,SIP का पैसा नही आया एकाउंट में GROWW ने अपने एकाउंट में ले लिया FAKE आप है GROWW isme koe sip mat karna,2026-08-16
playstore,5,,very nice application this favourite,2026-08-16
playstore,5,,"The user interface is so simplified , I'm in love with this app .Most importantly the Groww app gives instant withdrawal within seconds money gets deposited into your accounts. Their servers are also top , never had a glitch while trading .The icons of stock are so unique and specific .But the groww app needs to work on the charts section",2026-08-16
playstore,5,,✅️,2026-08-16
playstore,5,,good,2026-08-16
playstore,5,,good,2026-08-16
playstore,5,,good app,2026-08-16
playstore,5,,ok,2026-08-16
playstore,5,,uss less app I stop use but they also increases money in negative and told pay right now use very bad don't download this app. this app only make money in your pocket,2026-08-16
playstore,5,,"app good. service good. transection good. all good but broker charges very high, other wish I love this app because as will as part time job for me 😊",2026-08-16
playstore,5,,nic,2026-08-16
playstore,1,,"kyc process takes longer than usual time, now sent closure request before 2days,again on waiting, no reply of msg,mail and when call, IVR keeps you on waiting and after5 minutes call ends,and also no follow up for my request from their side, i just UNINSTALLED the APP, worst experience...",2026-08-16
playstore,5,,Excellent 🙂,2026-08-16
playstore,5,,good,2026-08-16
playstore,5,,best app,2026-08-16
playstore,5,,super,2026-08-16
playstore,5,,good,2026-08-16
playstore,5,,best shear market app,2026-08-16
playstore,5,,good 👍,2026-08-16
playstore,5,,good,2026-08-16
playstore,5,,Good App,2026-08-16
playstore,5,,nice,2026-08-16
playstore,5,,ok funtastic,2026-08-16
playstore,5,,good 👍👍,2026-08-16
playstore,5,,excellent,2026-08-16
playstore,3,,in alert there is no any notes options and tone,2026-08-16
playstore,5,,great,2026-08-16
playstore,5,,good,2026-08-16
playstore,5,,good,2026-08-16
playstore,1,,"Many important changes reqired, User friendly not there. , There should be add and remove settings for the Option Greeks as per user desides set on the page and also which is occupied full of space and data is not updated in time that shows same numbers always Another PCR value must be visible on the upside of the each page each sector. Speed needs to be improve lot. Data not updating time to time. Most of the time Change in OI stucks with sams data for long time. etc, etc,.",2026-08-16
playstore,5,,"thanks groww maker's and team for make a easy to access, india stock market... love support and respect your dedication and service.... recommended application for India stock market like stocks buy sell ETF s and All service....",2026-08-16
playstore,5,,nice 👍,2026-08-15
playstore,5,,nice,2026-08-15
playstore,5,,Easy to trade,2026-08-15
playstore,5,,nice app❤️🥰,2026-08-15
playstore,4,,ok,2026-08-15
playstore,5,,good,2026-08-15
playstore,5,,good,2026-08-15
playstore,5,,Easy to access.,2026-08-15
playstore,4,,learning for more thank u groww,2026-08-15
playstore,5,,good app..,2026-08-15
playstore,5,,such a excellent application,2026-08-15
playstore,5,,best of Best app..,2026-08-15
playstore,5,,ok,2026-08-15
playstore,5,,nice groow,2026-08-15
playstore,5,,very good 👍,2026-08-15
playstore,5,,ok,2026-08-15
playstore,5,,excellent,2026-08-15
playstore,4,,very nice,2026-08-15
playstore,5,,good,2026-08-15
playstore,5,,very nice app,2026-08-15
playstore,2,,very poor i need is normal not any changes,2026-08-15
playstore,4,,best,2026-08-15
playstore,5,,best platform,2026-08-15
playstore,4,,no profit,2026-08-15
playstore,5,,Good,2026-08-15
playstore,5,,super,2026-08-15
playstore,5,,good,2026-08-15
playstore,4,,good not no1,2026-08-15
playstore,5,,good 😊,2026-08-15
playstore,5,,nice,2026-08-15
playstore,5,,good,2026-08-15
playstore,5,,ગુડ,2026-08-15
playstore,5,,good,2026-08-15
playstore,5,,Easy to use and Understable,2026-08-15
playstore,5,,thank you sir 🙂,2026-08-15
playstore,5,,thank you,2026-08-15
playstore,5,,ok,2026-08-15
playstore,1,,"my stock portfolio is showing wrong information and i shared screenshots multiple time with customer care representatives both from pc login and mobile app screenshot, yet customer care is unable to fix my problem, all they do is they forward the complaint and forget about it. a person named rohit closed my complaint twice without even saying something, he sent me pre typed messages that i have to clear the cache of app and reinstall it. ticket id 27281436",2026-08-15
playstore,5,,nice one,2026-08-15
playstore,5,,good,2026-08-15
playstore,5,,best and most beautiful survice,2026-08-15
playstore,5,,nice,2026-08-15
playstore,4,,to muchh late sms send by groww,2026-08-15
playstore,5,,thik,2026-08-15
playstore,5,,easy and simple app,2026-08-15
playstore,5,,Good,2026-08-15
playstore,5,,Best,2026-08-15
playstore,5,,outstanding app,2026-08-15
playstore,1,,if you want to lose your money you are most welcome in groww app. groww is taking 20rs. per order so many apps are not taking brokerage like 1. flat trade 2.shoonya these are good app for expert zerodha,2026-08-15
playstore,5,,awesome 😎😎,2026-08-15
playstore,1,,very costly,2026-08-15
playstore,5,,nice app,2026-08-15
playstore,5,,very good but can it be in the trading view also to get connected to it,2026-08-15
playstore,5,,good app for all,2026-08-15
playstore,5,,Excellent,2026-08-15
playstore,5,,good 👍💯💯💯,2026-08-15
playstore,5,,so good experience,2026-08-15
playstore,5,,good,2026-08-15
playstore,5,,good,2026-08-15
playstore,5,,very good,2026-08-15
playstore,5,,financially superb app,2026-08-15
playstore,5,,Nice work,2026-08-15
playstore,5,,very good,2026-08-15
playstore,5,,sahi hai,2026-08-15
playstore,5,,good 😊,2026-08-15
playstore,5,,good,2026-08-15
playstore,5,,this app is so good to use,2026-08-15
playstore,5,,very good aap is my opinion,2026-08-15
playstore,5,,good,2026-08-15
playstore,5,,Excellent,2026-08-15
playstore,5,,best app for trading,2026-08-15
playstore,5,,very nice groww,2026-08-15
playstore,5,,I would love to have a demat account,2026-08-15
playstore,3,,good,2026-08-15
playstore,5,,very good,2026-08-15
playstore,5,,very good 👍,2026-08-15
playstore,5,,good 👏,2026-08-15
playstore,5,,நன்று,2026-08-15
playstore,5,,Nice App,2026-08-15
playstore,5,,good,2026-08-15
playstore,5,,good,2026-08-15
playstore,5,,good,2026-08-15
playstore,5,,good,2026-08-15
playstore,5,,okay,2026-08-15
playstore,5,,good,2026-08-15
playstore,5,,super,2026-08-15
playstore,1,,"Started using Groww for mutual funds and stocks just 2 days ago, and already disappointed. There are hidden charges on small, small services that aren't clearly disclosed upfront — feels misleading for a new user. On top of that, the app isn't very convenient to navigate, and customer support has been slow and lacks proper knowledge to resolve issues. Within just 2 days I've decided to close my account. Would not recommend to anyone looking for a transparent, user-friendly platform.",2026-08-15
playstore,5,,vyri nais,2026-08-15
playstore,5,,best app,2026-08-15
playstore,5,,good,2026-08-15
playstore,2,,groww app used to give platform for fixed deposit. I invested in fixed deposit through it and now it is not showing in groww app ....and they are not even responding ....they are saying to go to bank ..bank is saying go to groww app. nor their customer support is knowledgeable enough to answer questions. my money is stuck. not expected from such big name app. my ticket is 27208454. I have already sent email and they have generated ticket but no action taken nor they have replied,2026-08-15
playstore,5,,very nice,2026-08-15
playstore,4,,last few experience with groww is very comfortable.,2026-08-15
playstore,5,,It is an easy and fast app.,2026-08-15
playstore,5,,Very good,2026-08-15
playstore,1,,selfie verification while login is not possible when u logging again and again it should be removed,2026-08-15
playstore,5,,easy,2026-08-15
playstore,5,,fine working,2026-08-15
playstore,5,,good 👍😊,2026-08-15
playstore,5,,This app is easy for me to use and I am happy,2026-08-15
playstore,5,,superb 😍,2026-08-15
playstore,2,,"There is a serious glitch in 'Portfolio Analysis' feature since last many updates, and its a serious matter. Correct it or I have options !",2026-08-15
playstore,5,,bhut badhiya,2026-08-15
playstore,5,,good 👍,2026-08-15
playstore,1,,Data protection is absolutely worst with this Broker. They will sell your personal information to scammer. I have been Using Zerodha for the past two year. there is no single event of Spam calls regarding trading advice. But After I installed and opened account with Groww I constantly getting spam calls. This is very disturbing behavior from this broker.,2026-08-14
playstore,5,,good,2026-08-14
playstore,5,,very nice,2026-08-14
playstore,4,,groww is safest platform for trading mutual funds and intraday trading,2026-08-14
playstore,5,,good,2026-08-14
playstore,5,,good,2026-08-14
playstore,5,,good app,2026-08-14
playstore,5,,good 👍,2026-08-14
playstore,5,,good,2026-08-14
playstore,5,,very good,2026-08-14
playstore,5,,🙏,2026-08-14
playstore,5,,good,2026-08-14
playstore,5,,good,2026-08-14
playstore,5,,very good,2026-08-14
playstore,5,,superb,2026-08-14
playstore,5,,good,2026-08-14
playstore,1,,it's been more than a week i placed a lumpsum order in MF. still in progress only. money locked with them but no funds allotted. customer support is waste. they only raise tickets which also remain open but no solution. Choose any other app. Not this.,2026-08-14
playstore,3,,good,2026-08-14
playstore,3,,"Irresponsible customer care response. Why I'm not getting UPI mandate notification, I missed my IPO allotments because of your worst UPI service. No notification no information on where to approve atleast.",2026-08-14
playstore,4,,nice,2026-08-14
playstore,5,,very good,2026-08-14
playstore,5,,good.,2026-08-14
playstore,5,,best app for stock market and sip,2026-08-14
playstore,5,,best app,2026-08-14
playstore,5,,very good,2026-08-14
playstore,5,,good application,2026-08-14
playstore,5,,Extra ordinary fantastic mind blowing,2026-08-14
playstore,4,,"fast but, not up to date with time occasionally even to the hour ,to the minute or second is never.",2026-08-14
playstore,5,,Good,2026-08-14
playstore,5,,indian is bsnl investment fund isily,2026-08-14
playstore,5,,nice app,2026-08-14
playstore,1,,"Brokrage high , worst application. Don't use this application.",2026-08-14
playstore,5,,very nice,2026-08-14
playstore,5,,good 👍,2026-08-14
playstore,4,,good,2026-08-14
playstore,5,,best app for trading it's so cool and helpful,2026-08-14
playstore,1,,customer care ghatiya,2026-08-14
playstore,5,,Good App,2026-08-14
playstore,5,,amazing,2026-08-14
playstore,5,,Grow App is a good and easiest app for trading.,2026-08-14
playstore,5,,good 👍,2026-08-14
playstore,4,,good experience,2026-08-14
playstore,5,,good,2026-08-14
playstore,5,,easy to use and safe,2026-08-14
playstore,2,,supper,2026-08-14
playstore,4,,kindly make review & feedback options available on app. this app have few problems to be fixed but I don't know how to give you the feedback.,2026-08-14
playstore,5,,good,2026-08-14
playstore,5,,super 👍,2026-08-14
playstore,5,,very nice,2026-08-14
playstore,1,,system slow. fauls trade hota hai. 120 bye karnese 123/125 me bye hata hai,2026-08-14
playstore,1,,very bad 😈😈,2026-08-14
playstore,1,,sub index upar niche Ho chuke hain aur stocks bhi market cap wise nahin a Rahe,2026-08-14
playstore,5,,best trading app for beginners thank you 💗,2026-08-14
playstore,5,,Good working...👍,2026-08-14
playstore,1,,scammer app enables to selling share,2026-08-14
playstore,1,,"hello, I have been using this app for the last 1 year and everything has been going smoothly and well in intraday trading but, from July 2026 this app is taking too much brokerage I don't know why?? my trade for only 1 mint and 1 order after that It will deduct 200+ ₹ charges why? but you mentioned that 20₹/ per order I am very disappointed 😞 😞",2026-08-14
playstore,5,,All Taime Best,2026-08-14
playstore,5,,super all the best,2026-08-14
playstore,5,,good,2026-08-14
playstore,5,,ok,2026-08-14
playstore,5,,very nice 🙂,2026-08-14
playstore,5,,supar,2026-08-14
playstore,5,,super 👍,2026-08-14
playstore,1,,app Speed is very slow,2026-08-14
playstore,5,,good,2026-08-14
playstore,3,,happy,2026-08-14
playstore,5,,nice,2026-08-14
playstore,5,,achha,2026-08-14
playstore,5,,great,2026-08-14
playstore,5,,👍good,2026-08-14
playstore,5,,good,2026-08-14
playstore,5,,🙏,2026-08-14
playstore,5,,best indian shares market and trading app in India 👍🇮🇳,2026-08-14
playstore,2,,"Since the Loans section was introduced, i have been receiving so many calls about the loan. i receive atleast 5 calls everyday. please stop it! it's so annoying",2026-08-14
playstore,5,,👍 good,2026-08-14
playstore,5,,good,2026-08-14
playstore,5,,overall this app is excellent 👌but some time working slow and striking.,2026-08-14
playstore,5,,good 👍,2026-08-14
playstore,5,,Grow with Grow,2026-08-14
playstore,5,,👍😊,2026-08-14
playstore,5,,good performances,2026-08-14
playstore,5,,Please add the SWP option in the app. and provide a daily sip option.,2026-08-14
playstore,4,,har index me kitne advance kitne decline hai ye data bhi do,2026-08-14
playstore,5,,good 😊,2026-08-14
playstore,4,,statement very small font send to mail,2026-08-14
playstore,5,,good sarvice,2026-08-14
playstore,5,,great 😃,2026-08-14
playstore,5,,one app good,2026-08-14
playstore,5,,"I am having wonderful experience while using GROW, I wish i had used it before",2026-08-14
playstore,5,,good app very easy use,2026-08-14
playstore,5,,very good !,2026-08-14
playstore,5,,Very Good Experience Smooth and Easy,2026-08-14
playstore,5,,good App,2026-08-14
playstore,5,,good,2026-08-14
playstore,5,,Nice to use,2026-08-14
playstore,5,,best,2026-08-14
playstore,5,,very good,2026-08-14
playstore,1,,this is a worst app. I was in daily market where I put order and then after it is not showing in my account.,2026-08-14
playstore,5,,excellent 👌,2026-08-14
playstore,5,,good,2026-08-14
playstore,5,,nice,2026-08-14
playstore,5,,ok,2026-08-14
playstore,5,,nyc app,2026-08-14
playstore,5,,Very nice,2026-08-14
playstore,1,,"Adhar card is not taking, while putting adhar number it's showing try again. very disappointing",2026-08-14
playstore,5,,good experience,2026-08-14
playstore,5,,very good,2026-08-14
playstore,5,,good app,2026-08-14
playstore,5,,Good app for investment 👌,2026-08-14
playstore,1,,app not proper work,2026-08-14
playstore,1,,good experience 😊,2026-08-14
playstore,5,,excellent,2026-08-14
playstore,5,,Good,2026-08-14
playstore,5,,very nice and money saving app,2026-08-14
playstore,5,,very good,2026-08-14
playstore,5,,ok,2026-08-14
playstore,5,,gud,2026-08-14
playstore,5,,good 👍👍👍👍👍👍👍👍👍👍,2026-08-14
playstore,5,,good experience,2026-08-14
playstore,5,,good,2026-08-14
playstore,5,,nice,2026-08-14
playstore,5,,Nice,2026-08-14
playstore,5,,nice,2026-08-14
playstore,5,,good 👍,2026-08-14
playstore,5,,good,2026-08-14
playstore,5,,Outstanding,2026-08-14
playstore,5,,super 👍,2026-08-14
playstore,5,,very good and very trusted app Everyone can use it easy...... app is a fantastic,2026-08-14
playstore,5,,good,2026-08-14
playstore,5,,super 👌,2026-08-14
playstore,5,,Good,2026-08-14
playstore,5,,ok,2026-08-14
playstore,4,,good experience with grow,2026-08-14
playstore,5,,good app,2026-08-14
playstore,5,,good 👍🏻😊,2026-08-14
playstore,5,,good,2026-08-14
playstore,5,,nice,2026-08-14
playstore,5,,ಸೂಪರ್,2026-08-14
playstore,5,,exceptional UI experience,2026-08-14
playstore,1,,total Los don't use,2026-08-14
playstore,5,,Really Excellent 👌👌👍👍,2026-08-14
playstore,4,,grow is Best option,2026-08-14
playstore,5,,Good 👍,2026-08-14
playstore,5,,tx best app,2026-08-14
playstore,5,,👍👍,2026-08-14
playstore,5,,easy to use & all info available,2026-08-14
playstore,5,,good,2026-08-14
playstore,5,,good services,2026-08-14
playstore,5,,beautiful,2026-08-14
playstore,5,,very very very good service thanks 👍👍👍👍👍👍👍👍👍👍👍👍👍👍👍👍👍,2026-08-14
playstore,5,,it is the best🌹,2026-08-14
playstore,5,,😊,2026-08-14
playstore,5,,Best,2026-08-14
playstore,5,,good groww .am Milap wedding event planner 🎤🙏,2026-08-14
playstore,5,,best,2026-08-14
playstore,5,,Very Good Application ✨,2026-08-14
playstore,5,,good app 💯,2026-08-14
playstore,5,,very good,2026-08-13
playstore,5,,very good,2026-08-13
playstore,1,,VERY BAD EXPERIANCE IN CONNECT WITH SUPPORT . NO REPLY IN CHAT AFTER ASSIGENED TO AGENT AND ON CALL WAITING WAS 25 TO 30 MINITS AFTER WAIT ALSO NOT SATISFACTORY ANSWER,2026-08-13
playstore,1,,one of the worst app is have never seen ... cause of saying is that just froba simple add of my name there is no option wtfing app is it even a app like this should now that option should be given but no even my all the documents are completely verified then to and not only that for that thing I wasted my all over 1hr just for searching that there is a some options over there but no there's it so iam uninstall this app thank you,2026-08-13
playstore,4,,it is helpful 🙂,2026-08-13
playstore,1,,very very bad experience of Commodities trading totally trap for groww,2026-08-13
playstore,5,,very good,2026-08-13
playstore,5,,perfect for me 😀😌,2026-08-13
playstore,1,,when I open my acct I see a kyc page I try to complete it. it only shows try again,2026-08-13
playstore,2,,"Customer care is not easy to reach nor is able to solve the issues properly. Secondly, the transparency of this app has been decreasing a lot, a lot of details related to orders are no longer being provided like they used to.",2026-08-13
playstore,5,,excellent app,2026-08-13
playstore,5,,sabse achha aap hai groww aap,2026-08-13
playstore,2,,"very bad customer service... they waited me 15 min on a call and didn't connect to the agent.... very bad experience,😔😔😔",2026-08-13
playstore,5,,good 👍,2026-08-13
playstore,5,,simple smart 👌,2026-08-13
playstore,5,,Good,2026-08-13
playstore,4,,good 👍,2026-08-13
playstore,5,,good,2026-08-13
playstore,5,,"Fantastic, Appreciate your software. I really love it more than money.",2026-08-13
playstore,5,,good,2026-08-13
playstore,5,,👌,2026-08-13
playstore,5,,superb,2026-08-13
playstore,5,,super 💯,2026-08-13
playstore,5,,good,2026-08-13
playstore,5,,excellent,2026-08-13
playstore,5,,very good💯👍,2026-08-13
playstore,5,,super,2026-08-13
playstore,1,,vvvvv bed app,2026-08-13
playstore,4,,super 👍,2026-08-13
playstore,5,,nice app,2026-08-13
playstore,5,,Best,2026-08-13
playstore,5,,mast app,2026-08-13
playstore,5,,good,2026-08-13
playstore,5,,👍,2026-08-13
playstore,5,,my fauret groww app,2026-08-13
playstore,5,,good,2026-08-13
playstore,5,,excellent 😉😉😉😉😉😉😉😉😉😉😉😉😉😉😉😉😉😉😉😉😉😉,2026-08-13
playstore,5,,very nice app,2026-08-13
playstore,5,,good,2026-08-13
playstore,5,,Superb,2026-08-13
playstore,5,,good,2026-08-13
playstore,5,,very much,2026-08-13
playstore,5,,Grow with grow.👍,2026-08-13
playstore,5,,it's awesome app it's working very smoothly and fast I give totally 100 percent successful app,2026-08-13
playstore,5,,good app,2026-08-13
playstore,4,,good,2026-08-13
playstore,4,,good,2026-08-13
playstore,3,,while I appreciate the intent of UI! but finding open IPOs is impossible! why can't I have homescreen of IPOs? or simple menu to switch to see Open IPOs?,2026-08-13
playstore,5,,👌👌👌👌,2026-08-13
playstore,5,,Good,2026-08-13
playstore,5,,very nice,2026-08-13
playstore,5,,good,2026-08-13
playstore,5,,nice,2026-08-13
playstore,5,,good,2026-08-13
playstore,5,,good 👍,2026-08-13
playstore,5,,exlent,2026-08-13
playstore,5,,good,2026-08-13
playstore,5,,Nice 👍 good,2026-08-13
playstore,5,,nice aaplication,2026-08-13
playstore,5,,nice,2026-08-13
playstore,5,,Great app for stocks investment!,2026-08-13
playstore,4,,good,2026-08-13
playstore,1,,bakvas app he koi customer care me se ans hi nai deta koi install mat karo bakvas he 🤮🤮🤮🤮🤮🤮🤮🤮,2026-08-13
playstore,5,,awesome,2026-08-13
playstore,1,,unable to add money on groww,2026-08-13
playstore,5,,better,2026-08-13
playstore,5,,good,2026-08-13
playstore,5,,good,2026-08-13
playstore,5,,very good,2026-08-13
playstore,5,,good,2026-08-13
playstore,5,,nice,2026-08-13
playstore,5,,good app,2026-08-13
playstore,3,,some people keep on calling and spam message to buy call or put option get more profit these are all happens when I invest on groww only how my number get to these scammers .,2026-08-13
playstore,5,,very good,2026-08-13
playstore,5,,super,2026-08-13
playstore,4,,good 👍😊,2026-08-13
playstore,1,,"Highly misleading fees. Groww's marketing implies ""zero brokerage,"" but that’s false for active traders. My recent statement had ₹4,466 in total charges—and a staggering ₹2,076 was pure ""Groww Brokerage,"" plus ₹693 in DP/MIS fees. More than half the fees went directly to Groww, not the government! Their ₹20/order fee eats your profits alive. I strongly advise against using this for intraday.",2026-08-13
playstore,5,,good 👍🏻,2026-08-13
playstore,5,,good,2026-08-13
playstore,5,,the best app good and easy,2026-08-13
playstore,5,,good app,2026-08-13
playstore,5,,good app 💝,2026-08-13
playstore,5,,veri nice app good,2026-08-13
playstore,5,,very good app,2026-08-13
playstore,5,,nice,2026-08-13
playstore,5,,best trading app,2026-08-13
playstore,5,,good,2026-08-13
playstore,5,,good 0,2026-08-13
playstore,5,,good,2026-08-13
playstore,5,,excellent,2026-08-13
playstore,5,,good but brokerage i think is very high,2026-08-13
playstore,5,,good,2026-08-13
playstore,1,,"worst trading app, in my experience",2026-08-13
playstore,1,,very bad experience and very high charges in every segment. never use this app for trading . I choose the dhan app. it's reliable and low cost for everything.,2026-08-13
playstore,5,,best,2026-08-13
playstore,5,,nice,2026-08-13
playstore,5,,very easy to invest and withdraw money,2026-08-13
playstore,5,,awesome 👍,2026-08-13
playstore,5,,ok,2026-08-13
playstore,5,,very good groww app earn money.,2026-08-13
playstore,5,,The best app for treding,2026-08-13
playstore,5,,Groww Excellent to use,2026-08-13
playstore,1,,I'm unable to pay/approve UPI mandate. worst experience,2026-08-13
playstore,5,,In Gtt order SL and TG should be provided.,2026-08-13
playstore,4,,best quality app on share market,2026-08-13
playstore,3,,good,2026-08-13
playstore,5,,nice 🙂 app easy use and simple fast smooth,2026-08-13
playstore,5,,aselend,2026-08-13
playstore,5,,very good,2026-08-13
playstore,5,,good,2026-08-13
playstore,5,,Still safe no scam with me,2026-08-13
playstore,5,,good,2026-08-13
playstore,5,,nice,2026-08-13
playstore,5,,super,2026-08-13
playstore,5,,nice,2026-08-13
playstore,5,,nice 👍👍👍👍,2026-08-13
playstore,5,,best,2026-08-13
playstore,5,,grow application bahut achcha Hi work kam karta hai aur aasan bhasha mein samajh liya jata hai,2026-08-13
playstore,5,,it's wonderful,2026-08-13
playstore,1,,👌,2026-08-13
playstore,5,,👍,2026-08-13
playstore,1,,there is no user friendly option to check IPO in the dashboard itself. why there should be an app where we have to manually SEARCH AS ipo instead we can check in any website know. Try to add an tab for IPO where all options available so that even a beginner or layman could use the app.,2026-08-13
playstore,5,,ok,2026-08-13
playstore,5,,groww app best for trading and M F,2026-08-13
playstore,5,,👍😊,2026-08-13
playstore,5,,thank you,2026-08-13
playstore,5,,Good,2026-08-13
playstore,5,,"This app is probably the best app for trading, it is very beginner friendly and almost seems tailor made for analysis and news.",2026-08-13
playstore,5,,good,2026-08-13
playstore,2,,please add a limit price in basket mode also,2026-08-13
playstore,5,,super 💯,2026-08-13
playstore,5,,very very good,2026-08-13
playstore,5,,super easy app to handle even for a novish,2026-08-13
playstore,5,,good,2026-08-13
playstore,5,,easiest in Operation and charges are almost nominal. This is the best Trading app.,2026-08-13
playstore,3,,WHY is the default buy price a percentage point above the market LTP,2026-08-13
playstore,5,,excellent app,2026-08-13
playstore,5,,Awesome 👍😎,2026-08-13
playstore,5,,good,2026-08-13
playstore,5,,good,2026-08-13
playstore,4,,very good👍,2026-08-13
playstore,1,,bekar app hai,2026-08-13
playstore,1,,very very very poor customer care service 15 minutes tak koi champion call par nahi aata hai bahut baar feed back diya hai but same to same jabki call par customer care se immediately baat honi chahiye because koi bhi call most urgent ho sakti hai,2026-08-13
playstore,4,,very nice 👍,2026-08-13
playstore,4,,good,2026-08-13
playstore,5,,Helping app,2026-08-13
playstore,5,,good 😊,2026-08-13
playstore,5,,nice app,2026-08-13
playstore,5,,very good app,2026-08-13
playstore,5,,it's good 😊,2026-08-13
playstore,5,,EXCELLENT SUPER SUPER SUPER 💯💯💯,2026-08-13
playstore,5,,good,2026-08-13
playstore,4,,Best broker for begainers really good very easy dashboard all simple .But I am rated 4 Star because Brokerage charge is very high,2026-08-13
playstore,5,,superb quality of app,2026-08-13
playstore,5,,very helpful,2026-08-13
playstore,1,,Groww Investor App Review I am disappointed with my experience with the Groww Investor app. Charges were deducted from my account without clear information or proper notification beforehand. Customers should be clearly informed about any charges before they are applied. Groww should make all charges transparent and provide proper notifications to customers. I request the company to review this issue and improve its communication about fees and charges.,2026-08-13
playstore,5,,one of best app to track mutual funds,2026-08-13
playstore,3,,good,2026-08-13
playstore,5,,nice 👍,2026-08-13
playstore,5,,very nice 👍,2026-08-13
playstore,5,,very good 👍🏻,2026-08-13
playstore,5,,good,2026-08-13
playstore,5,,Awesome App 💯,2026-08-13
playstore,5,,This very good platform for investment,2026-08-13
playstore,5,,Best se bhi best,2026-08-13
playstore,5,,good,2026-08-13
playstore,5,,amazing app,2026-08-13
playstore,5,,great aap,2026-08-13
playstore,4,,good,2026-08-13
playstore,5,,👍,2026-08-13
playstore,5,,ok,2026-08-13
playstore,5,,good,2026-08-13
playstore,4,,trust,2026-08-13
playstore,5,,Nice App,2026-08-13
playstore,4,,Good experience,2026-08-13
playstore,5,,super,2026-08-13
playstore,5,,best,2026-08-13
playstore,5,,good,2026-08-13
playstore,5,,"Why is there no ""app clone"" feature for this app? Other apps support the default app clone feature available in android.",2026-08-13
playstore,5,,ok,2026-08-13
playstore,5,,awesome 👍,2026-08-13
playstore,5,,good,2026-08-12
playstore,5,,nice,2026-08-12
playstore,5,,easy to use ✅,2026-08-12
playstore,5,,good,2026-08-12
playstore,5,,good,2026-08-12
playstore,1,,Results option removed in new update,2026-08-12
playstore,5,,good 👍,2026-08-12
playstore,5,,super,2026-08-12
playstore,5,,nice 👍🙂,2026-08-12
playstore,1,,unable to login. after allowing permission it's taking ages but not moving to next page,2026-08-12
playstore,5,,good stop marketing wish you on the best,2026-08-12
playstore,5,,excellent,2026-08-12
playstore,5,,grow aap best,2026-08-12
playstore,5,,good,2026-08-12
playstore,3,,portfolio gainers/losers and watchlist gainers/losers was good in previous version of app. don't know why removed,2026-08-12
playstore,4,,good,2026-08-12
playstore,5,,excellent,2026-08-12
playstore,5,,good and smooth,2026-08-12
playstore,5,,user friendly and good to use...,2026-08-12
playstore,5,,axa h guru jii,2026-08-12
playstore,5,,good,2026-08-12
playstore,5,,very good app,2026-08-12
playstore,5,,good,2026-08-12
playstore,5,,simply use nice 1,2026-08-12
playstore,5,,no 1 platform,2026-08-12
playstore,5,,helpful,2026-08-12
playstore,5,,investment in grow app,2026-08-12
playstore,5,,nice app and very easy to use more comfortable and more sequre app,2026-08-12
playstore,5,,very good,2026-08-12
playstore,5,,💯🔥,2026-08-12
playstore,5,,ok,2026-08-12
playstore,5,,best,2026-08-12
playstore,4,,why you guys not showing percentage gain or loss in intraday position in list earlier it was great to see instantly about managing win loss ratio,2026-08-12
playstore,5,,good,2026-08-12
playstore,4,,Front size very smal. mack big size .. help .. Best .. But Can use हिंदी Language.,2026-08-12
playstore,5,,best 👍,2026-08-12
playstore,5,,very good application,2026-08-12
playstore,5,,excellence,2026-08-12
playstore,5,,अच्छा है एप्लीकेशन है,2026-08-12
playstore,5,,good,2026-08-12
playstore,4,,User friendly to use,2026-08-12
playstore,4,,good,2026-08-12
playstore,5,,💜💜💜💜,2026-08-12
playstore,5,,👍 nice,2026-08-12
playstore,5,,user friendly,2026-08-12
playstore,4,,good app,2026-08-12
playstore,5,,good app,2026-08-12
playstore,5,,good,2026-08-12
playstore,5,,👌👌,2026-08-12
playstore,5,,nice 👍,2026-08-12
playstore,5,,Feature Request: Real Time live auction's Indicative Equilibrium Price of NIFTY50 during the post-market session. (zerodha already launched),2026-08-12
playstore,5,,very good,2026-08-12
playstore,5,,very good experience,2026-08-12
playstore,5,,excellent this app,2026-08-12
playstore,4,,good one,2026-08-12
playstore,5,,wonderful,2026-08-12
playstore,5,,best,2026-08-12
playstore,5,,it's very good app to your future.. 👍,2026-08-12
playstore,5,,nice 👍,2026-08-12
playstore,1,,worst app I have ever seen in my life. too much brokerage. Guys avoid this app for trading and purchasing shares.😭,2026-08-12
playstore,5,,nice experience,2026-08-12
playstore,1,,worst customer service. Took more than 2.5 hrs for one response and for next response it took around 30 mins,2026-08-12
playstore,5,,niche app,2026-08-12
playstore,5,,Nice platform,2026-08-12
playstore,5,,super,2026-08-12
playstore,5,,good,2026-08-12
playstore,3,,i think there should be application number while applying IPO autopay request for confirmation about specific treding account specific ipo request... while other things are ok about this app..,2026-08-12
playstore,1,,OnePlus mobile app not working,2026-08-12
playstore,5,,verry good,2026-08-12
playstore,5,,ok,2026-08-12
playstore,4,,superb interfaces,2026-08-12
playstore,4,,very nice 👍🙂,2026-08-12
playstore,5,,very nice,2026-08-12
playstore,5,,good,2026-08-12
playstore,5,,👍,2026-08-12
playstore,5,,Good app to invest lumpsum amount or Sip amount,2026-08-12
playstore,5,,nice aap,2026-08-12
playstore,5,,nice,2026-08-12
playstore,5,,very good,2026-08-12
playstore,5,,good,2026-08-12
playstore,1,,"position and p&l sown before , and now it's not sown in bottom it's penic to save profit or loss old virsion is best rather then new",2026-08-12
playstore,5,,good work,2026-08-12
playstore,5,,Easy one for Handling,2026-08-12
playstore,5,,good,2026-08-12
playstore,5,,Best,2026-08-12
playstore,3,,trust,2026-08-12
playstore,5,,very good working,2026-08-12
playstore,5,,best app for redeem code,2026-08-12
playstore,5,,great experience,2026-08-12
playstore,5,,best alp,2026-08-12
playstore,5,,Good platform to invest in market,2026-08-12
playstore,5,,best,2026-08-12
playstore,5,,Best app,2026-08-12
playstore,5,,Quickly Accessible and Easy to use for trading.,2026-08-12
playstore,5,,good 👍🏻😊,2026-08-12
playstore,1,,not good,2026-08-12
playstore,5,,Very nice Application,2026-08-12
playstore,5,,good,2026-08-12
playstore,5,,"very good interface, and easy to understand for beginners, and it runs smoothly even on my 5yrs old snapdragon 695 processor. the best app for beginners who are just starting to learn share market and mutual funds",2026-08-12
playstore,5,,good,2026-08-12
playstore,4,,good👍,2026-08-12
playstore,5,,its good,2026-08-12
playstore,5,,good,2026-08-12
playstore,5,,👍😍,2026-08-12
playstore,5,,"Excellent performance in this application , Easy to use 👍",2026-08-12
playstore,1,,adverties bahut dete hai bhukhad,2026-08-12
playstore,5,,good 👍,2026-08-12
playstore,5,,good,2026-08-12
playstore,4,,groww is better app,2026-08-12
playstore,5,,good,2026-08-12
playstore,5,,Growws interface is smoothest and good. bring us and global stock investing facility,2026-08-12
playstore,5,,good,2026-08-12
playstore,5,,nice,2026-08-12
playstore,5,,nice platform,2026-08-12
playstore,5,,Nice,2026-08-12
playstore,5,,good,2026-08-12
playstore,5,,good 👍,2026-08-12
playstore,5,,awesome 👍,2026-08-12
playstore,5,,Best App,2026-08-12
playstore,5,,Good,2026-08-12
playstore,5,,👍,2026-08-12
playstore,4,,can you add Sort By category under dashboard of mutual fund bottom nav menu. it would help to undersand the investors how different funds of same category is currently performing.,2026-08-12
playstore,1,,If you want to loss your money and mind set download groww 4 years experience sharing free,2026-08-12
playstore,5,,good 👍,2026-08-12
playstore,5,,nice 👍👍👍,2026-08-12
playstore,5,,very good app,2026-08-12
playstore,5,,good app 👌,2026-08-12
playstore,5,,it's really useful and very easy to work,2026-08-12
playstore,4,,Good,2026-08-12
playstore,5,,grow love you,2026-08-12
playstore,4,,good,2026-08-12
playstore,1,,Removed manual payment option from sip just because they promote auto payment options...,2026-08-12
playstore,5,,good,2026-08-12
playstore,1,,good,2026-08-12
playstore,5,,good,2026-08-12
playstore,5,,Good,2026-08-12
playstore,5,,best app any app,2026-08-12
playstore,5,,"Can I know when we can expect the Grow integrated AI Like GR 1 like that, and what will be features, can you please provide clear response",2026-08-12
playstore,5,,New ETF offering should be shown ....plz add new ETF offering,2026-08-12
playstore,5,,easy to handling,2026-08-12
playstore,5,,best,2026-08-12
playstore,5,,nice,2026-08-12
playstore,4,,Good,2026-08-12
playstore,5,,😊,2026-08-12
playstore,5,,excellent easy use,2026-08-12
playstore,5,,good,2026-08-12
playstore,5,,best app,2026-08-12
playstore,5,,nice,2026-08-12
playstore,1,,"You app suddenly freezing, not opening keyboard to ender pin... What kind of update you guys have released",2026-08-12
playstore,5,,good,2026-08-12
playstore,5,,good,2026-08-12
playstore,5,,excellent,2026-08-12
playstore,4,,using since 2 years...lekin safe exit me profit book karo to loss hi aa jata hai...kabhi kabhi gambling hi hota hai..aur abhi update me jo f&o lock aaya hai ... vo bahot hi badhiya hai kaash vo pahle se hota...to mere dher sare paise loss hone se bach jate..2 saal me maine to kuch nahi kamaya bas ye groww vale ko kama kama kar diya hai overtrading ki wajah se 😔,2026-08-12
playstore,5,,best platform,2026-08-12
playstore,5,,nice groww,2026-08-12
playstore,5,,All in 1 App,2026-08-12
playstore,5,,very good,2026-08-12
playstore,5,,good,2026-08-12
playstore,4,,good,2026-08-12
playstore,5,,very good,2026-08-12
playstore,5,,ok,2026-08-12
playstore,5,,very simple to use,2026-08-12
playstore,5,,powerful app 💪🏻,2026-08-12
playstore,5,,nice,2026-08-12
playstore,4,,nice treding,2026-08-12
playstore,1,,MTF is a scam! They will keep changing the haircut charges on leveraged stocks and there is no clarity on the UI which stocks are deducting hair cut charges. makes it impossible to plan and their customer support has not been helpful. Customer support on chat has been giving me the same answer and then immediately disconnecting.,2026-08-12
playstore,5,,बहुत उत्तम एप है इसकी सबसे अच्छी बात के आप को कोई भी समस्या आ रही है तो आप इनसे काल से बात कर सकते है,2026-08-12
playstore,5,,👍,2026-08-12
playstore,3,,best,2026-08-12
playstore,2,,kindly optimize app for ipad .It's opening in half screen only... poor optimization from grow,2026-08-12
playstore,5,,good,2026-08-12
playstore,1,,"I invested Rs 40,000 in a Bank of India mutual fund yesterday. Today morning, I received a message from the AMC regarding allotment of units to me. The units became visible in my Kfinkart app from that time. Now its 6:30 pm in the evening and I am yet to locate my ₹40,000 investment despite updating external funds multiple times. My ticket number is 27244533 (got in response from Groww).",2026-08-12
playstore,5,,Amazing,2026-08-12
playstore,5,,glorious,2026-08-12
playstore,5,,good,2026-08-12
playstore,5,,Good Shoot,2026-08-12
playstore,5,,nice 👍,2026-08-12
playstore,5,,great app.,2026-08-12
playstore,5,,Nice Good wonderful,2026-08-12
playstore,5,,ok bhai hai 🤫,2026-08-12
playstore,5,,this app very good 💯,2026-08-12
playstore,5,,very nice,2026-08-12
playstore,5,,good,2026-08-12
playstore,5,,good👍,2026-08-12
playstore,1,,not good,2026-08-12
playstore,4,,very addicting and losing control.,2026-08-12
playstore,5,,the best aap for treding,2026-08-12
playstore,5,,Nice service,2026-08-12
playstore,5,,Best Stock App,2026-08-12
playstore,5,,good app but only withdrawal problem,2026-08-12
playstore,5,,good,2026-08-12
playstore,4,,mtf intrest rate 15% is high it should be 10%,2026-08-11
playstore,5,,mond blowing really gyddssss,2026-08-11
playstore,5,,very good,2026-08-11
playstore,4,,super,2026-08-11
playstore,5,,Very good platform for shares trading,2026-08-11
playstore,5,,EXCELLENT,2026-08-11
playstore,5,,fgood,2026-08-11
playstore,1,,THERE IS no AI FOR MY DEVICE.,2026-08-11
playstore,4,,please add on Cost per Lot in Option Chain.,2026-08-11
playstore,5,,super,2026-08-11
playstore,5,,V good 💯,2026-08-11
playstore,5,,very friendly app,2026-08-11
playstore,3,,"“Good app, easy to use, but some improvements are needed.",2026-08-11
playstore,5,,ok,2026-08-11
playstore,5,,very good,2026-08-11
playstore,5,,Very comfortable easiest,2026-08-11
playstore,5,,"Best app ever, and then you introduced select portfolio option it's much needed function for me, Thank You ☺️, one request please introduce same Function also for mutual fund portfolio.",2026-08-11
playstore,5,,excellent,2026-08-11
playstore,5,,excellent app,2026-08-11
playstore,4,,"Very Good app. most features we need is all inbuilt. Only thing I found is little lag. most notifications are delayed. From opening bell to my watchlist stocks performance notifications. Whenever it touches all time high or low notifications are coming only after 15 minutes. The new update with technical section is too good. new feature ""your top movers"" is too good",2026-08-11
playstore,5,,shander very nice grow investment,2026-08-11
playstore,5,,good transition,2026-08-11
playstore,5,,nice,2026-08-11
playstore,5,,best app,2026-08-11
playstore,5,,nice app,2026-08-11
playstore,5,,good company,2026-08-11
playstore,5,,easy and trustable app,2026-08-11
playstore,5,,I think so great,2026-08-11
playstore,5,,very good,2026-08-11
playstore,5,,good 👍,2026-08-11
playstore,5,,nice,2026-08-11
playstore,5,,Best performance 💯,2026-08-11
playstore,5,,alll good. but. yy there. is. no. customer care. if. we. have. any. doubt. then. what. we. do.,2026-08-11
playstore,2,,investment flowchart not updated after even 4 days of increasing investment,2026-08-11
playstore,5,,osam,2026-08-11
playstore,5,,"“Groww app பயன்படுத்த மிகவும் எளிதாகவும், தெளிவாகவும் இருக்கிறது. முதலீடு செய்வது, units allotment, returns மற்றும் portfolio details எல்லாமே புரியும்படி காட்டுகிறது. புதிதாக முதலீடு செய்ய ஆரம்பிப்பவர்களுக்கும் மிகவும் பயனுள்ளதாக இருக்கிறது. Overall experience மிகவும் நல்லா இருக்கு. 👍⭐⭐⭐⭐⭐”",2026-08-11
playstore,5,,good work,2026-08-11
playstore,5,,EXCELLENT TRADING APPS & VERY GOOD & SO FASTER,2026-08-11
playstore,5,,nice 👍,2026-08-11
playstore,5,,good,2026-08-11
playstore,5,,best platform,2026-08-11
playstore,5,,ok,2026-08-11
playstore,5,,good 👍,2026-08-11
playstore,5,,👍,2026-08-11
playstore,5,,good sarvice,2026-08-11
playstore,5,,good 👍,2026-08-11
playstore,1,,very poor call support,2026-08-11
playstore,5,,nice aap is simple and easy,2026-08-11
playstore,5,,Very good application 👍🏻,2026-08-11
playstore,5,,good,2026-08-11
playstore,5,,good app,2026-08-11
playstore,1,,don't waste money 🤑 this application,2026-08-11
playstore,5,,satisfaction,2026-08-11
playstore,5,,good 👍👍👍,2026-08-11
playstore,5,,good,2026-08-11
playstore,5,,best app,2026-08-11
playstore,5,,good,2026-08-11
playstore,1,,very poor customer support. very poor app so irritating,2026-08-11
playstore,5,,Best platform 👍🏻,2026-08-11
playstore,4,,Outstanding 😍,2026-08-11
playstore,5,,excellent!!!!!,2026-08-11
playstore,4,,Groww is good platform for share & personal loan,2026-08-11
playstore,2,,"App is fast, but difficult to understand. Watch list is for quick view but getting is difficult, 3 taps. Default tab option is not present",2026-08-11
playstore,5,,thanks groww,2026-08-11
playstore,5,,nice,2026-08-11
playstore,5,,"in this app, I feel a problem because there is no automatic system for them colour change, day time and night time when other apps like angel, upstox etc. has automatic system for them colour change, so please consider it.",2026-08-11
playstore,1,,share pare trading ye sb Scam h inse bacho .......,2026-08-11
playstore,5,,Very good 👍👍👍👍,2026-08-11
playstore,1,,bahan ka land bada ghatiya ffi Koi bhi mat download karna Garib Banda Paisa kamane Aaye per yah 600 service charge lekar uske paise udate Hain mat Karna bhai download,2026-08-11
playstore,5,,nice 👍,2026-08-11
playstore,4,,Good,2026-08-11
playstore,5,,good,2026-08-11
playstore,4,,I am Happy.,2026-08-11
playstore,5,,great app,2026-08-11
playstore,5,,Good,2026-08-11
playstore,4,,nice,2026-08-11
playstore,1,,disgusting experience of using this application too slow to process the things,2026-08-11
playstore,5,,very good,2026-08-11
playstore,5,,very good plate form,2026-08-11
playstore,5,,nice experience,2026-08-11
playstore,1,,Poor Service By Groww Agent Riya Poor Customer Service,2026-08-11
playstore,5,,"The UI offers an excellent balance of ease of use and robust security. Customer support is highly responsive, and the detailed company analysis is extremely helpful in making informed investment decisions and choosing the right level of risk.",2026-08-11
playstore,3,,trust issue and expenses are too high,2026-08-11
playstore,5,,very good,2026-08-11
playstore,5,,good,2026-08-11
playstore,4,,good,2026-08-11
playstore,5,,completely satisfied interface as a newbie in investment,2026-08-11
playstore,5,,Good,2026-08-11
playstore,4,,Good,2026-08-11
playstore,2,,ez,2026-08-11
playstore,5,,good,2026-08-11
playstore,5,,Best experience for beginners,2026-08-11
playstore,5,,👍,2026-08-11
playstore,5,,good,2026-08-11
playstore,5,,good👍,2026-08-11
playstore,5,,good,2026-08-11
playstore,5,,Good,2026-08-11
playstore,5,,easy work,2026-08-11
playstore,5,,good,2026-08-11
playstore,5,,if suggestions of purchase and sell it would be great,2026-08-11
playstore,5,,good to use and easy to understand,2026-08-11
playstore,1,,one of the wrost broker. there Support team and interfaces is not good for trading.,2026-08-11
playstore,4,,good 👍,2026-08-11
playstore,5,,excellent app,2026-08-11
playstore,5,,life changing platfrom,2026-08-11
playstore,5,,good,2026-08-11
playstore,5,,good,2026-08-11
playstore,5,,Superb,2026-08-11
playstore,1,,It doesn't allow trigger order without enabling ddpi which should be an option and should not be mandatory,2026-08-11
playstore,5,,nice 👍🙂,2026-08-11
playstore,1,,worst assistance my problem not at all resolved my account details are not showing raised query but still prolonging to day after day,2026-08-11
playstore,5,,ok,2026-08-11
playstore,1,,don't irritate by ur ad,2026-08-11
playstore,5,,very good 😊,2026-08-11
playstore,1,,"very third class app , not easy interface INDMONEY is best app",2026-08-11
playstore,5,,"Frequently hang during pick market hours, live chart not updating on time with all the indicators.",2026-08-11
playstore,5,,good,2026-08-11
playstore,5,,ok,2026-08-11
playstore,5,,groww amazing app,2026-08-11
playstore,3,,"please introduce a note-like feature, so it will be easier to track a stock.",2026-08-11
playstore,5,,Better,2026-08-11
playstore,5,,best app for trading,2026-08-11
playstore,5,,good👍,2026-08-11
playstore,5,,good job,2026-08-11
playstore,1,,i don't want to give a single Star this is dump app for trading never use because so many problems server jam late action and legging,2026-08-11
playstore,5,,Super App,2026-08-11
playstore,4,,nice groww,2026-08-11
playstore,5,,groww application is nice,2026-08-11
playstore,5,,how to close sip,2026-08-11
playstore,5,,very good,2026-08-11
playstore,5,,good,2026-08-11
playstore,5,,outstanding,2026-08-11
playstore,1,,today 11 aug 2026 9.05 am se 9.21 am tk app open hi nhi hui ....bad app,2026-08-11
playstore,5,,bahut badhiya hai,2026-08-11
playstore,5,,best,2026-08-11
playstore,5,,very good,2026-08-11
playstore,5,,Very good and trusted app,2026-08-11
playstore,1,,This time grow app not working very slow network,2026-08-11
playstore,1,,worst experience not working properly and many times leg the application,2026-08-11
playstore,1,,I have perfect network but still not loading,2026-08-11
playstore,1,,your app is getting slow day by day.,2026-08-11
playstore,1,,"nothing is showing inside the app. after opening it all blank, not showing any data",2026-08-11
playstore,2,,groww app in market open time 9.15 am why ? I have a running position how can I exit,2026-08-11
playstore,5,,good,2026-08-11
playstore,1,,Abe glitch sahi kro,2026-08-11
playstore,1,,slow working,2026-08-11
playstore,2,,kavi kavi time pe kaam nhi karta technical glitches bhut aate hai,2026-08-11
playstore,5,,very nice,2026-08-11
playstore,2,,most 3rd class app nowadays,2026-08-11
playstore,1,,Very Slow And Stucks sometimes.,2026-08-11
playstore,2,,"my grow appis not working,why",2026-08-11
playstore,1,,app not working please support,2026-08-11
playstore,1,,very poor upgrade,2026-08-11
playstore,1,,poor speed,2026-08-11
playstore,3,,😞,2026-08-11
playstore,1,,app not working properly at the time of market opening..,2026-08-11
playstore,1,,This app was so wonderful but after the update it has become very sluggish.,2026-08-11
playstore,1,,"The Groww app service is not working properly. Data is not loading in the app, and nothing is displayed on the screen, even though my internet is working perfectly with full speed. Please resolve this issue as soon as possible.",2026-08-11
playstore,1,,worst application just buffering how to take trade 😡,2026-08-11
playstore,3,,app is lagging whenever there is expiry loading becomes difficult,2026-08-11
playstore,1,,"so slow in morning and at last time of market , pls correct it",2026-08-11
playstore,5,,I used groww since 2021 it's very good application,2026-08-11
playstore,1,,"one of the frustrating apps to trade on, it's soo slow and buggy",2026-08-11
playstore,2,,bahot lack krta h jab use kro to baar baar update kro fr bhi,2026-08-11
playstore,5,,I gated option trading,2026-08-11
playstore,5,,super,2026-08-11
playstore,5,,good 👍,2026-08-11
playstore,4,,best app,2026-08-11
playstore,5,,Good,2026-08-11
playstore,5,,Nice and easy.,2026-08-11
playstore,5,,Super APP,2026-08-11
playstore,5,,"Very useful aap I am very happy, realy wonderful experience this site,👌",2026-08-11
playstore,5,,best app,2026-08-11
playstore,5,,excellent 👍🏻,2026-08-11
playstore,5,,best platform,2026-08-11
playstore,5,,very good,2026-08-11
playstore,5,,this aap good,2026-08-11
playstore,5,,मुझे तो बहुत ही बढ़िया लगता है दूसरे प्लेटफॉर्म के बदले ग्रो इस बेस्ट,2026-08-11
playstore,5,,"Great app with clean interface, very beginner friendly.",2026-08-11
playstore,5,,user friendly,2026-08-11
playstore,4,,nice aap,2026-08-11
playstore,5,,Good,2026-08-11
playstore,5,,very good nice,2026-08-11
playstore,5,,best service,2026-08-11
playstore,1,,not good,2026-08-11
playstore,5,,easy operating app and excellent withdraw prosess,2026-08-11
playstore,5,,very good 😊,2026-08-11
playstore,4,,good,2026-08-11
playstore,5,,The best Platform to invest your hard earned money 🙌 cent percent recommended 💯,2026-08-11
playstore,5,,super service,2026-08-10
playstore,5,,super guide,2026-08-10
playstore,5,,good 👍 hai,2026-08-10
playstore,5,,Good application,2026-08-10
playstore,2,,Why switch option not available for other AMC in Mutual fund,2026-08-10
playstore,5,,good,2026-08-10
playstore,5,,Guroww is th best app trending all time thanks you groww,2026-08-10
playstore,5,,good,2026-08-10
playstore,1,,my pan card number as been taken in one account to open old account give option to open with pan card number to open old account,2026-08-10
playstore,5,,Great 👍,2026-08-10
playstore,5,,good,2026-08-10
playstore,5,,good,2026-08-10
playstore,5,,nice,2026-08-10
playstore,3,,why too much update's came like week after week..why?,2026-08-10
playstore,5,,great experience,2026-08-10
playstore,5,,super,2026-08-10
playstore,5,,nice,2026-08-10
playstore,5,,Nice,2026-08-10
playstore,5,,ok,2026-08-10
playstore,5,,Nice ❤️,2026-08-10
playstore,1,,no customer care sport..!!!,2026-08-10
playstore,5,,good app and easy for handling compare to upstox and other apps,2026-08-10
playstore,1,,"This is a terrible app with equally terrible customer support. I've attempted to contact them through both messages and calls, but all interactions are automated with no genuine human connection or assistance. I'm going to uninstall this app immediately.",2026-08-10
playstore,5,,good,2026-08-10
playstore,5,,good,2026-08-10
playstore,5,,usefull,2026-08-10
playstore,5,,"The overall experience was very good. One request from my side: kindly add features for Investment Tracker, such as Realised P&L and Portfolio Trend, Comparison of the portfolio performance with the broader market trend for mutual funds.",2026-08-10
playstore,5,,nice,2026-08-10
playstore,1,,"In F&O trading, exiting just because we feel like it or waiting to exit only at a specific amount is not a good strategy",2026-08-10
playstore,5,,Nice,2026-08-10
playstore,5,,excellent dashboard,2026-08-10
playstore,1,,Brokrege fee bohut zyda he,2026-08-10
playstore,5,,interface is smooth as butter. Love the clean interface,2026-08-10
playstore,5,,good,2026-08-10
playstore,5,,super,2026-08-10
playstore,1,,jai hind,2026-08-10
playstore,5,,very good,2026-08-10
playstore,5,,this is the best app I used for stock market in india ❣️I have the best experience on this app every feature is easy to use . i have used many apps but this one is the best .👍,2026-08-10
playstore,5,,excellent,2026-08-10
playstore,5,,good,2026-08-10
playstore,5,,Very friendly app,2026-08-10
playstore,5,,good,2026-08-10
playstore,5,,Groww is Best platform.,2026-08-10
playstore,5,,very good 👍,2026-08-10
playstore,5,,good investment app,2026-08-10
playstore,5,,good,2026-08-10
playstore,5,,user interface is fantastic ✨,2026-08-10
playstore,1,,"Be careful!! This app shows a lower Avg buying price from the price you actually bought at, under your Holdings section, in Delivery orders. It thereby encourages you to sell at a lower price or less margin. This way u loose net money in the sale, since sell when price is lower too , but Groww makes money on brokerages. Effectively u are losing money. Since most Groww users are not exactly regular traders, we dont keep track of the exact price we bought, and Groww cheats its customers this way!!",2026-08-10
playstore,5,,I having Groww Application it was great options with services.,2026-08-10
playstore,5,,best for trading.,2026-08-10
playstore,5,,Very good,2026-08-10
playstore,5,,"Simple, Easy & User friendly App. 10/10",2026-08-10
playstore,5,,good and flexible..,2026-08-10
playstore,5,,such a wonderful and easy app for every one,2026-08-10
playstore,5,,very good app,2026-08-10
playstore,1,,"In the financial industry, especially in stockbroking, clear and reliable communication between a broker and its customers is essential. Unfortunately, Groww’s customer support has been extremely poor in my experience. When an investor asks a simple and important question about their money, the support team should provide a clear and direct answer—not vague or repetitive responses. This lack of proper communication seriously damages customer trust.",2026-08-10
playstore,5,,good,2026-08-10
playstore,4,,this was a very beautiful app,2026-08-10
playstore,5,,very good,2026-08-10
playstore,5,,very easy I impressed,2026-08-10
playstore,5,,ok,2026-08-10
playstore,5,,good,2026-08-10
playstore,5,,Nice 🙂,2026-08-10
playstore,5,,good,2026-08-10
playstore,5,,ok,2026-08-10
playstore,5,,ok,2026-08-10
playstore,4,,good,2026-08-10
playstore,5,,very nice 🙂👍🏻,2026-08-10
playstore,5,,excellent,2026-08-10
playstore,1,,customer care service very poor really I disappointed,2026-08-10
playstore,5,,Good,2026-08-10
playstore,5,,good,2026-08-10
playstore,5,,Easy and simple,2026-08-10
playstore,4,,good👍,2026-08-10
playstore,5,,Good,2026-08-10
playstore,1,,Application lagging badly,2026-08-10
playstore,5,,good 👍,2026-08-10
playstore,5,,very good apps,2026-08-10
playstore,5,,good 👍,2026-08-10
playstore,1,,customer service is so poor,2026-08-10
playstore,5,,bahut achcha,2026-08-10
playstore,5,,😊,2026-08-10
playstore,5,,great,2026-08-10
playstore,4,,good 👍,2026-08-10
playstore,1,,customer care service is so so pathetic only this app makes us fool,2026-08-10
playstore,5,,good,2026-08-10
playstore,5,,good,2026-08-10
playstore,5,,Jay Guru,2026-08-10
playstore,5,,super,2026-08-10
playstore,5,,good,2026-08-10
playstore,1,,grow na kabhi sath nahi Diya Mera jab bhi trad lo mines Kara deta ha kuch system m hi inke Jo retail ka sath aise krte ha,2026-08-10
playstore,2,,love this aap,2026-08-10
playstore,5,,ok,2026-08-10
playstore,5,,good,2026-08-10
playstore,5,,BEST APP FOR INVESTMENT,2026-08-10
playstore,5,,good 👍😊,2026-08-10
playstore,5,,ok,2026-08-10
playstore,1,,very good,2026-08-10
playstore,5,,good 👍,2026-08-10
playstore,5,,good,2026-08-10
playstore,5,,good,2026-08-10
playstore,5,,awesome,2026-08-10
playstore,5,,fantastic,2026-08-10
playstore,5,,good,2026-08-10
playstore,4,,realy its good for investment,2026-08-10
playstore,5,,good for carrier,2026-08-10
playstore,5,,good,2026-08-10
playstore,5,,excellent,2026-08-10
playstore,5,,all in one app 👍,2026-08-10
playstore,5,,very impressive,2026-08-10
playstore,1,,f&o ka chor Hai,2026-08-10
playstore,5,,"India Top broker ,low cost ,simple interface, very fast broker",2026-08-10
playstore,5,,nice,2026-08-10
playstore,5,,good,2026-08-10
playstore,5,,good,2026-08-10
playstore,5,,good,2026-08-10
playstore,5,,👍,2026-08-10
playstore,4,,best,2026-08-10
playstore,3,,good,2026-08-10
playstore,5,,super app and user friendly,2026-08-10
playstore,5,,best,2026-08-10
playstore,1,,"The chart doesn't work properly.After minimizing it repeatedly, the app works fine again. The charts work fine. Then, 10 minutes later, the same problem occurs. I thought, ""Oh my god, my phone is having an internet problem."" But it was revealed later. app issue",2026-08-10
playstore,5,,thanku,2026-08-10
playstore,5,,perfect,2026-08-10
playstore,5,,good 👍,2026-08-10
playstore,5,,Perfect Application for stock Trading,2026-08-10
playstore,4,,good,2026-08-10
playstore,5,,good,2026-08-10
playstore,4,,👍,2026-08-10
playstore,5,,Awesome,2026-08-10
playstore,5,,India number 1 Broker,2026-08-10
playstore,1,,"worst app to invest your mutual funds, I am not getting a proper response from groww customer care regarding my 2nd SIP due date(not able to pay manually) they have created 2 ticket with same query but resolution is not provided yet it's been more than 48 hour If anyone hoping for long term investment don't try groww because whenever you got stuck their customer service is unable to provide any proper resolution so don't invest your hard earned money through this broker go for direct amc site",2026-08-10
playstore,5,,best,2026-08-10
playstore,5,,nice nice bro,2026-08-10
playstore,5,,good,2026-08-10
playstore,5,,I am also growing with grow,2026-08-10
playstore,5,,good,2026-08-10
playstore,1,,low income of payment 😕,2026-08-10
playstore,5,,good 💯,2026-08-10
playstore,5,,good,2026-08-10
playstore,3,,Groww Stocks very nice aap,2026-08-10
playstore,5,,Excellent,2026-08-10
playstore,5,,thanku so much,2026-08-10
playstore,4,,great support,2026-08-10
playstore,5,,🔥,2026-08-10
playstore,5,,nice one,2026-08-10
playstore,4,,cool 😎,2026-08-10
playstore,5,,good,2026-08-10
playstore,5,,👍,2026-08-10
playstore,5,,best,2026-08-10
playstore,5,,mast,2026-08-10
playstore,5,,excellent,2026-08-10
playstore,5,,good 👍,2026-08-10
playstore,5,,outstanding,2026-08-10
playstore,5,,Good 👍😊,2026-08-10
playstore,1,,bogus application,2026-08-10
playstore,5,,good,2026-08-10
playstore,5,,good,2026-08-10
playstore,5,,nice one,2026-08-10
playstore,3,,currently from last 10 days . Apk not working smoothly sometimes it stuck and flash message wait or close apk not responding,2026-08-10
playstore,3,,Initially liked much..delivery charges for buying share increased,2026-08-10
playstore,5,,happy to trade this broker app it's trusted,2026-08-10
playstore,5,,good,2026-08-10
playstore,5,,very good app,2026-08-10
playstore,5,,veri good 👍,2026-08-10
playstore,5,,verry nice,2026-08-10
playstore,1,,crashes at 9.15 just rubbish app,2026-08-10
playstore,5,,good,2026-08-10
playstore,5,,vary good,2026-08-10
playstore,5,,very good,2026-08-10
playstore,5,,good app,2026-08-10
playstore,1,,This app is a fraud customer care doesn't respond Even for returning Money u have to spend money,2026-08-10
playstore,5,,okay,2026-08-10
playstore,5,,good,2026-08-10
playstore,5,,Best platform to invest,2026-08-10
playstore,5,,good,2026-08-10
playstore,5,,very nice...,2026-08-10
playstore,5,,super,2026-08-10
playstore,2,,nice 🙂,2026-08-10
playstore,5,,super,2026-08-10
playstore,5,,thank you 🙏,2026-08-10
playstore,5,,good,2026-08-10
playstore,5,,👍 good,2026-08-10
playstore,5,,gud,2026-08-10
playstore,5,,Best among all. Easy UI.,2026-08-10
playstore,5,,good app and all reports easily getting...,2026-08-10
playstore,3,,"Brokerage cost High compare to others, if you reduce brokerage cost i will execute more trade...",2026-08-10
playstore,1,,"fraud app, my sip is not processed since over a month now. more than a month now your team unable to help, providing dumb solutions which dont even exist to waste my time. your company cant get on sip processed since 24 june neither giving my money back. updating this review today i.e. 10th august",2026-08-10
playstore,5,,best,2026-08-10
playstore,5,,Good,2026-08-10
playstore,4,,very very,2026-08-10
playstore,5,,amazing,2026-08-10
playstore,5,,good,2026-08-10
playstore,2,,user friendly but charges are very high,2026-08-10
playstore,1,,don't know why they removed my refer and earn option without reason and I tried to contact customer service yet there is no response from their side very disappointing it is,2026-08-10
playstore,5,,till now it's well functioning,2026-08-10
playstore,5,,good and user friendly app,2026-08-10
playstore,4,,Thik hai,2026-08-10
playstore,5,,good 👍👍👍👍👍,2026-08-09
playstore,5,,very nice product,2026-08-09
playstore,5,,good. service.,2026-08-09
playstore,5,,It helps me in disciplined investment without any hesitation.,2026-08-09
playstore,1,,old वाला ज्यादा सही था.. ये बकवास है,2026-08-09
playstore,1,,"Too much brokerage,but it's good",2026-08-09
playstore,5,,good 👍,2026-08-09
playstore,5,,super,2026-08-09
playstore,5,,good,2026-08-09
playstore,5,,good,2026-08-09
playstore,5,,best,2026-08-09
playstore,5,,Good app. wish the team for becoming no 1,2026-08-09
playstore,5,,nice,2026-08-09
playstore,1,,Kya groww app sa us stock market invests kar sakte hai?,2026-08-09
playstore,5,,good,2026-08-09
playstore,5,,good,2026-08-09
playstore,5,,good,2026-08-09
playstore,2,,okay,2026-08-09
playstore,5,,groww app bohot acha hai,2026-08-09
playstore,5,,better,2026-08-09
playstore,5,,👍 grow with groww,2026-08-09
playstore,1,,ghatiyar bekar service,2026-08-09
playstore,5,,good,2026-08-09
playstore,5,,great app!!!,2026-08-09
playstore,5,,Good,2026-08-09
playstore,5,,"App and it's features are amazing. The only thing missing is other brokers allow to clone app like angel one, zerodha benefit is one doesn't have to log out and log in everytime.I request you to plz allow clone of groww app so one track investment and trading without multiple log in and log out",2026-08-09
playstore,5,,Nice,2026-08-09
playstore,5,,good,2026-08-09
playstore,2,,very good,2026-08-09
playstore,5,,helpfull app,2026-08-09
playstore,5,,👍,2026-08-09
playstore,5,,easy to use,2026-08-09
playstore,5,,awesome,2026-08-09
playstore,5,,good app😊💯,2026-08-09
playstore,1,,"Grow charges maximum brokerage in the market and provides poor services , their app doesn't publish reports on time , app crashes in peak time and their customer support is really poor. ticket number submitted for this 27198284",2026-08-09
playstore,5,,real app nice👍,2026-08-09
playstore,5,,good pi,2026-08-09
playstore,5,,most Pawar full aap,2026-08-09
playstore,5,,super app download,2026-08-09
playstore,5,,Nice 👍,2026-08-09
playstore,5,,well Experience,2026-08-09
playstore,5,,veri good app,2026-08-09
playstore,5,,Nice 👍,2026-08-09
playstore,5,,Best,2026-08-09
playstore,5,,goog,2026-08-09
playstore,5,,good,2026-08-09
playstore,5,,Great UI experience and easy to use,2026-08-09
playstore,5,,good 👍,2026-08-09
playstore,2,,I just wanna say that you can make it more better by adding more Bank and banking app like fampay app because many people want to use it by fampay,2026-08-09
playstore,1,,"bahut hi bekaar app specially for FnO,shayad hi iss se bekar app ho? bolte AMC charges ni lete but buy or sell pr hi 1-2 rs se price adjustments kr lete ho, sabko pta tumhari chori, saamne se maang kr paise charge krlo chori kyu Krna?, customer support hai ki nahi pta nahi ? bs naam ka hai ? kisi ko support se help mili ho to plz bta dena?",2026-08-09
playstore,5,,gud,2026-08-09
playstore,1,,good,2026-08-09
playstore,5,,awesome app,2026-08-09
playstore,5,,good,2026-08-09
playstore,5,,Best apps.,2026-08-09
playstore,5,,exilent,2026-08-09
playstore,1,,to muche brokrage,2026-08-09
playstore,5,,nice to handle,2026-08-09
playstore,4,,very easy to use.,2026-08-09
playstore,5,,good,2026-08-09
playstore,4,,very good,2026-08-09
playstore,5,,Aasowm,2026-08-09
playstore,5,,Nice AAP I am happy,2026-08-09
playstore,5,,Nice gooder app,2026-08-09
playstore,5,,very useful app,2026-08-09
playstore,5,,good app and service better,2026-08-09
playstore,5,,kindly provide multi chart on single screen (multi layout) for all stocks,2026-08-09
playstore,5,,good,2026-08-09
playstore,5,,nice,2026-08-09
playstore,4,,nice broker app,2026-08-09
playstore,5,,nice,2026-08-09
playstore,4,,"ग्राफ देखना, खरीदना बेचना और IPO कितना गुना सब्स्क्राइब हुआ सब आसानी से पता चल जाता है",2026-08-09
playstore,4,,Good,2026-08-09
playstore,5,,good 👍,2026-08-09
playstore,5,,good,2026-08-09
playstore,5,,amazing,2026-08-09
playstore,5,,good app for investing,2026-08-09
playstore,5,,very Good 💯😊,2026-08-09
playstore,5,,good,2026-08-09
playstore,5,,good app,2026-08-09
playstore,5,,excellent,2026-08-09
playstore,5,,extreme good,2026-08-09
playstore,5,,simple to understand,2026-08-09
playstore,4,,good,2026-08-09
playstore,5,,very nice app,2026-08-09
playstore,5,,super,2026-08-09
playstore,5,,grow app is very good app,2026-08-09
playstore,5,,good,2026-08-09
playstore,5,,best app super,2026-08-09
playstore,4,,good 👍,2026-08-09
playstore,5,,good exlent,2026-08-09
playstore,5,,good,2026-08-09
playstore,5,,ವೆರಿ ವೆರಿ ಯೂಸ್ ಪುಲ್ಲಿಂಗ್ ಐ ಆಮ್ ಸೋ ಬಿಗ್ ಫ್ಯಾನ್,2026-08-09
playstore,5,,very good and easy to use application,2026-08-09
playstore,5,,thank groww,2026-08-09
playstore,5,,Nice,2026-08-09
playstore,5,,good apps,2026-08-09
playstore,5,,very nice app,2026-08-09
playstore,1,,wrost application my Big loss hanging problem,2026-08-09
playstore,5,,Superb,2026-08-09
playstore,5,,best,2026-08-09
playstore,5,,best,2026-08-09
playstore,1,,Doubtful integrity,2026-08-09
playstore,5,,very good,2026-08-09
playstore,2,,"❌ Messy UI, fix this · No option to hide FNO section from bottom bar · Buy/Sell colors are eye-piercingly contrast · Buying options default trap-accidentally pick intraday/MTF · Technicals are weak · No event/news dot indicators · Watchlist placement next to holdings/orders is irritating · No proper positions tab like Zerodha · Landing page is endless feed-add sections · Loans tab = useless clutter Feels like a legacy app. Redesign needed badly.",2026-08-08
playstore,4,,nice,2026-08-08
playstore,5,,amazing,2026-08-08
playstore,5,,new ok,2026-08-08
playstore,1,,For two days this app has been showing an error while opening the chart and they want you to buy and sell without watching the chart..I have done every possible thing from my side and am still showing an error..even dabba trading broker apps are better than this cheap groww and this is not for the first time something wrong happened with this app.. highly recommend to uninstall this as soon as possible and use some standard broker instead of this.,2026-08-08
playstore,5,,good,2026-08-08
playstore,5,,ok,2026-08-08
playstore,5,,Best and easy for beginners.,2026-08-08
playstore,1,,mene 2 bar Friend ko app reference kiya par kuchh bhi reword nahi mila Is app ko Friend ko suggest naa kare,2026-08-08
playstore,4,,experience is best,2026-08-08
playstore,2,,The waiting period for the customer care calls is too lengthy and the brokerage charge is high.,2026-08-08
playstore,5,,very nice Aap,2026-08-08
playstore,5,,wow,2026-08-08
playstore,1,,not good support 😭😔 very bad support I have changed my email and mobile number a few days ago and want to create a new account with the same email and number and new documents.I want to contact the support team but I am unable to do so.,2026-08-08
playstore,5,,nice,2026-08-08
playstore,5,,great service and great trust app,2026-08-08
playstore,4,,good,2026-08-08
playstore,5,,"Useful But,Gain knowledge completely about this before use it.",2026-08-08
playstore,5,,excellent broker,2026-08-08
playstore,5,,good platform,2026-08-08
playstore,5,,best broker,2026-08-08
playstore,5,,dast app,2026-08-08
playstore,5,,😊 good,2026-08-08
playstore,5,,ok👍,2026-08-08
playstore,5,,good,2026-08-08
playstore,5,,nice,2026-08-08
playstore,5,,👌,2026-08-08
playstore,4,,good,2026-08-08
playstore,5,,good app,2026-08-08
playstore,5,,good experience,2026-08-08
playstore,5,,thank,2026-08-08
playstore,5,,excellent,2026-08-08
playstore,5,,excellent,2026-08-08
playstore,1,,Poor customer service.,2026-08-08
playstore,4,,good app,2026-08-08
playstore,5,,very good app,2026-08-08
playstore,5,,nice option in train,2026-08-08
playstore,5,,good 👍,2026-08-08
playstore,5,,excellent service providers,2026-08-08
playstore,5,,good 👍🏻,2026-08-08
playstore,5,,badhiya (awesome),2026-08-08
playstore,4,,best,2026-08-08
playstore,5,,good,2026-08-08
playstore,5,,good,2026-08-08
playstore,5,,Good,2026-08-08
playstore,5,,Best of the Best UI Easy to use,2026-08-08
playstore,5,,good 👍😊,2026-08-08
playstore,5,,good,2026-08-08
playstore,5,,good,2026-08-08
playstore,5,,bahut acha,2026-08-08
playstore,5,,Excellent,2026-08-08
playstore,5,,Only one sentence - Ladder of financial independence progress.,2026-08-08
playstore,5,,Glad I have been introduced to Groww. Very robust tech I have ever come across in past few years.,2026-08-08
playstore,5,,easy to invest in mf and stocks and user friendly UI. best for beginners,2026-08-08
playstore,5,,very good app,2026-08-08
playstore,5,,good,2026-08-08
playstore,5,,best app for investing,2026-08-08
playstore,2,,Please restore the **NIFTY 50 stocks arrangement by Market Cap**. The new order is confusing and less useful for tracking the index. A **Market Cap: High → Low** option would be much better.,2026-08-08
playstore,5,,bahut badhiya Hai Groww app download guys,2026-08-08
playstore,1,,good 👍,2026-08-08
playstore,5,,Good,2026-08-08
playstore,4,,good,2026-08-08
playstore,5,,good,2026-08-08
playstore,5,,excellent,2026-08-08
playstore,5,,nice,2026-08-08
playstore,5,,Excellent,2026-08-08
playstore,5,,very nice platform,2026-08-08
playstore,5,,very nice 👍,2026-08-08
playstore,5,,good,2026-08-08
playstore,5,,good,2026-08-08
playstore,5,,good,2026-08-08
playstore,5,,good,2026-08-08
playstore,5,,nice,2026-08-08
playstore,5,,excellent,2026-08-08
playstore,5,,easy to operate,2026-08-08
playstore,1,,The contacts are being leaked to third party people. have been getting random calls from different people about trading. please look into this issue.,2026-08-08
playstore,4,,response is very good,2026-08-08
playstore,5,,this is really a genuine app very good trading results I have done from here all should have download this,2026-08-08
playstore,5,,thank,2026-08-08
playstore,5,,fair,2026-08-08
playstore,5,,"I have had a great experience with the Groww app. The interface is simple, user-friendly, and easy to navigate. Investing and managing investments is very convenient, and the app provides useful information in a clear way. Overall, I am satisfied with the experience and would recommend Groww to others.",2026-08-08
playstore,5,,nice 👍👍👍👍,2026-08-08
playstore,5,,wow simple clean and fast,2026-08-08
playstore,5,,very good,2026-08-08
playstore,5,,good,2026-08-08
playstore,1,,"facing new problem .1. All stocks In The money options order rejected by groww. Delta 65 from 85 . Others app from placing orders no problem. Like Dhan ,zrodha, Angel one etc . Stocks like Reliance,Airtel,Voltas,Cipla,Bajaj fin,Bluestar,. Liqdity available but rejected order . 2. Withdrawal amount deposit time 1 day . Others app from deposit time 5 secend s from 1 hours only.",2026-08-08
playstore,5,,okay 👍 👌,2026-08-08
playstore,4,,"There should be a review section for mutual funds with categories like 'In-form', 'On-track', and 'Out-of-form'; this would make it easier to understand where to invest, where to stop an SIP, and where to exit.",2026-08-08
playstore,5,,good,2026-08-08
playstore,5,,"I have been a Groww user since my first investment journey. I have seen Groww improve tremendously while maintaining the simplicity it started with. The way it makes stocks, mutual funds, F&O, bonds and IPOs easy to understand is really impressive. It’s great to see this journey getting better with regular improvements, while remaining simple enough even for someone with very little knowledge of the financial market.",2026-08-08
playstore,5,,good 👍,2026-08-08
playstore,4,,very nice service,2026-08-08
playstore,5,,good 😊,2026-08-08
playstore,5,,"Actually this is a phenomenal App. Just like name Groww you can also grow by trading with this App. Good for beginners. Hey Groww team "" Can you just introduce AI in your app"" this will be very helpful for most of us.",2026-08-08
playstore,5,,Best stock market trading.,2026-08-08
playstore,5,,good 👍,2026-08-08
playstore,5,,Good but direct funds to be exposed.,2026-08-08
playstore,5,,excellent,2026-08-08
playstore,5,,helpfull h,2026-08-08
playstore,5,,nice🤩,2026-08-08
playstore,5,,veery good,2026-08-08
playstore,5,,l enjoy the app,2026-08-08
playstore,5,,good 👍,2026-08-08
playstore,5,,Good,2026-08-08
playstore,3,,good app,2026-08-08
playstore,5,,am profitable 🥰,2026-08-08
playstore,5,,excellent work,2026-08-08
playstore,5,,good,2026-08-08
playstore,3,,"please provide a system default theme I mean dark,light And System Default.",2026-08-08
playstore,5,,very nice app,2026-08-08
playstore,5,,"The stability and usability of app is decreasing on each update. Last session I could see some stocks listed twice in All stocks section. And further you are forcing me to use groww pay, by making it default screen that opens when I open your app. Groww today is not something I liked sometime back. Maybe with some more updates, you will force us to switch to other investment platforms.",2026-08-08
playstore,5,,🌺वैरी नीस,2026-08-08
playstore,5,,number 2 app,2026-08-08
playstore,5,,nice and better platform only me,2026-08-08
playstore,5,,Excellent,2026-08-08
playstore,5,,best aap in the world,2026-08-08
playstore,5,,best,2026-08-08
playstore,4,,nice,2026-08-08
playstore,5,,nice work,2026-08-08
playstore,5,,thik thik thak he,2026-08-08
playstore,5,,Excellent,2026-08-08
playstore,5,,good,2026-08-08
playstore,5,,nice,2026-08-08
playstore,5,,best app,2026-08-08
playstore,5,,excellent,2026-08-08
playstore,5,,good aap,2026-08-08
playstore,5,,छान,2026-08-08
playstore,5,,groww thiese is very good,2026-08-08
playstore,5,,❤️‍🔥❤️‍🔥,2026-08-08
playstore,5,,very good,2026-08-08
playstore,5,,ok,2026-08-08
playstore,5,,easy to use,2026-08-08
playstore,5,,excellent 👌👍,2026-08-08
playstore,5,,excellent 👌👌👌,2026-08-08
playstore,3,,"I found the Groww app great to use—I've been using it for about three and a half years—but I've run into a problem with adding funds: I can't add more than ₹20,000 per day.",2026-08-08
playstore,5,,ok,2026-08-08
playstore,5,,superb app and UI is very user friendly,2026-08-08
playstore,5,,best,2026-08-08
playstore,5,,best the app,2026-08-08
playstore,5,,good 👍👍👍👍,2026-08-08
playstore,5,,excellent,2026-08-08
playstore,5,,Good App. for investment with out zero knowledge.,2026-08-08
playstore,5,,My experience tells me that Groww should have been my first MF app. I thank profusely that they have made India's best investment app.,2026-08-08
playstore,3,,very nice🌹👌🤩 app,2026-08-08
playstore,5,,good,2026-08-08
playstore,4,,one of best trading platform i ever use,2026-08-08
playstore,5,,Perfectly fine,2026-08-08
playstore,4,,Groww has added a lot of new feature/s in the application recently. Now add basket order option so I don't have to use different app (like 915).,2026-08-08
playstore,5,,good,2026-08-08
playstore,5,,good,2026-08-08
playstore,5,,good,2026-08-08
playstore,5,,best for money growth,2026-08-08
playstore,5,,Good,2026-08-08
playstore,5,,good 👍,2026-08-08
playstore,5,,Good,2026-08-08
playstore,5,,good,2026-08-08
playstore,1,,just downloaded it it's not even working uninstalling this app right away,2026-08-08
playstore,5,,excellent,2026-08-08
playstore,5,,Easy interface and great investment platform for beginners.,2026-08-08
playstore,5,,very Good,2026-08-08
playstore,5,,Good,2026-08-08
playstore,5,,Very nice App.,2026-08-07
playstore,5,,excellent for treding,2026-08-07
playstore,1,,scam app...they charged 1500 rs more for only brokerage charges for just 3trades...and doesn't mention charges fully on statement they hide,2026-08-07
playstore,1,,pathetic customer service. I exit one trade today at 3:05 PM that trade is showing again in buy order even though not initiated by me seems to be an system error and amount got debited for the same. no reply from support till yet,2026-08-07
playstore,5,,good,2026-08-07
playstore,5,,Simple and easy to navigate yet roboust,2026-08-07
playstore,5,,cool,2026-08-07
playstore,5,,good,2026-08-07
playstore,5,,top app,2026-08-07
playstore,5,,"good app but, opt send",2026-08-07
playstore,5,,very good,2026-08-07
playstore,5,,Great platform,2026-08-07
playstore,4,,nice App,2026-08-07
playstore,2,,not work properly when u needed eagerly n in the middle of trade.,2026-08-07
playstore,5,,superb app,2026-08-07
playstore,3,,"there is no support to EGR, Can u guys add them?",2026-08-07
playstore,3,,"If you set the brokerage at ₹10 per lot, your business will grow even more.",2026-08-07
playstore,5,,nice,2026-08-07
playstore,5,,good,2026-08-07
playstore,5,,very good app,2026-08-07
playstore,5,,The application interface is very intuitive and great. Try increasing font size though. Also can you please make it easier to switch between two demat accounts without having to logout and then entering credentials manually each time if email account is other than gmail ?,2026-08-07
playstore,5,,VIP app. ✨☀☀☀☀☀,2026-08-07
playstore,5,,best trading platform in india,2026-08-07
playstore,5,,easy to use . and investing,2026-08-07
playstore,5,,good,2026-08-07
playstore,5,,good,2026-08-07
playstore,5,,Nice,2026-08-07
playstore,4,,very good app,2026-08-07
playstore,5,,good app,2026-08-07
playstore,5,,good,2026-08-07
playstore,4,,Excellent 👌,2026-08-07
playstore,5,,excellent experience,2026-08-07
playstore,5,,bad app plz do not download,2026-08-07
playstore,5,,very good,2026-08-07
playstore,5,,good,2026-08-07
playstore,5,,good,2026-08-07
playstore,5,,easy process always like,2026-08-07
playstore,5,,♥️♥️😍,2026-08-07
playstore,5,,very good,2026-08-07
playstore,5,,good,2026-08-07
playstore,5,,Good treding app,2026-08-07
playstore,5,,nice,2026-08-07
playstore,5,,I don't understand the Market,2026-08-07
playstore,5,,excellent,2026-08-07
playstore,5,,bahut badhiya hai,2026-08-07
playstore,1,,my relatives not getting dividend since last year after eligibility. she contacted but not resolved by them,2026-08-07
playstore,5,,i am learning on it and its very nice very easy. and much profitable.,2026-08-07
playstore,5,,Very informative.,2026-08-07
playstore,1,,no very dad option,2026-08-07
playstore,3,,Good,2026-08-07
playstore,4,,Good,2026-08-07
playstore,5,,Nice,2026-08-07
playstore,5,,very nice,2026-08-07
playstore,5,,good experience,2026-08-07
playstore,1,,It may be the best app but they are so hungry for money that it will cost 50rs to change ur email address 😂 Pathetic!!! No way they convinced me to uninstall the app,2026-08-07
playstore,5,,good 😊👍🏻,2026-08-07
playstore,1,,Upi request already approved but status not updated in App poor service app lot's of bug,2026-08-07
playstore,1,,No proper service and no accountability with team.,2026-08-07
playstore,5,,good job,2026-08-07
playstore,5,,awesome 👍,2026-08-07
playstore,2,,Isme bond ka monthly payout correct ni show karta hai,2026-08-07
playstore,5,,nice,2026-08-07
playstore,5,,nice app advance tec. app,2026-08-07
playstore,5,,good 👍,2026-08-07
playstore,5,,good 👍,2026-08-07
playstore,5,,nice,2026-08-07
playstore,1,,when you buy a share it is buying of your selected rate. but when you want to sell your it is sold less than your selected rate.due to this and also added brokarage+ tax+GST+external charge you never earn money as you expect.,2026-08-07
playstore,4,,nice,2026-08-07
playstore,5,,Excellent,2026-08-07
playstore,5,,best trading app in india,2026-08-07
playstore,5,,good,2026-08-07
playstore,5,,very good,2026-08-07
playstore,1,,grow application very froudly company know investing any customer your investment money always lossing grow platform,2026-08-07
playstore,5,,verry good plat form,2026-08-07
playstore,5,,SEBI AUR BANDAR KI KAHAWAT AB SATIK BAITH RAHI HAI BARBAD KAR DIYA MARKET KO IN LOGO NE...,2026-08-07
playstore,5,,tq groww,2026-08-07
playstore,5,,good,2026-08-07
playstore,5,,best trading apps,2026-08-07
playstore,5,,good services,2026-08-07
playstore,5,,good,2026-08-07
playstore,1,,"The stop-loss gets triggered unpredictably. Sometimes it hits even before the price reaches the stop-loss level, and other times it triggers only after the price has moved well beyond the stop-loss. In both cases, traders end up facing unnecessary losses. This is a very poor application. I would request everyone not to use it.",2026-08-07
playstore,5,,best app for traders,2026-08-07
playstore,5,,nice,2026-08-07
playstore,5,,osm nyc,2026-08-07
playstore,5,,Nice and simple one for beginners,2026-08-07
playstore,5,,good,2026-08-07
playstore,5,,excellent 👌 easy to use ty so much 🙏 groww,2026-08-07
playstore,5,,Easy to use,2026-08-07
playstore,5,,super se door kadam upar.,2026-08-07
playstore,5,,good,2026-08-07
playstore,5,,good,2026-08-07
playstore,5,,Yes Sarji Great Bro namaste Thanks 🙏,2026-08-07
playstore,5,,good 👍🏻,2026-08-07
playstore,5,,I'm using last 10 years ...simply understand and operating,2026-08-07
playstore,5,,so simple that any rookie can start investing,2026-08-07
playstore,5,,Withdrawal problem,2026-08-07
playstore,5,,very good,2026-08-07
playstore,5,,😍,2026-08-07
playstore,5,,bast trading app,2026-08-07
playstore,5,,accha,2026-08-07
playstore,5,,good 👍,2026-08-07
playstore,5,,IPO allotment,2026-08-07
playstore,5,,beautiful,2026-08-07
playstore,5,,great app for future go for it 😁👍🏻,2026-08-07
playstore,5,,good performance,2026-08-07
playstore,5,,good,2026-08-07
playstore,5,,good 👍,2026-08-07
playstore,5,,good 😊,2026-08-07
playstore,1,,why percentage change is not showing in stock,2026-08-07
playstore,3,,Very good,2026-08-07
playstore,5,,nice app,2026-08-07
playstore,5,,good,2026-08-07
playstore,1,,"Outdated Data Alert!Wrong Dividend Yield DisplayedGroww is showing backdated & misleading financial data post corporate actions. For example, Angel One underwent a 10:1 stock split, making its actual dividend yield ~1.38%. But Groww still shows a wrong yield of 8%!Such unadjusted, old data can lead to wrong financial decisions for retail investors. Other apps update data instantly. Groww team, fix your backend data sync immediately! Retailers, please double-check data on NSE/BSE before investing",2026-08-07
playstore,4,,user friendly,2026-08-07
playstore,5,,very good awasome,2026-08-07
playstore,1,,very bad experience for a user because they suddenly decrease the mtf margin as per their wish without intimation to traders more charges for mtf and even long term trades as well very disappointing...,2026-08-07
playstore,5,,very easy to use,2026-08-07
playstore,5,,Outstanding application,2026-08-07
playstore,5,,good,2026-08-07
playstore,1,,sbse ghtiya platform h groww bycott,2026-08-07
playstore,5,,👍🙂,2026-08-07
playstore,1,,ok,2026-08-07
playstore,2,,After a new update ! the first candle shows opposite colour of the direction! on every timeframe which is confusing the direction and trade plans . planning to switch trading app !,2026-08-07
playstore,2,,"this is totally bug now evertime i open it started hang i,m am facing bad experience now please fix your techinal issues",2026-08-07
playstore,5,,nice,2026-08-07
playstore,5,,very good app,2026-08-07
playstore,5,,good,2026-08-07
playstore,5,,nyc withdra,2026-08-07
playstore,5,,best,2026-08-07
playstore,5,,nice app,2026-08-07
playstore,5,,good aap,2026-08-07
playstore,5,,good app,2026-08-07
playstore,2,,pls increase font size in app,2026-08-07
playstore,5,,"Superb and so easy access with best Guidance, best suggestions, best indications 👍👍👍",2026-08-07
playstore,5,,very good,2026-08-07
playstore,5,,good,2026-08-07
playstore,5,,good,2026-08-07
playstore,5,,great app sb kch bahoot easy h.....,2026-08-07
playstore,5,,good,2026-08-07
playstore,4,,groww best app hai,2026-08-07
playstore,5,,ok,2026-08-07
playstore,1,,"app doesn't stay active in the background even after giving unrestricted battery usage , always goes to lock screen after latest updates... problem for options traders",2026-08-07
playstore,5,,good,2026-08-07
playstore,5,,good 👍 app share market invests by the day,2026-08-07
playstore,5,,good,2026-08-07
playstore,4,,Best and Easiest App for entire investment portfolio.,2026-08-07
playstore,5,,I'm using past one year Groww is really great application compares with others stock application,2026-08-07
playstore,5,,user friendly and quick response.,2026-08-07
playstore,4,,is good,2026-08-07
playstore,5,,Easy to use app.,2026-08-07
playstore,5,,good,2026-08-07
playstore,5,,very nice 👌 👍 👏 😀,2026-08-07
playstore,1,,Subah morning trading time per bahut slow chalta hai trade Lene Ki Koshish karta hun hu.trade nhi le Pata open hi nahin Hota open Hote Hote trade nikal jata hai 😓😓😬,2026-08-07
playstore,5,,excellent,2026-08-07
playstore,5,,good,2026-08-07
playstore,4,,best,2026-08-07
playstore,2,,very slow service we are open option chain till price is over,2026-08-07
playstore,5,,good 👍,2026-08-07
playstore,5,,good,2026-08-07
playstore,1,,Your app not responding made me lose money.,2026-08-07
playstore,1,,fantastic broker,2026-08-07
playstore,5,,phenomenal product,2026-08-07
playstore,5,,best for stocks and fno,2026-08-07
playstore,5,,super 👍,2026-08-07
playstore,5,,super all,2026-08-07
playstore,5,,Very simple and smooth use.,2026-08-07
playstore,5,,sure,2026-08-07
playstore,5,,good,2026-08-07
playstore,5,,super,2026-08-07
playstore,1,,All apps have low charges but Groww More Charges You also charge less Please,2026-08-07
playstore,5,,good user friendly app👍👍,2026-08-07
playstore,5,,best,2026-08-07
playstore,1,,"Bond Name: Akara Capital Advisors Private Limited (Jan'27) Investment Date: 08 May 2026 Invested Amount: ₹6,100.03 (1 Unit) According to my payout schedule, the total returns (Principal + Interest) I will receive amount to only ₹3,967.08, whereas my invested amount was ₹6,100.03. This shows a massive shortfall/loss, and I was not clearly informed about this secondary market pricing structure at the time of purchase. Please review this transaction, explain the reason behind this heavy variance, a",2026-08-07
playstore,5,,good,2026-08-07
playstore,5,,"all ok, also I need it on my laptop but there's a privacy problem",2026-08-07
playstore,5,,v good,2026-08-07
playstore,5,,perfect app for the bigner 👍🏼,2026-08-07
playstore,5,,very easy to navigate app and seen that many news things is coming just like heatmap that's awesome. I am looking for more improvement on it.,2026-08-07
playstore,5,,Excellent app for mutual fund.,2026-08-07
playstore,5,,good 👍,2026-08-07
playstore,5,,very good app .. i like it,2026-08-07
playstore,2,,bahut paise faltu lete hain sab,2026-08-07
playstore,5,,super 👌,2026-08-07
playstore,3,,good,2026-08-07
playstore,5,,good,2026-08-07
playstore,5,,choice is urs it's help purley to survive future no stress💝,2026-08-07
playstore,1,,groww app delete kardo me ne 5 yash us kiya he lekin thik nahi he,2026-08-07
playstore,1,,why it's asking 50rs. for mail account update,2026-08-07
playstore,5,,fantastic 😍,2026-08-07
playstore,5,,bahut destrol badhiya hai,2026-08-07
playstore,1,,bad,2026-08-07
playstore,5,,"Best and simplest app for investment! The user interface is very clean and easy to understand. There is no complicated financial language, which makes it perfect for common people. Anyone can start investing in Mutual Funds or Stocks without any confusion. Highly recommended",2026-08-07
playstore,5,,good,2026-08-06
playstore,5,,very good,2026-08-06
playstore,5,,good,2026-08-06
playstore,5,,Excellent App,2026-08-06
playstore,5,,best platform for investment,2026-08-06
playstore,5,,nice app,2026-08-06
playstore,5,,Best app for investors,2026-08-06
playstore,5,,super,2026-08-06
playstore,5,,good app,2026-08-06
playstore,5,,Nice !,2026-08-06
playstore,5,,good 👍,2026-08-06
playstore,5,,best investment app,2026-08-06
playstore,5,,nice,2026-08-06
playstore,5,,very good 👍😊,2026-08-06
playstore,5,,nice app,2026-08-06
playstore,5,,good,2026-08-06
playstore,5,,👍,2026-08-06
playstore,5,,ok,2026-08-06
playstore,1,,not tracking SIF,2026-08-06
playstore,5,,great app,2026-08-06
playstore,5,,better,2026-08-06
playstore,5,,SuPER,2026-08-06
playstore,5,,Good,2026-08-06
playstore,4,,ok,2026-08-06
playstore,5,,bad,2026-08-06
playstore,5,,exilent,2026-08-06
playstore,5,,good,2026-08-06
playstore,5,,joy,2026-08-06
playstore,1,,rubbish app,2026-08-06
playstore,5,,best,2026-08-06
playstore,5,,very good app,2026-08-06
playstore,5,,super,2026-08-06
playstore,5,,good app,2026-08-06
playstore,5,,good,2026-08-06
playstore,5,,Thank you,2026-08-06
playstore,5,,okay,2026-08-06
playstore,5,,bast aap,2026-08-06
playstore,5,,Not 🚫,2026-08-06
playstore,5,,nice 👍,2026-08-06
playstore,5,,good,2026-08-06
playstore,5,,good very good,2026-08-06
playstore,5,,☺️ exident,2026-08-06
playstore,5,,simple and faster with good features,2026-08-06
playstore,1,,bad,2026-08-06
playstore,1,,slow,2026-08-06
playstore,5,,wow awesome app,2026-08-06
playstore,5,,super eazy to use,2026-08-06
playstore,5,,V.Good aap,2026-08-06
playstore,1,,bad experience with customer service no response poor service,2026-08-06
playstore,5,,Just perfect!,2026-08-06
playstore,1,,not transparent . hidden charges are there.,2026-08-06
playstore,4,,good,2026-08-06
playstore,5,,superb app for SHARE BAZAR,2026-08-06
playstore,3,,experience is Average! not very much good. App is user friendly! but Good bye for now just because of New rule CAS 03.08.2026. totally worthless for the retailer like me. thanks to sebi and I quit indian market and going to uninstall GROWW. thanks,2026-08-06
playstore,5,,Good,2026-08-06
playstore,5,,excellent 👌🏻,2026-08-06
playstore,4,,easy &good investment platform,2026-08-06
playstore,5,,NICE APP VERY GOOD DOWNLOAD ANY ANY PEOPLE,2026-08-06
playstore,5,,all the best 👍,2026-08-06
playstore,5,,good groww app,2026-08-06
playstore,5,,Star,2026-08-06
playstore,5,,I want an old update one.. this new update not good,2026-08-06
playstore,1,,"too bad 👎 customer care not conect, and too much charges, false charges add ,",2026-08-06
playstore,5,,good app 👍,2026-08-06
playstore,5,,it is best for beginners believe me it has a better ui and clean setup,2026-08-06
playstore,5,,It is a very good platform for investing.,2026-08-06
playstore,1,,"very disappointed! Platform and internal changes is too high. Always deduct balance every time you buy or sell, even after a minute... 😡😡😡😡",2026-08-06
playstore,4,,good investment app,2026-08-06
playstore,5,,best,2026-08-06
playstore,5,,good,2026-08-06
playstore,4,,good work my loss iss very 👍,2026-08-06
playstore,5,,very nice apps,2026-08-06
playstore,1,,order not place rs520 mv stock today,2026-08-06
playstore,5,,good app,2026-08-06
playstore,4,,very fast aap,2026-08-06
playstore,5,,best 👌,2026-08-06
playstore,5,,very much & very nice 👍,2026-08-06
playstore,4,,good,2026-08-06
playstore,4,,Nice,2026-08-06
playstore,5,,ok,2026-08-06
playstore,5,,"Some SIPs for the month of Aug have been failed, rest one of the best app.",2026-08-06
playstore,5,,very nice 👍,2026-08-06
playstore,5,,good,2026-08-06
playstore,5,,best,2026-08-06
playstore,5,,very good,2026-08-06
playstore,5,,good,2026-08-06
playstore,5,,"Charges are high, but it's a good app.",2026-08-06
playstore,5,,It's best way for investment,2026-08-06
playstore,1,,no costumer support I have called more than 10 times but no reply from their side 😞😞,2026-08-06
playstore,5,,"Great app for investing and all about market news. Daily mover or losers stocks and other. Excellent for investing, Market news. They give Daily bases E-mails for news stocks. That's great 😃. Very Very usefull and smooth. Thanks Groww giving this type of masterpiece App♥️.",2026-08-06
playstore,5,,very easy best app any trading,2026-08-06
playstore,1,,they are say less brokerage charge more very bad experience and also when you sell your stock at market they your stock at less price . it's much better I give year subscription fees to zerodha. they atlest to not charge unnecessary. I donot know what kind of external charges and tax they are taking,2026-08-06
playstore,5,,good,2026-08-06
playstore,1,,"The Groww app lacks easy interface features for those bidding for OFS shares. There is no way you can find out your allotment status. The FAQs are useless. Though there are other good features, this is a major drawback. The order history and chatbot are also clueless in this regard, though customer care confirm successful OFS bidding. Complete waste of time.",2026-08-06
playstore,5,,👍,2026-08-06
playstore,1,,my information is shared without my consent to open market i am getting random calls from 3rd party brokers platforms. I never gave any consent to share me information. The day i opened groww app i get calls from open market. please check on this.,2026-08-06
playstore,5,,awasome,2026-08-06
playstore,5,,good,2026-08-06
playstore,5,,good,2026-08-06
playstore,5,,thanks for making my work easY,2026-08-06
playstore,5,,good,2026-08-06
playstore,5,,best application for investing stocks and mutual fund,2026-08-06
playstore,5,,ok,2026-08-06
playstore,5,,good,2026-08-06
playstore,5,,great platform..!,2026-08-06
playstore,5,,good 👍,2026-08-06
playstore,3,,after updating lots of anomaly. when we buy option it does not appear in position directly. limit order buy and target gets failed or execute at different level,2026-08-06
playstore,5,,nice,2026-08-06
playstore,4,,thabks,2026-08-06
playstore,5,,nice 👍 experience,2026-08-06
playstore,4,,nice,2026-08-06
playstore,5,,good,2026-08-06
playstore,1,,bad app .. fraud app dont download app.. 1 tap exit me seedha 10 point kams meyexit krte h..chart me.manupulate karte hae.. they will automatically reduce your buying price and make huge loss in next day.. I don't know how they did it with retailers... I have facing many losses due to app glitch issue.. they don't give me any refund.. so I deleted this app... worst experience.. they vanish my 1 lakh rupees although I have screenshot of my payment but they didn't gave me refund..,2026-08-06
playstore,4,,charge High,2026-08-06
playstore,5,,👍,2026-08-06
playstore,5,,"Groww App* 📈💰 India-র সবচেয়ে Popular Investment App গুলোর মধ্যে একটা। *1. Groww App এ কি কি করা যায়?* *Main Features:* - *Stocks*: Zero brokerage তে Delivery Trading - *Mutual Funds*: Direct Mutual Fund - 0% Commission - *US Stocks*: Apple, Tesla, Google এর শেয়ার কিনতে পারবেন - *IPO*: নতুন IPO তে Apply করা - *Gold, FD, F&O*: Digital Gold আর Fixed Deposit ও আছে",2026-08-06
playstore,5,,Best treding app,2026-08-06
playstore,3,,order process is too much delay that's why i rated 3 star,2026-08-06
playstore,5,,good,2026-08-06
playstore,5,,good,2026-08-06
playstore,5,,it is an excellent app for trade,2026-08-06
playstore,5,,nice,2026-08-06
playstore,5,,fantastic,2026-08-06
playstore,5,,Nice 👍,2026-08-06
playstore,1,,Bahut charge cut karta hai .chor company hai itna charge leta hai.abe groww company tera jyada ghamand ho gya kya kai company scalping ke liye suvidha de rha hai application me or tera koi suvidha nhi hai website pe .trade karte hai to screen par dhan jaisa p/L dikhta nhi na target set hota hai.2 salo se me tera application use kar rha hn ab lagta hai chorna padega .,2026-08-06
playstore,5,,nice,2026-08-06
playstore,5,,best app,2026-08-06
playstore,5,,outstanding,2026-08-06
playstore,5,,Best In User Friendly Interface,2026-08-06
playstore,1,,import of external funds not working properly. it's pop-up to mfcentral and sends an OTP option then no otp will be received at the registered mobile. kindly look into issue,2026-08-06
playstore,5,,very good,2026-08-06
playstore,5,,the best app,2026-08-06
playstore,5,,GOOD,2026-08-06
playstore,5,,Best trading platform,2026-08-06
playstore,5,,good,2026-08-06
playstore,5,,best flatform all stock market,2026-08-06
playstore,5,,very nice,2026-08-06
playstore,5,,nice,2026-08-06
playstore,1,,LIC OFS shares did not get credited even though applied before 2 pm and account had that much money,2026-08-06
playstore,5,,nice,2026-08-06
playstore,5,,very nice,2026-08-06
playstore,5,,good 👍,2026-08-06
playstore,5,,Financially nice app,2026-08-06
playstore,5,,"Nice App, speed is much better than other trading apps 👍",2026-08-06
playstore,5,,very good,2026-08-06
playstore,5,,great 👍,2026-08-06
playstore,5,,Good,2026-08-06
playstore,5,,nic,2026-08-06
playstore,5,,very fantastic,2026-08-06
playstore,4,,Plz compare yourself with zerodha. Zerodha doesn't charge On equity. And your charges are slightly high.,2026-08-06
playstore,1,,I would say the worst broker for trading🤢,2026-08-06
playstore,5,,nice 👍👍👍,2026-08-06
playstore,4,,best dashboard,2026-08-06
playstore,5,,nice platform,2026-08-06
playstore,1,,app install but now able to continue always scrolling,2026-08-06
playstore,5,,good experience,2026-08-06
playstore,5,,very good,2026-08-06
playstore,5,,best,2026-08-06
playstore,1,,Withdrawal unsuccessful trying to get connect with an expert since last 24 hours no any response received from groww worst service ever i just want my money back as early as possible then i am going to uninstall this app,2026-08-06
playstore,5,,best combo demat plateform. Using Groww since 2018. but slight improvement is required in indicators,2026-08-06
playstore,4,,good,2026-08-06
playstore,5,,Good App,2026-08-06
playstore,3,,onething question why u guys doing like this every new vision update will be come most then taking the storage MB pls make sure stop taking like this it's request not order pls understand 🙏,2026-08-06
playstore,5,,nice,2026-08-06
playstore,5,,GOOD 👍,2026-08-06
playstore,5,,good and simple app,2026-08-06
playstore,4,,good,2026-08-06
playstore,5,,good,2026-08-06
playstore,5,,good job,2026-08-06
playstore,1,,three update every week what the hell,2026-08-06
playstore,1,,too much of updates,2026-08-06
playstore,5,,nice,2026-08-06
playstore,4,,all is ok 👌 but trading 📈 isn't easy,2026-08-06
playstore,5,,good,2026-08-06
playstore,5,,good app,2026-08-06
playstore,5,,super,2026-08-06
playstore,5,,good,2026-08-06
playstore,3,,"When i updated the app to version 18.14.1, the most important feature of Scalper Mode disappered and i am not able to do scalping from the new version now. What type of update is this ?? Please make the ""Scalper Mode"" available again",2026-08-06
playstore,5,,best and easy operating all step,2026-08-06
playstore,4,,👍,2026-08-06
playstore,2,,very nice,2026-08-06
playstore,5,,👍,2026-08-06
playstore,5,,thik hai,2026-08-06
playstore,5,,best trading app,2026-08-06
playstore,5,,verry good working,2026-08-06
playstore,5,,very simple,2026-08-06
playstore,1,,Myr app,2026-08-06
playstore,5,,"🚩जय महाराष्ट्र! 🚩 गुंतवणुकीचा प्रवास सोपा करणारे एक उत्कृष्ट ऍप्लिकेशन स्वच्छ इंटरफेस,जलद सेवा आणि छान अनुभव. संपूर्ण Groww टीमचे अभिनंदन आणि शुभेच्छा! 🚩जय जिजाऊ जय शिवराय जय शंभुराजे जय भगवान 🚩",2026-08-06
playstore,1,,DAY 25.worst app doesn't have proper solution despite email for grievance on pledge holding.never ever pledge your Holding in groww. your grievance and support team is full useless.NO COMPENSATION BEING GIVEN ONLY DELAY CHARGES WAVING OFFERED,2026-08-06
playstore,5,,"The best user-friendly application, ever made.",2026-08-06
playstore,5,,thik hai all the best,2026-08-06
playstore,5,,Easy to use,2026-08-06
playstore,5,,good,2026-08-06
playstore,5,,nice 👍,2026-08-06
playstore,5,,good application,2026-08-06
playstore,4,,nice 👍,2026-08-06
playstore,5,,better application 👍,2026-08-05
playstore,1,,bad vry,2026-08-05
playstore,4,,good,2026-08-05
playstore,5,,best,2026-08-05
playstore,5,,Excellent 👌,2026-08-05
playstore,5,,good,2026-08-05
playstore,5,,ok,2026-08-05
playstore,1,,"Aware Hidden charges, very high commission. in a equity trading 10-20rs for each buying. if you are planning to invest daily you will be charged 7000INR annually for single stock. but I have been using this app since 2022 but now I am realising. i never use this app again.",2026-08-05
playstore,5,,very nice and good service,2026-08-05
playstore,5,,Excellent app! Very easy to use with a clean interface Investing is simple and smooth The only improvement I would suggest is making the app a bit faster especially while loading the portfolio Overall a fantastic experience Highly recommended! ⭐⭐⭐⭐⭐,2026-08-05
playstore,5,,great experience using the smooth ui ux,2026-08-05
playstore,5,,very fast very nice app,2026-08-05
playstore,5,,Nice experience in groww app,2026-08-05
playstore,5,,Best Investment,2026-08-05
playstore,5,,good 👍👍,2026-08-05
playstore,5,,very easy to use,2026-08-05
playstore,5,,good,2026-08-05
playstore,1,,I don't like it,2026-08-05
playstore,5,,accha,2026-08-05
playstore,5,,good,2026-08-05
playstore,5,,excellent,2026-08-05
playstore,5,,okok,2026-08-05
playstore,5,,after update and connecting to my pc. i can't find scalper mode in my phone app. please solve this or i permanently close my demat account from groww,2026-08-05
playstore,5,,ok,2026-08-05
playstore,1,,Groww is becoming the worst day by day. My hdfc dividend did not come in the bank and my bond payment did not come. The support team is not always answering. I've been using groww for a long time but now it's performing worst day by day and increasing its charges. Zerodha is better option,2026-08-05
playstore,3,,beter,2026-08-05
playstore,1,,bekar h,2026-08-05
playstore,1,,Not new indicator not templet for indicator save not brokrej scheme for scalper bad stop loss system over all groww not for option trading👎😡,2026-08-05
playstore,1,,brokareg charges very toomuch iam earn 800rupes brokareg charges 470 rupes,2026-08-05
playstore,5,,good,2026-08-05
playstore,5,,good,2026-08-05
playstore,5,,good,2026-08-05
playstore,5,,ok ok,2026-08-05
playstore,5,,"after update groww , i am unable to find one tap scalper mode",2026-08-05
playstore,1,,groww minimum dilevery buying selling charge every in 100 rupees very high charges produced.,2026-08-05
playstore,5,,very good 👏👏,2026-08-05
playstore,5,,good application,2026-08-05
playstore,4,,good,2026-08-05
playstore,5,,wonderfull knowledge,2026-08-05
playstore,5,,fast working,2026-08-05
playstore,5,,Good,2026-08-05
playstore,4,,Okey,2026-08-05
playstore,4,,userinterface is really v.very nice any chance understand easily especially Biggers but charges are very costly,2026-08-05
playstore,4,,Agar life mei aur jyada groww karna hai to apne mobile app pe ofs bidding ka feature add Karo Add Karo ; Groww karo ; life mei Groww karo 😉😊😊,2026-08-05
playstore,4,,good,2026-08-05
playstore,5,,excellent,2026-08-05
playstore,1,,"You People Are Leaking Our Data, Many Companies Calling Me And Telling Me That They Will Give Me Advise To Trading... 4-5 Calls A Day...",2026-08-05
playstore,5,,good 👍,2026-08-05
playstore,3,,"In the ""Compare funds"" section, can you also add overlap info",2026-08-05
playstore,4,,fabulous,2026-08-05
playstore,5,,masa Allah,2026-08-05
playstore,5,,good,2026-08-05
playstore,5,,excellent,2026-08-05
playstore,5,,nice app,2026-08-05
playstore,5,,groww is good,2026-08-05
playstore,1,,this app is literally fake app I was deposited 500 rupees and now I want to withdraw but my withdrawal money showing zero,2026-08-05
playstore,1,,Other brokers allow OFS applications until 3:25–3:30 PM but Groww's cutoff is only 2:00 PM. This is too early and can make investors miss the OFS opportunity while the actual market window is still open. Groww should extend the OFS cutoff to match the official bidding time.,2026-08-05
playstore,5,,good,2026-08-05
playstore,5,,very nice app,2026-08-05
playstore,5,,Good,2026-08-05
playstore,5,,good,2026-08-05
playstore,4,,nice,2026-08-05
playstore,3,,"Dear Groww kindly add VWAP on chart, as other brokers provide VWAP directly over chart. it will help to improve our trading experience.",2026-08-05
playstore,5,,ye app Paisa ka kuwa hai jitna sako utna le lo,2026-08-05
playstore,5,,good,2026-08-05
playstore,5,,good app thanks,2026-08-05
playstore,5,,"very smooth experience, very easy to understand",2026-08-05
playstore,5,,good,2026-08-05
playstore,5,,good👍,2026-08-05
playstore,5,,Growing with Groww,2026-08-05
playstore,5,,very nice 👍,2026-08-05
playstore,5,,so helpful,2026-08-05
playstore,5,,good,2026-08-05
playstore,5,,nice 👍,2026-08-05
playstore,5,,wonder,2026-08-05
playstore,5,,mastt,2026-08-05
playstore,5,,good,2026-08-05
playstore,5,,ok,2026-08-05
playstore,5,,good experience,2026-08-05
playstore,5,,then better but my f&o segment on nhi ho pa rha bank account bhi select nhi ho rha,2026-08-05
playstore,5,,"Excellent tool. To add, for a first time investor in the stock market this tool is very simple to understand, gives a lot of metrics to make decisions as well as post purchase real time tracking is definitely well designed. Hope to see an expansion to purchasing more into the international market, and not having to sign up for other tools outside GROWW. this should be a one stop shop for all markets.",2026-08-05
playstore,5,,ok,2026-08-05
playstore,5,,excellent 👌,2026-08-05
playstore,5,,great,2026-08-05
playstore,5,,super,2026-08-05
playstore,5,,good 😊,2026-08-05
playstore,5,,nice,2026-08-05
playstore,5,,good app,2026-08-05
playstore,5,,very good,2026-08-05
playstore,5,,very Good 👍,2026-08-05
playstore,3,,good,2026-08-05
playstore,5,,nice,2026-08-05
playstore,5,,nice application,2026-08-05
playstore,4,,Event is not modified with OFS. link for OFS is not available in groww app.,2026-08-05
playstore,5,,Nice,2026-08-05
playstore,4,,Good,2026-08-05
playstore,5,,👍👍👍,2026-08-05
playstore,5,,the Best app for f&0,2026-08-05
playstore,5,,It's Awesome 😎,2026-08-05
playstore,3,,I'm not interested with new update i think this is unnecessary chart on f&o section,2026-08-05
playstore,1,,my trading screen is not showing live graph of stocks. very difficult to trade,2026-08-05
playstore,5,,good,2026-08-05
playstore,5,,good,2026-08-05
playstore,5,,Good Aapp,2026-08-05
playstore,5,,good application for me,2026-08-05
playstore,5,,brokerage is high so lot of my friends are using zerodha app,2026-08-05
playstore,5,,jordar he,2026-08-05
playstore,5,,good,2026-08-05
playstore,3,,ok good super,2026-08-05
playstore,5,,this too much very very happy this app using in my life it level,2026-08-05
playstore,1,,"for more than five days, it shows that my account is still under process and I'm unable to buy anything",2026-08-05
playstore,5,,Guru ek behtarin platform Hai iske Siva Koi aur Sahi nahin,2026-08-05
playstore,4,,"My Groww account is F&O enabled and I have previously used the old Scalper Mode. I'm on app version 18.14.1 (Android 16), but the Scalper Mode is no longer visible in the F&O Explore tab. Please confirm whether it has been disabled for my account or removed permanently?",2026-08-05
playstore,1,,"When selling stocks, a network issue appears even after entering the OTP, and the shares do not get sold.",2026-08-05
playstore,5,,Too good to used..support team also very good,2026-08-05
playstore,5,,Good app,2026-08-05
playstore,1,,good,2026-08-05
playstore,2,,Best app with the third class website in the market. worst website in the segment for trading and analysis.,2026-08-05
playstore,5,,excellent experience,2026-08-05
playstore,5,,very nice app,2026-08-05
playstore,5,,Very Fast Withdrawal,2026-08-05
playstore,5,,super,2026-08-05
playstore,5,,amazing 🤩,2026-08-05
playstore,5,,good,2026-08-05
playstore,5,,good,2026-08-05
playstore,5,,Nice,2026-08-05
playstore,5,,hey it's a 10/10 platform for trading and more but I'm facing withdrawal problem I just wanted to withdraw money and add more capital so I hope it will be solved soon dear groww 🫶🏻,2026-08-05
playstore,5,,nice,2026-08-05
playstore,5,,नए निवेशक के लिए चलाने में अत्यधिक सुगम एवं सरल है,2026-08-05
playstore,3,,good,2026-08-05
playstore,5,,very good,2026-08-05
playstore,5,,Good 👍,2026-08-05
playstore,5,,👍👍,2026-08-05
playstore,5,,good,2026-08-05
playstore,5,,good,2026-08-05
playstore,5,,good,2026-08-05
playstore,5,,mast hai ji,2026-08-05
playstore,5,,best ट्रेडिंग app,2026-08-05
playstore,5,,good app,2026-08-05
playstore,5,,great,2026-08-05
playstore,5,,it's the best platform i have used to invest in stock. better user friendly dashboard and easy interface to understand the things.,2026-08-05
playstore,5,,very nice 👍,2026-08-05
playstore,5,,excellent,2026-08-05
playstore,5,,good,2026-08-05
playstore,2,,"No OI details are showing under Nifty50 but it's present under Sensex. Users need PE RATIO details, Please fix this ASAP.",2026-08-05
playstore,5,,Thank You Groww Team.😍,2026-08-05
playstore,5,,nice app,2026-08-05
playstore,5,,good,2026-08-05
playstore,5,,easy for use,2026-08-05
playstore,5,,good one,2026-08-05
playstore,5,,excellent service,2026-08-05
playstore,5,,good,2026-08-05
playstore,5,,trust,2026-08-05
playstore,5,,very nice,2026-08-05
playstore,5,,Very Easy,2026-08-05
playstore,5,,good 😊,2026-08-05
playstore,5,,good growth,2026-08-05
playstore,1,,this Broker giving false advertising iam going to consumer court against them 😡,2026-08-05
playstore,5,,excellent,2026-08-05
playstore,5,,good,2026-08-05
playstore,5,,👌,2026-08-05
playstore,5,,Groww is more Grow,2026-08-05
playstore,5,,very easy and friendly user Application....,2026-08-05
playstore,5,,thank you ok,2026-08-05
playstore,5,,"im ues long times this app ,it's good 👍",2026-08-05
playstore,5,,Nice 👍,2026-08-05
playstore,2,,"groww is scamming company, they are looting your money, brokerage, charges high, hiddenly stealing balance be careful",2026-08-05
playstore,1,,"There is a problem with the app, upi is not working. When I click on upi, it says ""UPI is not available on your device To continue securely, disconnect the USB connection to proceed."" even though there is no usb connected. Restart, reinstall, clear data & checked developer options",2026-08-05
playstore,5,,Best platform,2026-08-05
playstore,5,,good,2026-08-05
playstore,1,,illegal updates and fraud app...koi download mat Karo barbad ho jaoge.,2026-08-05
playstore,5,,bahut achchha plat form hai..,2026-08-05
playstore,5,,Very Recommended app,2026-08-05
playstore,5,,💎,2026-08-05
playstore,4,,u.s ke stocks ke ly kab laa rahe ho apna bhai america mai investment karne k ly grow chy btao,2026-08-05
playstore,5,,Best platform 👍,2026-08-05
playstore,5,,bohut acha app hai,2026-08-05
playstore,5,,very nice app,2026-08-05
playstore,3,,"I have been using the Groww app for four years, and it is very user-friendly; however, I have been facing some issues recently. The app isn't displaying the full charts—for instance, the monthly chart for Nifty only shows data up to 2022, and the 15-minute or 5-minute timeframe charts only show data up to January 2026 . additionally I am unable to use any indicator on the Nifty chart and the volume data isn't showing up either.Please fix this, Groww.",2026-08-05
playstore,5,,Really good app with less charges,2026-08-05
playstore,5,,good and easy,2026-08-05
playstore,5,,good 😊⭐⭐⭐⭐,2026-08-05
playstore,5,,good funds,2026-08-04
playstore,5,,great use,2026-08-04
playstore,5,,super 👍,2026-08-04
playstore,5,,Best App,2026-08-04
playstore,5,,great 😃,2026-08-04
playstore,5,,excellent,2026-08-04
playstore,5,,best experience,2026-08-04
playstore,5,,good and easy to use,2026-08-04
playstore,5,,very good,2026-08-04
playstore,3,,ok,2026-08-04
playstore,5,,good app,2026-08-04
playstore,4,,good,2026-08-04
playstore,5,,nice,2026-08-04
playstore,4,,good,2026-08-04
playstore,5,,weary good,2026-08-04
playstore,5,,"Quick funding solution,,",2026-08-04
playstore,5,,if grow take Rs-10/exit order then this full cmpleted app for stock app must be faster runing time,2026-08-04
playstore,5,,best,2026-08-04
playstore,5,,mast,2026-08-04
playstore,4,,to good,2026-08-04
playstore,5,,very good,2026-08-04
playstore,5,,Best apps,2026-08-04
playstore,5,,good,2026-08-04
playstore,1,,"I reported several issues on this app and all I heard back from the customer support was to update/re-install the app. It did not solve anything and I also had to redo all the indicators and settings which I had already set up. Also, all other broker apps are incorporating better features for more convenient trading and charge only Rs.10/order. But this app is getting worse and still charges Rs.20/order. So I'm actively planning on switching to a different broker app.",2026-08-04
playstore,2,,compulsory update given or not opening.. bad,2026-08-04
playstore,5,,good 👍,2026-08-04
playstore,5,,"""Exceptional app! The user interface is clean, intuitive, and seamless to navigate. Everything runs smoothly without any glitches. Highly recommended for anyone looking for a reliable and efficient experience.""",2026-08-04
playstore,5,,it's a very good trading platform,2026-08-04
playstore,1,,very danger hacking app,2026-08-04
playstore,5,,ok,2026-08-04
playstore,5,,owsome,2026-08-04
playstore,5,,Trusted app for real ones if I say about it then it is..,2026-08-04
playstore,4,,Please Daily sip options available,2026-08-04
playstore,5,,good,2026-08-04
playstore,1,,disappointed with the UX. ICICI direct has a much better ux.,2026-08-04
playstore,3,,"I really love using the Groww app. The interface is simple, smooth, and one of the best investing platforms I've used. I have one request: if possible, please add support for investing in international stocks, especially U.S., Japanese, and other global markets. At the moment, I have to use other brokers to buy foreign stocks. It would be amazing if I could manage both Indian and international investments in a single app thank u 💞",2026-08-04
playstore,5,,Good and trust application,2026-08-04
playstore,1,,worst app,2026-08-04
playstore,5,,super for begniers,2026-08-04
playstore,5,,good 👍,2026-08-04
playstore,5,,Dam good,2026-08-04
playstore,1,,lots of glitches. money disappears often leading to massive stress and headache. happened to both my account and my mother's account. My mother's money came back but mine is yet to tally.,2026-08-04
playstore,5,,nice app,2026-08-04
playstore,5,,very good,2026-08-04
playstore,5,,"very easy to operate, grate application.",2026-08-04
playstore,5,,excellent,2026-08-04
playstore,5,,good,2026-08-04
playstore,4,,Good app.,2026-08-04
playstore,4,,suggestion: allow user to make separate folios for investing in same funds for different financial goals.,2026-08-04
playstore,5,,This was good investment,2026-08-04
playstore,5,,I like this app and very useful for our career,2026-08-04
playstore,5,,it's good,2026-08-04
playstore,5,,Woohoo 🙌,2026-08-04
playstore,3,,good,2026-08-04
playstore,5,,best,2026-08-04
playstore,5,,"Nice for investing in mutual fund ,stock market etc.",2026-08-04
playstore,5,,Good app,2026-08-04
playstore,5,,Good 👍,2026-08-04
playstore,1,,Terrible support from the support team.,2026-08-04
playstore,1,,brokrage charge very high,2026-08-04
playstore,5,,good app much better,2026-08-04
playstore,5,,good suggestions for me,2026-08-04
playstore,5,,nice,2026-08-04
playstore,5,,thank you,2026-08-04
playstore,5,,good app,2026-08-04
playstore,5,,it is good working no fake,2026-08-04
playstore,5,,nice app i m loving it🥰,2026-08-04
playstore,2,,"Whenever I invest, the market hits my stop-loss and then falls.",2026-08-04
playstore,5,,very nice app,2026-08-04
playstore,5,,new Update,2026-08-04
playstore,5,,profit nhi hota hai 🥲🤌,2026-08-04
playstore,5,,very nice,2026-08-04
playstore,5,,good 😊,2026-08-04
playstore,4,,excellent trading app,2026-08-04
playstore,1,,💓,2026-08-04
playstore,2,,scaling ka option achha tha ab use krne me maja nhi aa raha hai,2026-08-04
playstore,5,,ok,2026-08-04
playstore,5,,good,2026-08-04
playstore,5,,excellent,2026-08-04
playstore,5,,investing groww app best ⭐⭐⭐⭐⭐,2026-08-04
playstore,1,,"customer care services sucks, zero value of our time .",2026-08-04
playstore,5,,overall hastle free,2026-08-04
playstore,5,,"Groww is a very good app. It's simple to use, easy to understand, and great for beginners to start investing.",2026-08-04
playstore,4,,good,2026-08-04
playstore,5,,very nice and better experience thanks,2026-08-04
playstore,3,,"Groww has increased the DP charges a lot, and the DP charges are also very high.""",2026-08-04
playstore,4,,it's very god app,2026-08-04
playstore,5,,good,2026-08-04
playstore,5,,Good,2026-08-04
playstore,5,,good aap best aap,2026-08-04
playstore,5,,user friendly,2026-08-04
playstore,5,,good aap,2026-08-04
playstore,1,,Pathetic Customer support. They are not trained enough to support you. They are asking to contact other broker..,2026-08-04
playstore,5,,good,2026-08-04
playstore,5,,Nice,2026-08-04
playstore,5,,It is very easy to maintain and switch or buy by groww . you can grow with groww,2026-08-04
playstore,4,,is not open the app,2026-08-04
playstore,5,,verry good,2026-08-04
playstore,5,,very nice,2026-08-04
playstore,5,,very useful and best platform,2026-08-04
playstore,1,,very bad,2026-08-04
playstore,3,,good,2026-08-04
playstore,5,,❤️,2026-08-04
playstore,5,,good 👍,2026-08-04
playstore,5,,good aapp,2026-08-04
playstore,1,,biggest red flag it bring update every week,2026-08-04
playstore,5,,good app for anybody intermediate and advance men,2026-08-04
playstore,1,,F&O Charge Is Not Stable Profit Hua rs-100 Charge laga 80 🥴 Loot Macha Rakha He,2026-08-04
playstore,4,,good,2026-08-04
playstore,5,,very well,2026-08-04
playstore,5,,good 👍,2026-08-04
playstore,5,,Good apps,2026-08-04
playstore,5,,good profit,2026-08-04
playstore,5,,"Clean beginner friendly, even my parents use this.",2026-08-04
playstore,5,,fantastic and growing app,2026-08-04
playstore,5,,🥰,2026-08-04
playstore,5,,Good 👍,2026-08-04
playstore,5,,Good for beginners,2026-08-04
playstore,5,,"very friendly, simple, easy driven",2026-08-04
playstore,5,,👍,2026-08-04
playstore,5,,good,2026-08-04
playstore,5,,good,2026-08-04
playstore,5,,super,2026-08-04
playstore,1,,"After updating..No india VIX index, scalping mode hide.... is this update?",2026-08-04
playstore,5,,excellent 👌,2026-08-04
playstore,3,,not good,2026-08-04
playstore,5,,its good,2026-08-04
playstore,5,,verigood,2026-08-04
playstore,5,,good,2026-08-04
playstore,5,,good,2026-08-04
playstore,5,,वेरी वेरी गॉर्जियस प्लेटफार्म,2026-08-04
playstore,5,,best app,2026-08-04
playstore,5,,excellent,2026-08-04
playstore,1,,App is crashing a lot while going forth and back checking mutual funds stocks.,2026-08-04
playstore,5,,very good,2026-08-04
playstore,5,,best,2026-08-04
playstore,4,,good aap,2026-08-04
playstore,1,,crazy brokerage+ charges. More than profit,2026-08-04
playstore,5,,best,2026-08-04
playstore,5,,excellent,2026-08-04
playstore,5,,very good,2026-08-04
playstore,5,,good,2026-08-04
playstore,5,,fantastic,2026-08-04
playstore,4,,very good 👍,2026-08-04
playstore,5,,Good,2026-08-04
playstore,4,,nice 👍 for bigner,2026-08-04
playstore,5,,super,2026-08-04
playstore,5,,very good very helpful,2026-08-04
playstore,1,,i Can't open in Samsung A04e mobile .App stuck in intial permission screen,2026-08-04
playstore,5,,good platform for investment,2026-08-04
playstore,5,,superrrrrrb,2026-08-04
playstore,1,,The withdrawal process is very slow and also very worst customer service. The period of withdrawal took nearly 7-8 days. This is very disappointing.,2026-08-04
playstore,5,,It is usefull very good app,2026-08-04
playstore,5,,Easy Access App,2026-08-04
playstore,5,,good,2026-08-04
playstore,5,,good,2026-08-04
playstore,4,,very easy and convenient to operate.,2026-08-04
playstore,5,,best and easy for use,2026-08-04
playstore,5,,great app stock market investment,2026-08-04
playstore,5,,good 😊,2026-08-04
playstore,5,,nice 👍,2026-08-04
playstore,5,,groww best aap,2026-08-04
playstore,5,,i am loving it... Groww's UI is one of the best.,2026-08-04
playstore,5,,good apps for investment,2026-08-04
playstore,3,,good 👍,2026-08-04
playstore,5,,ok,2026-08-04
playstore,5,,nice,2026-08-04
playstore,5,,good platform for investment of mutual funds and shares.,2026-08-04
playstore,5,,👍,2026-08-04
playstore,5,,excellent experience,2026-08-04
playstore,5,,actually when compared to other apps grow is user friendly and literally superb I love this one..thank u grow,2026-08-04
playstore,5,,good work,2026-08-04
playstore,5,,excellent 👌,2026-08-04
playstore,5,,good,2026-08-04
playstore,5,,very nice stocks mutual fund,2026-08-04
playstore,5,,Goo apps,2026-08-04
playstore,1,,ok,2026-08-04
playstore,5,,ok,2026-08-04
playstore,5,,good 👍🏻,2026-08-04
playstore,5,,nice,2026-08-04
playstore,5,,gatan 4,2026-08-04
playstore,5,,cool,2026-08-03
playstore,5,,fantastic,2026-08-03
playstore,5,,good,2026-08-03
playstore,5,,Very very good,2026-08-03
playstore,5,,"Latest update of adding family accounts is very good, please add also an option to track or view family dashboard which shows combined value of all the portfolios. It'll be the best feature",2026-08-03
playstore,5,,money makes money that's how u make money this app is way of making money,2026-08-03
playstore,1,,"Absolutely Useless App Earlier mobile interface, features was Best, now day by day becoming Wrost, only Charges higher. nothing else Useless Trading app not recommended for trading purpose.",2026-08-03
playstore,5,,very good,2026-08-03
playstore,5,,Good Platform,2026-08-03
playstore,1,,"My experience with the customer support (call centre) was highly disappointing. I was advised to wait for two banking working days for the funds to be reflected in my Groww account. As instructed, I uploaded proof showing that the amount had been debited from my bank account. Despite this, the customer support team informed me that they were unable to trace the transaction or locate the funds in Groww's account. This situation was extremely frustrating and, at one point, I seriously considered t",2026-08-03
playstore,1,,"stop forcing Autopay idiots, after this update I can't invest my money without Autopay, remove this.. function",2026-08-03
playstore,5,,nice,2026-08-03
playstore,4,,good,2026-08-03
playstore,5,,ok,2026-08-03
playstore,5,,good,2026-08-03
playstore,5,,good,2026-08-03
playstore,5,,excellent,2026-08-03
playstore,5,,good,2026-08-03
playstore,1,,chart is not working smoothly,2026-08-03
playstore,4,,nice,2026-08-03
playstore,5,,good apk,2026-08-03
playstore,5,,excellent,2026-08-03
playstore,5,,Nice,2026-08-03
playstore,5,,"Now after these many years, and some disappointment in the early stages, I can say that Groww has improved a lot and has been really really great at judging what users need. Good work. Now if possible roll out some program where people can choose a different brokerage plan rather than this flat brokerage system so that higher volume and frequency traders get some advantage.",2026-08-03
playstore,5,,very simple and useful features...👍,2026-08-03
playstore,5,,very good,2026-08-03
playstore,5,,today's I feel better when I recieved 4+ profit,2026-08-03
playstore,5,,❤️❤️❤️❤️❤️,2026-08-03
playstore,5,,must h bhai,2026-08-03
playstore,5,,perfect app,2026-08-03
playstore,5,,very good 👍,2026-08-03
playstore,5,,very good,2026-08-03
playstore,5,,Good User friendly app,2026-08-03
playstore,5,,best aapp hai to reach the top and.....,2026-08-03
playstore,1,,good aap,2026-08-03
playstore,5,,good,2026-08-03
playstore,5,,trust app,2026-08-03
playstore,1,,app stuck during making account,2026-08-03
playstore,5,,good app for the stock market,2026-08-03
playstore,5,,but didn't opening,2026-08-03
playstore,5,,this app so good but I learn this stock and trading for 1 week easy to earn money 🤑,2026-08-03
playstore,5,,Good,2026-08-03
playstore,5,,nice,2026-08-03
playstore,2,,"Ever seen an app where you have to click thrice or more to view the market depth? here it is... and also, you cant buy or sell when you are viewing the market depth. go back to another page, and place order. 2hat does that mean? you never are sure at what price you are buying or selling. hate this app... 😡😡😡",2026-08-03
playstore,5,,Good,2026-08-03
playstore,5,,good 👍👍 nice 👍 nice good,2026-08-03
playstore,4,,A good app has a good interface for beginners.Better feeling using upi and money receiving.Thank you for your valuable system maintenance Yogeshwara m p,2026-08-03
playstore,3,,I don't know whether it's like what I tell,2026-08-03
playstore,4,,👍,2026-08-03
playstore,5,,Nice day,2026-08-03
playstore,5,,very nice app. very easy to understand. in the app there is very clear information about our investment. I like this app very much. 👍👍,2026-08-03
playstore,5,,charge bahut lete ho,2026-08-03
playstore,4,,very good,2026-08-03
playstore,2,,so many delayed to open chart please fix this 😔😕,2026-08-03
playstore,5,,good,2026-08-03
playstore,4,,Outstanding broker,2026-08-03
playstore,5,,👌,2026-08-03
playstore,4,,good,2026-08-03
playstore,1,,run karo,2026-08-03
playstore,5,,good and easy process,2026-08-03
playstore,5,,very good,2026-08-03
playstore,5,,many many times groww app hanging,2026-08-03
playstore,5,,nice,2026-08-03
playstore,5,,very good,2026-08-03
playstore,5,,good 👍,2026-08-03
playstore,5,,very good 👍😊👍,2026-08-03
playstore,3,,currently I am experiencing too much off lags and loading scene while close and open time not sometimes it's regularly seeing same while trading it's need to be fast and easy,2026-08-03
playstore,5,,excellent,2026-08-03
playstore,5,,good,2026-08-03
playstore,5,,good,2026-08-03
playstore,5,,excellent working condition,2026-08-03
playstore,1,,charges too much,2026-08-03
playstore,1,,"groww is good in mutual fund , other wise it isa BAKWAS app , I am using if since 2021 , they cannot correct my share price , which got transfer from unlisted to listed in share market , every time I am talking to c care and telling my problem , but a big disappointed answer is coming from their side । zerodha is best",2026-08-03
playstore,4,,I guess it's one of the best app for treading. Very easy to handle as a first time user in stock market. Everything is very easy to understand and segmented on different portions. One problem is I can't increase Sip money instantly. It has to be wait for 6 months to 1 year. That's a problematic part i guess.,2026-08-03
playstore,5,,excellent,2026-08-03
playstore,5,,super,2026-08-03
playstore,5,,good,2026-08-03
playstore,5,,nice 👍,2026-08-03
playstore,5,,nice,2026-08-03
playstore,5,,It's a perfect app for biggeners. absolutely fine. the app provide you everything. the payment is very easy and secure,2026-08-03
playstore,5,,good 👍,2026-08-03
playstore,1,,"Loading problem always in groww app 🤣and Hanging problem & more problems in groww app,intraday charge very costly 😡😓",2026-08-03
playstore,4,,"USER FRIENDLY , Good trading Application for Beginners, Keep going",2026-08-03
playstore,5,,very good,2026-08-03
playstore,5,,good,2026-08-03
playstore,5,,Excellent,2026-08-03
playstore,5,,i am learn this tred,2026-08-03
playstore,5,,good,2026-08-03
playstore,5,,good,2026-08-03
playstore,5,,very nice,2026-08-03
playstore,5,,good,2026-08-03
playstore,1,,earlier it had icon to load multiple charts on single screen which is missing now layout to split screen for various indices chart it had become pathetic after updates my older phones has layout icon but the recent does not no customer support,2026-08-03
playstore,1,,Chart experience is very bad in mobile app,2026-08-03
playstore,5,,good,2026-08-03
playstore,1,,"Hi, the app is good enough but thae charges are very high.",2026-08-03
playstore,1,,Customer service is very poor they don't pick up the phone or cancel the sip has also taken penalty or you should extend the app time is also not getting updated,2026-08-03
playstore,5,,best,2026-08-03
playstore,4,,excellent 👌,2026-08-03
playstore,5,,very good,2026-08-03
playstore,5,,Good,2026-08-03
playstore,5,,good 👍🏻,2026-08-03
playstore,5,,Super app and user friendly,2026-08-03
playstore,5,,very good service & easy to use all functions,2026-08-03
playstore,5,,I trust this app 💝,2026-08-03
playstore,5,,hey can you modify this application for tablet because this application not working in landscape mode only graf showing in landscape,2026-08-03
playstore,2,,overall good but too many charges 😔 1 buy + sell order (fno) cause me 92. brokerage 40 and external charges 50😅.,2026-08-03
playstore,5,,nice,2026-08-03
playstore,5,,good,2026-08-03
playstore,5,,nice application,2026-08-03
playstore,5,,okay,2026-08-03
playstore,4,,good 👍,2026-08-03
playstore,5,,good,2026-08-03
playstore,5,,good,2026-08-03
playstore,1,,bad customer service,2026-08-03
playstore,5,,thank you,2026-08-03
playstore,1,,very bad experience,2026-08-03
playstore,4,,good,2026-08-03
playstore,5,,good,2026-08-03
playstore,3,,Good,2026-08-03
playstore,5,,nice,2026-08-03
playstore,1,,worst app for options trading,2026-08-03
playstore,5,,good,2026-08-03
playstore,5,,its really grow,2026-08-03
playstore,5,,great experience,2026-08-03
playstore,5,,sab kuch aasani se dekh sakte he,2026-08-03
playstore,1,,"REMEMBER THAT GROWW IS THE WORST APP FOR TRADING SINCE IT HAS A LOT OF DELAYS ON ITS ORDER PLACING AND CHART UPDATION ACTIVITIES , I WOULD HIGHLY RECOMMEND DHAN FOR TRADING ACTIVITIES GROWW WON'T LET YOU GROWW..",2026-08-03
playstore,5,,good apps I am satisfied..,2026-08-03
playstore,5,,i Just wish to get a t shirt 👕 from Groww coz my Friend had too got so I too wish to get one from my Groww Family!😄,2026-08-03
playstore,1,,stock market price difference intraday,2026-08-03
playstore,5,,good app,2026-08-03
playstore,5,,great,2026-08-03
playstore,5,,superb,2026-08-03
playstore,5,,Good,2026-08-03
playstore,5,,good,2026-08-03
playstore,5,,best in the market,2026-08-03
playstore,5,,good,2026-08-03
playstore,5,,very nice aap and very good service,2026-08-03
playstore,5,,very excited,2026-08-03
playstore,5,,Excellent Trading way,2026-08-03
playstore,1,,"Brother, this is a very bad app. It calls and later deducts a lot of tax. How does it make it go away? First time it will show the property once or twice and after that FIR will be lodged and gradually it will go into minus.",2026-08-03
playstore,5,,good,2026-08-03
playstore,4,,Till now no problem in trading or anything. smoothly working sometimes it lags but no major issues. easy execution and easy withdrawal and deposit system,2026-08-03
playstore,4,,good,2026-08-03
playstore,5,,good app,2026-08-03
playstore,5,,good app,2026-08-03
playstore,3,,ADD SWP OPTION. AND GIVE OPTION OF TRANSFER MUTUAL FUNDS TO OUR CHILDREN.,2026-08-03
playstore,5,,good,2026-08-03
playstore,5,,good,2026-08-03
playstore,2,,average,2026-08-03
playstore,5,,Good phivcha1r,2026-08-03
playstore,1,,"Very bad Groww app, Angel app is good",2026-08-03
playstore,5,,well done,2026-08-03
playstore,5,,👍,2026-08-03
playstore,5,,good 👍,2026-08-03
playstore,5,,good,2026-08-03
playstore,5,,Very good apps,2026-08-03
playstore,5,,nice 👍🙂,2026-08-03
playstore,5,,best for beginners,2026-08-03
playstore,5,,wonder full 🌝,2026-08-03
playstore,5,,very nice 👍,2026-08-03
playstore,5,,excellent,2026-08-03
playstore,5,,best,2026-08-03
playstore,5,,good,2026-08-03
playstore,5,,good,2026-08-03
playstore,5,,good,2026-08-03
playstore,5,,great app,2026-08-03
playstore,3,,thik,2026-08-03
playstore,5,,very easy for beginners,2026-08-03
playstore,5,,ok,2026-08-03
playstore,5,,nice app.,2026-08-03
playstore,5,,ok,2026-08-03
playstore,5,,nice,2026-08-03
playstore,5,,super 😍👍,2026-08-03
playstore,5,,good app,2026-08-03
playstore,5,,very good,2026-08-03
playstore,5,,nice,2026-08-03
playstore,5,,An app which takes care of everything there is related to investing,2026-08-03
playstore,5,,nice,2026-08-03
playstore,5,,Great,2026-08-03
playstore,5,,this app is 100% real,2026-08-03
playstore,5,,good,2026-08-03
playstore,5,,good,2026-08-03
playstore,5,,super,2026-08-03
playstore,5,,nice,2026-08-03
playstore,5,,good app but mutual fund given aum wise option .,2026-08-03
playstore,5,,nice app for trading,2026-08-03
playstore,5,,thankfull trusted platform,2026-08-03
playstore,1,,"for every 2 or 3 months always asking plz plz update to latest version.Like this how many times will repeat,it's getting irritating and there is no storage also so plz think about this.ur app service is so good,but the above what I mentioned is not good",2026-08-03
playstore,5,,excellent app,2026-08-03
playstore,5,,Good 👍,2026-08-03
playstore,5,,good,2026-08-03
playstore,3,,nice,2026-08-03
playstore,5,,good,2026-08-03
playstore,4,,very good,2026-08-03
playstore,5,,isko kar dala to life jhinga lala,2026-08-03
playstore,5,,good,2026-08-03
playstore,5,,great for sip,2026-08-03
playstore,5,,very essay to simple use this apps,2026-08-03
playstore,5,,good,2026-08-03
playstore,5,,nice 👍 Okk,2026-08-03
playstore,5,,good,2026-08-03
playstore,5,,good,2026-08-03
playstore,5,,nice,2026-08-03
playstore,4,,easy to invest,2026-08-03
playstore,1,,please unfreeze may account,2026-08-03
playstore,5,,Groww! Easy to sign-in & Great for investment 👌🏻,2026-08-03
playstore,5,,good,2026-08-03
playstore,5,,nice,2026-08-03
playstore,5,,good,2026-08-03
playstore,5,,good,2026-08-03
playstore,5,,altimet and good,2026-08-03
playstore,5,,good,2026-08-02
playstore,5,,Best Investment platform,2026-08-02
playstore,5,,great 👍,2026-08-02
playstore,5,,not good,2026-08-02
playstore,5,,soo good 😊,2026-08-02
playstore,5,,good,2026-08-02
playstore,1,,yah sabse ghatiya app hai,2026-08-02
playstore,5,,very good best experience,2026-08-02
playstore,5,,good,2026-08-02
playstore,4,,good grow,2026-08-02
playstore,5,,Very good,2026-08-02
playstore,5,,good po,2026-08-02
playstore,5,,best app,2026-08-02
playstore,5,,good app,2026-08-02
playstore,5,,Investment and trading use the excellent work and simple process one of the greatest financial services ❤️,2026-08-02
playstore,1,,"Either you guys are doing it by choice, or maybe the decision-makers aren't aware and some mid-level guy is selling your data. So, today I downloaded the app to check the status of my investment, but guess what? I have received a message on my WhatsApp from Momentum Trader. I won't explain the message, but you get the idea. Now, it's either you don't want my business and want me to use Momentum, or there is a leak.",2026-08-02
playstore,4,,this best trading app,2026-08-02
playstore,4,,ok,2026-08-02
playstore,1,,grow is showing double dividend on same date for all stocks in particular share event.,2026-08-02
playstore,1,,very bad app,2026-08-02
playstore,1,,When you'll be initiating US stock investing??,2026-08-02
playstore,5,,Doog,2026-08-02
playstore,5,,nice broker,2026-08-02
playstore,5,,very good 👍,2026-08-02
playstore,5,,very nice,2026-08-02
playstore,4,,great 👍,2026-08-02
playstore,5,,Trend Is Your Friend,2026-08-02
playstore,5,,Very Good App Best For Mutual Fund Investment,2026-08-02
playstore,5,,excellent,2026-08-02
playstore,5,,very good platform,2026-08-02
playstore,5,,good work,2026-08-02
playstore,5,,Very good 👍,2026-08-02
playstore,5,,good way,2026-08-02
playstore,5,,gpod,2026-08-02
playstore,5,,best,2026-08-02
playstore,5,,excellent,2026-08-02
playstore,5,,good,2026-08-02
playstore,5,,very easy for investing mony,2026-08-02
playstore,4,,its very good trading app for beginners to understand about stock market,2026-08-02
playstore,5,,good,2026-08-02
playstore,5,,super,2026-08-02
playstore,5,,There should be option to group SIPs just like we have for stocks ! Groww PLEASEEE consider this !!,2026-08-02
playstore,5,,best app 💫,2026-08-02
playstore,5,,excellent,2026-08-02
playstore,5,,great app with great features n well experience,2026-08-02
playstore,5,,nice,2026-08-02
playstore,3,,well,2026-08-02
playstore,5,,Groww is very helpful for us,2026-08-02
playstore,5,,good apps for the working. i use since 2 years,2026-08-02
playstore,5,,good,2026-08-02
playstore,5,,"""The Groww app has a very simple and user-friendly interface. Investing in mutual funds and stocks has become incredibly easy. It is the best app for beginners!""👍👍 ""An awesome app for trading and investment! Everything happens smoothly, from opening an account to buying and selling stocks. The charges are transparent, and the UI is very clean. Highly recommended!""👍👍",2026-08-02
playstore,5,,good,2026-08-02
playstore,5,,super 💯,2026-08-02
playstore,5,,"very easy investment app specially for beginners, I'm using all categories like Bonds, mutual fund, IPOs and stock",2026-08-02
playstore,5,,ok,2026-08-02
playstore,5,,tiptop,2026-08-02
playstore,5,,very nice 🙂,2026-08-02
playstore,5,,good,2026-08-02
playstore,5,,very nice 👍,2026-08-02
playstore,5,,very good trustable,2026-08-02
playstore,5,,very good aap,2026-08-02
playstore,5,,good 👍👍,2026-08-02
playstore,4,,good app very easy to learn,2026-08-02
playstore,5,,👍,2026-08-02
playstore,5,,all is well,2026-08-02
playstore,5,,software vry nic,2026-08-02
playstore,5,,Best,2026-08-02
playstore,5,,I am new user groww app I can't review bad ar good,2026-08-02
playstore,5,,exlent,2026-08-02
playstore,5,,good 👍,2026-08-02
playstore,5,,fast withdrawal,2026-08-02
playstore,5,,very good,2026-08-02
playstore,4,,the most everything super app,2026-08-02
playstore,5,,nice app,2026-08-02
playstore,5,,nice,2026-08-02
playstore,5,,ok,2026-08-02
playstore,5,,very good,2026-08-02
playstore,5,,excellent app to work with.,2026-08-02
playstore,5,,nice and easy,2026-08-02
playstore,5,,amazing app to start a journey.,2026-08-02
playstore,5,,good,2026-08-02
playstore,5,,very good,2026-08-02
playstore,5,,great platform for trading,2026-08-02
playstore,5,,good,2026-08-02
playstore,5,,good,2026-08-02
playstore,5,,good,2026-08-02
playstore,5,,OMG outstanding,2026-08-02
playstore,5,,ok,2026-08-02
playstore,1,,Worst customer service. At the beginning of groww 2 3 years back it was nice. now it is the worst. I am thinking to switch to other apps.,2026-08-02
playstore,5,,😘,2026-08-02
playstore,5,,really useful to beginners,2026-08-02
playstore,5,,good,2026-08-02
playstore,5,,Best,2026-08-02
playstore,5,,👍good,2026-08-02
playstore,5,,Many options and news all available on the same platform,2026-08-02
playstore,5,,good,2026-08-02
playstore,5,,Good Application for trading,2026-08-02
playstore,5,,good,2026-08-02
playstore,5,,outstanding,2026-08-02
playstore,5,,easy to operate,2026-08-02
playstore,5,,excellent performance 👍🏿,2026-08-02
playstore,5,,one of the best according to me,2026-08-02
playstore,5,,👍,2026-08-02
playstore,5,,NICE 🙂,2026-08-02
playstore,5,,trustable app more investment one place great app,2026-08-02
playstore,5,,mast,2026-08-02
playstore,5,,slow profit,2026-08-02
playstore,5,,smooth,2026-08-02
playstore,2,,kill swithch ka option isme bhi de dijiye jisse over trading control ho sake,2026-08-02
playstore,5,,good,2026-08-02
playstore,5,,Good,2026-08-02
playstore,5,,super,2026-08-02
playstore,5,,very good proxima,2026-08-02
playstore,5,,nice experience,2026-08-02
playstore,5,,bahut hi achcha app Hai beginners ke liye banaa hai easy to use un comfortable,2026-08-02
playstore,5,,ok,2026-08-02
playstore,5,,thanks groww,2026-08-02
playstore,5,,good,2026-08-02
playstore,5,,it's nice and easy,2026-08-02
playstore,5,,verry good,2026-08-02
playstore,4,,Best user experience if all apps are compared.,2026-08-02
playstore,4,,best Investment application form indian ❣️🙏,2026-08-02
playstore,5,,good,2026-08-02
playstore,5,,grovw vere good app grovw is very easy touse.,2026-08-02
playstore,5,,best software for long term investment of all mutual fund and stock I am using more than 6 years,2026-08-02
playstore,5,,user friendly,2026-08-02
playstore,5,,good,2026-08-02
playstore,4,,easy to use,2026-08-02
playstore,5,,best simple ui and user experience,2026-08-02
playstore,5,,"The strength of this platform lies in its versatility and precision. It's rare to find a service that handles equities, futures, options, and commodities all at on...",2026-08-02
playstore,5,,ok,2026-08-02
playstore,5,,nice,2026-08-01
playstore,5,,very nice 👍 good very good 💯,2026-08-01
playstore,3,,heavy brokerage charges must reduce it down,2026-08-01
playstore,5,,Best Application for investors Easy Ui and it improving after every Update,2026-08-01
playstore,1,,not user friendly,2026-08-01
playstore,5,,good,2026-08-01
playstore,4,,nice exclusive j,2026-08-01
playstore,5,,nice,2026-08-01
playstore,3,,Worst experience...... Couldn't start trading as my KYC was not verified by the Groww team even after 5weeks from opening the account and despite of all the necessary documents...... helpline is also useless.....at the end they sent an account freezed email.......no senior officel contact me,2026-08-01
playstore,5,,bhoot hi best hai app,2026-08-01
playstore,3,,plz improved app in charts on entry and exist,2026-08-01
playstore,4,,ok,2026-08-01
playstore,5,,good,2026-08-01
playstore,5,,"""Very good app for mutual fund investments. Easy to use, simple interface, and smooth transactions. Highly recommended!""",2026-08-01
playstore,4,,excellent,2026-08-01
playstore,5,,super,2026-08-01
playstore,5,,v good,2026-08-01
playstore,5,,good application,2026-08-01
playstore,1,,third class customer support and services they will not connect with customer supporting team I will try more than 5 times my amount can't transfer to my bank account or my grow account that will show process til 2 days before,2026-08-01
playstore,5,,nice,2026-08-01
playstore,5,,good,2026-08-01
playstore,5,,nice,2026-08-01
playstore,5,,Good 👍,2026-08-01
playstore,5,,excellent,2026-08-01
playstore,5,,😊 best,2026-08-01
playstore,5,,very good,2026-08-01
playstore,5,,best,2026-08-01
playstore,5,,very nice app 👍🏻,2026-08-01
playstore,5,,good,2026-08-01
playstore,5,,so easy app to use,2026-08-01
playstore,5,,good,2026-08-01
playstore,5,,good,2026-08-01
playstore,5,,good,2026-08-01
playstore,5,,good 👍,2026-08-01
playstore,1,,very high charge,2026-08-01
playstore,5,,Overall Best & Satisfactory Experience,2026-08-01
playstore,5,,good,2026-08-01
playstore,5,,bahut Acha lga groww me invest kar ke,2026-08-01
playstore,5,,Found the most user friendly and fast mode in every aspect.,2026-08-01
playstore,5,,Great experience with Groww 🪴,2026-08-01
playstore,5,,very good,2026-08-01
playstore,5,,nice and very helpful,2026-08-01
playstore,5,,good,2026-08-01
playstore,5,,super,2026-08-01
playstore,5,,good 👍,2026-08-01
playstore,4,,good,2026-08-01
playstore,5,,👌,2026-08-01
playstore,5,,good 👍 k,2026-08-01
playstore,5,,Good to use,2026-08-01
playstore,5,,supar,2026-08-01
playstore,5,,best app,2026-08-01
playstore,5,,good,2026-08-01
playstore,5,,supar,2026-08-01
playstore,5,,good,2026-08-01
playstore,5,,excellent,2026-08-01
playstore,4,,nice,2026-08-01
playstore,3,,"1h 4h time frame chart data is not loading completely, checked in all stocks and diff devices with the same issues.",2026-08-01
playstore,5,,very nice,2026-08-01
playstore,5,,its gave investment msg before kyc complate,2026-08-01
playstore,5,,"Bhai sach bata raha hoon, aisi cheez kahin nahi milegi! GrowthX ne toh sikhne ka poora tareeqa hi badal diya hai. Jo yahan samajhne ko milta hai na, woh seedha dimaag aur dil dono me utar jata hai. Agar aage badhna hai aur kuch bada karna hai, toh isse behtareen platform poori market me nahi hai. Ekdum top-class aur lajawab cheez hai! 🚀🔥💯""",2026-08-01
playstore,2,,"When u click UPI, getting message ""UPI is not available on your device"" was working fine before app update, kindly fix. Also I have not connected any USB cable to my mobile still this error is coming.",2026-08-01
playstore,5,,best app for trading,2026-08-01
playstore,5,,good,2026-08-01
playstore,1,,"Their customer support bhogash,They are very poor, if you put SL on them, Even if it doesn't go to the market, their SL will be a hit.I'm talking to the owner of Grow. I'll give you a good job with good income. Why are you wasting money?",2026-08-01
playstore,5,,Excellent,2026-08-01
playstore,5,,gooooooood platform,2026-08-01
playstore,1,,"this app has the worst customer service. infact zero service and support. the call never connects. they keep you on hold for more than 10 mins and never connect. what kind of service is this? in today's era when customers are used to exceptional service, this kind of pathetic service will pull down any company. high time to switch to some other app",2026-08-01
playstore,4,,v good,2026-08-01
playstore,5,,very nice,2026-08-01
playstore,5,,good,2026-08-01
playstore,1,,"Dear Groww Team, I would like to share my feedback regarding your intraday brokerage charges. The brokerage on intraday trades is quite high, and in many cases it turns profitable trades into losses. This makes active trading difficult, especially for small traders. I request you to consider reducing the intraday brokerage charges or introducing a more affordable pricing plan. A lower brokerage structure would greatly benefit your users and encourage higher trading activity on your platform.",2026-08-01
playstore,5,,nice 👍🏻,2026-08-01
playstore,5,,Good and Quick,2026-08-01
playstore,5,,excellent 👌,2026-08-01
playstore,5,,good,2026-08-01
playstore,5,,good,2026-08-01
playstore,5,,great help,2026-08-01
playstore,5,,good,2026-08-01
playstore,5,,good,2026-08-01
playstore,5,,😘👍,2026-08-01
playstore,5,,best app,2026-08-01
playstore,5,,very good,2026-08-01
playstore,5,,"Been using Groww for over a year now and it's easily the simplest investing app I've tried. Signing up took minutes, the interface is clean, and tracking my SIPs and stocks in one place is effortless. No confusing jargon. Highly recommend for beginners.",2026-08-01
playstore,5,,best investment app,2026-08-01
playstore,5,,very excellent,2026-08-01
playstore,2,,amt credit 3 to 4 days staying in grow app,2026-08-01
playstore,5,,Great,2026-08-01
playstore,5,,super,2026-08-01
playstore,5,,ok,2026-08-01
playstore,5,,good,2026-08-01
playstore,5,,good,2026-08-01
playstore,5,,very gud app,2026-08-01
playstore,4,,Good,2026-08-01
playstore,5,,good,2026-08-01
playstore,5,,good,2026-08-01
playstore,5,,good,2026-08-01
playstore,5,,opening an account in Groww is quite easy...excited to move forward,2026-08-01
playstore,5,,great,2026-08-01
playstore,5,,good,2026-08-01
playstore,5,,excellent 👌,2026-08-01
playstore,5,,Best,2026-08-01
playstore,4,,very good,2026-08-01
playstore,5,,awesome performance good share market app,2026-08-01
playstore,4,,ok,2026-08-01
playstore,5,,good,2026-08-01
playstore,5,,"“Very easy to use. Clean interface, smooth experience, and investing feels simple even for beginners.”",2026-08-01
playstore,5,,good aplication,2026-08-01
playstore,5,,"It's a great platform for mutual funds and daily trading with lower brokerage fees than most competitors. The app interface is intuitive, making it easy to get comfortable with quickly, and regular updates keep it running smoothly. It really ensures you get the best experience possible.",2026-08-01
playstore,5,,nice 👍,2026-08-01
playstore,5,,Great experience,2026-08-01
playstore,5,,usefull,2026-08-01
playstore,4,,good 👍,2026-08-01
playstore,5,,Nice 👍 dalo na,2026-07-31
playstore,5,,Very good👍👍👍,2026-07-31
playstore,5,,good experience,2026-07-31
playstore,5,,please don't charge brokrage 🙏,2026-07-31
playstore,5,,very good,2026-07-31
playstore,5,,excellent,2026-07-31
playstore,5,,very nice,2026-07-31
playstore,5,,👌🏻,2026-07-31
playstore,5,,good,2026-07-31
playstore,5,,nice,2026-07-31
playstore,5,,good,2026-07-31
playstore,5,,nice,2026-07-31
playstore,5,,useful and challenging one,2026-07-31
playstore,4,,good,2026-07-31
playstore,5,,ok,2026-07-31
playstore,5,,Bes,2026-07-31
playstore,5,,good,2026-07-31
playstore,5,,good,2026-07-31
playstore,5,,good 👍,2026-07-31
playstore,5,,Great App,2026-07-31
playstore,5,,groww is best investing plate form,2026-07-31
playstore,5,,good,2026-07-31
playstore,5,,Good,2026-07-31
playstore,5,,it is very easy and usful,2026-07-31
playstore,4,,normal 🙂,2026-07-31
playstore,5,,nice 👍,2026-07-31
playstore,5,,very good,2026-07-31
playstore,5,,one of the best app,2026-07-31
playstore,5,,nice platform,2026-07-31
playstore,5,,supar 😎,2026-07-31
playstore,5,,easy to understand in this app,2026-07-31
playstore,4,,ok,2026-07-31
playstore,4,,brokerage fees high,2026-07-31
playstore,5,,Best,2026-07-31
playstore,5,,nice,2026-07-31
playstore,3,,"Love the user exp and support is good as well. I have 2 feature requests for the devs - a. Please add 5Y toggle in mutual fund watchlist, b. Please allow persistent reorder or sorting option. Thank you very much.",2026-07-31
playstore,5,,Great app,2026-07-31
playstore,5,,good,2026-07-31
playstore,5,,niche but brokerage is very expensive,2026-07-31
playstore,5,,very good platform 👍😃😃,2026-07-31
playstore,5,,nice,2026-07-31
playstore,5,,good، easy and trusted,2026-07-31
playstore,5,,good 💯😊,2026-07-31
playstore,5,,good,2026-07-31
playstore,5,,best groww,2026-07-31
playstore,5,,excellent,2026-07-31
playstore,5,,"good , 👍",2026-07-31
playstore,3,,good,2026-07-31
playstore,5,,nice,2026-07-31
playstore,5,,"You can use and navigate the app even if you have Lil knowledge about Sips and stock market. The interface is so beginner friendly, it's so easy to sell, buy and manage your holdings.",2026-07-31
playstore,5,,good,2026-07-31
playstore,1,,"I am unable to open my profile section after updating the app, worst version of the application",2026-07-31
playstore,4,,good 👍,2026-07-31
playstore,5,,ok,2026-07-31
playstore,5,,good 👍,2026-07-31
playstore,4,,best,2026-07-31
playstore,5,,Grow is a best application for a trader,2026-07-31
playstore,5,,it's very goog.its very simple process.,2026-07-31
playstore,5,,good working,2026-07-31
playstore,5,,good,2026-07-31
playstore,5,,Nice App,2026-07-31
playstore,5,,good app,2026-07-31
playstore,5,,I love this App,2026-07-31
playstore,5,,"best service,best app",2026-07-31
playstore,5,,best 👌,2026-07-31
playstore,5,,neki beful,2026-07-31
playstore,5,,bahut acha hai ye app,2026-07-31
playstore,5,,its easy process to access,2026-07-31
playstore,5,,good,2026-07-31
playstore,5,,good,2026-07-31
playstore,4,,nice,2026-07-31
playstore,5,,good,2026-07-31
playstore,1,,"custom support is not at all good, if you have an issue they won't be able to help you and they have a weird AI chatbot that will give you wrong answers to your question and if you ask a customer support person he will say sir that is just an AI",2026-07-31
playstore,3,,High Brokerage,2026-07-31
playstore,5,,ok,2026-07-31
playstore,1,,"HATED, I need profit revenue net worth increasing bars of each stock as seen in previous version.",2026-07-31
playstore,5,,Easy to use.,2026-07-31
playstore,4,,goods app,2026-07-31
playstore,4,,"why u guys change scalping template, i have only single device to trade in option, currently difficult to trade in option with single device no hope left to recover my loss",2026-07-31
playstore,5,,very nice,2026-07-31
playstore,5,,good app,2026-07-31
playstore,5,,good,2026-07-31
playstore,5,,nice,2026-07-31
playstore,5,,good,2026-07-31
playstore,5,,good aap,2026-07-31
playstore,5,,easy to use,2026-07-31
playstore,1,,worst app tbh it freezes every single time whenever I open it and even after reinstalling,2026-07-31
playstore,2,,thodi sadi pan da fudda enaa sare update launde ho except multiple charts,2026-07-31
playstore,1,,"Worst broker, always gives wrong trade on short/long. just want to trap the customer",2026-07-31
playstore,5,,just awesome 😎,2026-07-31
playstore,5,,Nice,2026-07-31
playstore,5,,great,2026-07-31
playstore,5,,good 👍,2026-07-31
playstore,5,,best experience... proud Grow,2026-07-31
playstore,5,,good,2026-07-31
playstore,5,,best market,2026-07-31
playstore,4,,good app,2026-07-31
playstore,5,,good 👍,2026-07-31
playstore,5,,great,2026-07-31
playstore,5,,awesome 👍,2026-07-31
playstore,5,,😊 good,2026-07-31
playstore,5,,I am happy,2026-07-31
playstore,5,,nicw,2026-07-31
playstore,1,,every good experience,2026-07-31
playstore,5,,super duper app,2026-07-31
playstore,5,,verry good,2026-07-31
playstore,5,,good,2026-07-31
playstore,5,,"very easy to use I most like new features for tax file that is excellent for investor's, trader's, no hassle for tax payments.",2026-07-31
playstore,1,,"useless app, very difficult too analyze stocks. Also my Demat account could not be added too Income tax portal. Your helpline always remains busy, it seems yo have no champions, always sleeping, no remedy. I feel trapped in your app, no solutions yet. Two factor authentication is not in your app, different app...",2026-07-31
playstore,5,,bery good aap,2026-07-31
playstore,5,,good,2026-07-31
playstore,1,,very bad experience in withdrawal money and its not credited on time.,2026-07-31
playstore,5,,good,2026-07-31
playstore,5,,if you really want to grow then download grow app.. it's very helpful and very good to grow.,2026-07-31
playstore,5,,good sarvice,2026-07-31
playstore,5,,good,2026-07-31
playstore,5,,nice app fast moment groww app best he.,2026-07-31
playstore,5,,nice,2026-07-31
playstore,1,,"Very disappointed with Groww's customer support. I had only 30 IPO shares, but the support team incorrectly claimed that I had sold 60 shares. This is completely wrong and shows that they did not even verify my account details before responding. Because of this incorrect information, they rejected my complaint instead of properly investigating the issue. I expected accurate records and fair support, but the response was careless and unprofessional. I have lost trust in Groww's customer servic",2026-07-31
playstore,5,,This App Really Good But The Main Problem is Brokrage If You Think That You Profit Can Solve The Problem So You Are Very Wrong Please Keep Yur Mind Calm And Think You Manage App Thats Really Charge High Brokrage,2026-07-31
playstore,5,,👌,2026-07-31
playstore,5,,good,2026-07-31
playstore,4,,it's good for beginner's,2026-07-31
playstore,5,,best application for mutual funds and stocks,2026-07-31
playstore,5,,good,2026-07-31
playstore,5,,nice,2026-07-31
playstore,5,,excellent,2026-07-31
playstore,1,,"The Worrest App for Trading. Except the Groww Management, Nobody can Grow. Complete Fraud in each and every aspect. If any one wants to lose money instantly, You are most welcome to use this app. Rest, Please avoid this app",2026-07-31
playstore,4,,wow,2026-07-31
playstore,1,,bad experience,2026-07-31
playstore,5,,excellent,2026-07-31
playstore,5,,Aacha application hai aur se easy to use hai ...,2026-07-31
playstore,4,,owsam,2026-07-31
playstore,5,,Nice 🙂,2026-07-31
playstore,5,,good,2026-07-31
playstore,5,,Good,2026-07-31
playstore,5,,Quite user-friendly,2026-07-31
playstore,5,,best app,2026-07-31
playstore,5,,good,2026-07-31
playstore,5,,osm,2026-07-31
playstore,5,,v good,2026-07-31
playstore,1,,app open krte h to password dalte be apne aap back ho raha h fix kro es ko,2026-07-31
playstore,5,,good,2026-07-31
playstore,5,,good broker app,2026-07-31
playstore,3,,lawra ka app.,2026-07-31
playstore,4,,trading is good but the brokerage and extra charges are so many.,2026-07-31
playstore,5,,good for sip,2026-07-31
playstore,5,,I'm agree this app totally trustable .,2026-07-31
playstore,5,,Very good app for trading,2026-07-31
playstore,4,,good,2026-07-31
playstore,5,,The best investing app all the time.,2026-07-31
playstore,5,,good,2026-07-31
playstore,5,,super,2026-07-31
playstore,5,,super & loyalty,2026-07-31
playstore,2,,There KYC process is bad let me share my recent experience I requested them to add last name in my groww account I have provided all the supporting documents to them which I provided in all my banks and other investment companies and they have accepted it and added my last name in their records but in groww case they ask me extra documents publish ad in newspapers or gazette I provided them news paper ad now they are required merriage certificate and gazette also see their hypocrisy,2026-07-31
playstore,5,,❤️,2026-07-31
playstore,5,,good,2026-07-31
playstore,5,,5star,2026-07-31
playstore,5,,it is very easy to use,2026-07-31
playstore,1,,varry good,2026-07-31
playstore,4,,mujhe aap acchi lagti ho bahut pasand hai easy bahut hai,2026-07-31
playstore,5,,ok,2026-07-31
playstore,5,,all good,2026-07-31
playstore,5,,Nice 🙂,2026-07-31
playstore,5,,good,2026-07-31
playstore,4,,Good,2026-07-31
playstore,5,,बहुत बढ़िया ऐप है,2026-07-31
playstore,5,,good experience,2026-07-31
playstore,4,,This trading app is excellent but must require a dual chart for smooth trading experience.,2026-07-31
playstore,5,,good,2026-07-31
playstore,5,,good,2026-07-31
playstore,2,,worst experience while redeeming my mutual units taking longer and longer than expected or promised time they won't share the reason for the delay that is the reason I discontinued investing in mutual funds on Groww app,2026-07-31
playstore,5,,excellent work with Groww,2026-07-31
playstore,5,,gud work,2026-07-31
playstore,5,,best,2026-07-31
playstore,5,,Satisfactory App,2026-07-31
playstore,5,,good 👍,2026-07-31
playstore,5,,superb,2026-07-31
playstore,5,,Nice one,2026-07-31
playstore,5,,ok,2026-07-31
playstore,3,,Do something about calendar spread. you are market leader so we expect from u...upstox and many other already provide these facilities,2026-07-30
playstore,5,,good app,2026-07-30
playstore,5,,excellent 👍,2026-07-30
playstore,1,,so much charges for small trading account,2026-07-30
playstore,5,,Thank You,2026-07-30
playstore,1,,"2,3 months old chats show nahi ho raha hai ..main bahut bar customer care call kiye & email bhi kiye but groww team problem ko solve nahi kiye , aise chota charts mai trading karna risky hai ..plz fix the problem ...",2026-07-30
playstore,5,,excellent,2026-07-30
playstore,3,,"please add oi profile,smart money concept,and ut bot alerts in the indicator section...even newer apps have these indicators .and I unable to change index in scalper mood.why groww please grow up....",2026-07-30
playstore,5,,very nice,2026-07-30
playstore,5,,excellent 👍,2026-07-30
playstore,5,,loved it❤️ thank you so much 😊,2026-07-30
playstore,5,,very nice 👌,2026-07-30
playstore,5,,good,2026-07-30
playstore,5,,nice app,2026-07-30
playstore,5,,good,2026-07-30
playstore,3,,good,2026-07-30
playstore,5,,good for investment,2026-07-30
playstore,5,,good,2026-07-30
playstore,1,,"i am not very much sure what is the issue with geoww. i have take HDFC 25 AUG 790 CALL. after day end it close at 6.75 till 8 pm it is show same price but after 9:20 it is showing 6.45. but on KITE it is still showing 6.75. i am unable to attached all the screenshot, but really want to do so. i dont know what the glitch is or GROWW trying to cheat customer 🤔.",2026-07-30
playstore,1,,more brokerage,2026-07-30
playstore,5,,best app for stock market best broker no doubt. simple UI. improving day by day...,2026-07-30
playstore,5,,nice aap,2026-07-30
playstore,5,,excellent,2026-07-30
playstore,5,,very nice App,2026-07-30
playstore,5,,Sabse acha app,2026-07-30
playstore,5,,good is work in simple work,2026-07-30
playstore,5,,Nice,2026-07-30
playstore,5,,very good,2026-07-30
playstore,5,,trusted 💯💯💯💯,2026-07-30
playstore,5,,good 👍,2026-07-30
playstore,1,,due to high loss,2026-07-30
playstore,5,,easy and simple app,2026-07-30
playstore,1,,व्हेरी बॅड एक्सपेरियन्स,2026-07-30
playstore,1,,"change back the colours cuh. the red and green gave a better idea about profit and losses, change it back RN, it's too confusing, when everything is white",2026-07-30
playstore,5,,good,2026-07-30
playstore,3,,charges is high,2026-07-30
playstore,5,,good 👍,2026-07-30
playstore,5,,very easy too navigate and place trading orders,2026-07-30
playstore,5,,excellent,2026-07-30
playstore,3,,serious lagging issues nowadays...chart not refreshing 😕,2026-07-30
playstore,5,,😧😧😧,2026-07-30
playstore,5,,very good app,2026-07-30
playstore,5,,very good,2026-07-30
playstore,5,,very best,2026-07-30
playstore,5,,WOW,2026-07-30
playstore,5,,cool app most groww is have working,2026-07-30
playstore,5,,good,2026-07-30
playstore,5,,good experience,2026-07-30
playstore,5,,nice,2026-07-30
playstore,5,,good 😊👍,2026-07-30
playstore,5,,"This app is incredibly user-friendly and packed with useful features — everything works smoothly without any glitches. Highly recommended, a must-try for anyone looking for a reliable app!",2026-07-30
playstore,5,,"overall a good experience, Suggestion - Grow is not Approved App for Union bank of Switzerland UBS, like other Zerodha,Sharekhan and Angel broking are approved please initiate procedure for it's globally recognised and Approved.",2026-07-30
playstore,5,,good application 😸👍👍,2026-07-30
playstore,5,,India's no 1 stock broker app,2026-07-30
playstore,1,,kuchh achha nahi gya,2026-07-30
playstore,5,,nice,2026-07-30
playstore,5,,😎,2026-07-30
playstore,5,,👍,2026-07-30
playstore,1,,"I am not been able to see my open position ,I belive there is some glich in this as this is second time i am facing the same issue. I can see the order executed in order book but in Position window there is no showing.",2026-07-30
playstore,5,,user-friendly,2026-07-30
playstore,5,,very good very nice 💯,2026-07-30
playstore,5,,easy to use,2026-07-30
playstore,5,,Good,2026-07-30
playstore,5,,very good new updates. Indicating number of shares and mutual funds in long term and short term. Also showing XIRR for stocks which is very helpful. Thank you for these good updates.👌,2026-07-30
playstore,5,,we learning very fast,2026-07-30
playstore,4,,Easy and useful,2026-07-30
playstore,5,,"hello groww! Can you please add healthcare, Textiles, oil & gas, cement, agriculture and chemical sector in the all indices please, and that's kind of irritating that I've to open another application to see the sectors",2026-07-30
playstore,5,,good 👍,2026-07-30
playstore,5,,good,2026-07-30
playstore,5,,Decent,2026-07-30
playstore,5,,good 👍🏻,2026-07-30
playstore,1,,charges very high,2026-07-30
playstore,5,,very easy app but kabhi kabhi glitch aa jaata hai,2026-07-30
playstore,5,,very good,2026-07-30
playstore,5,,Best ui among all investment app,2026-07-30
playstore,5,,ok,2026-07-30
playstore,4,,"Please give dividend stock exdate earlier, so traders can adjust and buy stock in timelimit.",2026-07-30
playstore,5,,NICE APPLICATION,2026-07-30
playstore,5,,very easy and simple process to used Groww app,2026-07-30
playstore,5,,superb,2026-07-30
playstore,5,,very good experience,2026-07-30
playstore,5,,very nice 🙂,2026-07-30
playstore,5,,good,2026-07-30
playstore,5,,best platform 💯,2026-07-30
playstore,5,,❤️❤️❤️,2026-07-30
playstore,5,,good,2026-07-30
playstore,1,,loss 2 lacks,2026-07-30
playstore,5,,PLEASE GIVE HORIZONTAL RAY OPTION IN TRADE ON CHARTS,2026-07-30
playstore,5,,good 👍,2026-07-30
playstore,5,,acha hai,2026-07-30
playstore,5,,everything is good 👍👍👍👍😊😊😊,2026-07-30
playstore,5,,easy,2026-07-30
playstore,5,,good,2026-07-30
playstore,5,,excellent,2026-07-30
playstore,5,,poor my life,2026-07-30
playstore,5,,excellent,2026-07-30
playstore,5,,good 👍,2026-07-30
playstore,5,,good 👍,2026-07-30
playstore,5,,good,2026-07-30
playstore,5,,very nice,2026-07-30
playstore,1,,"Fix the bugs, the nifty prices are shown different in different time frames and lots of lagging like 15-20 second I have to wait every time for loading the charts for last month after the recent update... so team Groww please fix these problems. thank you",2026-07-30
playstore,5,,Noice,2026-07-30
playstore,5,,ok......,2026-07-30
playstore,5,,good app,2026-07-30
playstore,5,,well,2026-07-30
playstore,5,,"I've had a great experience using the Groww app. It has a clean and user-friendly interface, making it easy to invest in stocks and mutual funds, even for beginners. The account opening process is simple, transactions are smooth, and tracking my investments is convenient. Overall, Groww is a reliable and easy-to-use investment platform that I would recommend to anyone starting their investment journey.",2026-07-30
playstore,5,,good,2026-07-30
playstore,5,,nice,2026-07-30
playstore,5,,good 👍,2026-07-30
playstore,5,,kabhi kabhi selling buying mai hang hojata hai software isko sai karo,2026-07-30
playstore,5,,Good work,2026-07-30
playstore,5,,very good,2026-07-30
playstore,5,,good,2026-07-30
playstore,5,,good,2026-07-30
playstore,5,,amazing work....,2026-07-30
playstore,5,,good,2026-07-30
playstore,1,,confused app,2026-07-30
playstore,1,,not good all going on Money,2026-07-30
playstore,5,,wow,2026-07-30
playstore,5,,good,2026-07-30
playstore,5,,Old version was better than this new version.,2026-07-30
playstore,5,,one of the best broker,2026-07-30
playstore,5,,good 👍🏻,2026-07-30
playstore,5,,best,2026-07-30
playstore,5,,good 👍,2026-07-30
playstore,5,,super,2026-07-30
playstore,5,,nice aap,2026-07-30
playstore,5,,very nice,2026-07-30
playstore,5,,"Overall, a good app for investments. For mutual funds, please provide STP/SWP options in the app rather than going to the website.",2026-07-30
playstore,5,,good 👍🏻😊,2026-07-30
playstore,5,,It's good,2026-07-30
playstore,5,,I love this App so easy to trade,2026-07-30
playstore,5,,👍,2026-07-30
playstore,2,,"app is not working got error, disgusting",2026-07-30
playstore,5,,nice,2026-07-30
playstore,5,,Easy way🌍,2026-07-30
playstore,5,,ok,2026-07-30
playstore,1,,"my holdings are showing only dot dot dot.... not updated values, please check",2026-07-30
playstore,5,,great,2026-07-30
playstore,5,,good 👍,2026-07-30
playstore,5,,good 👍,2026-07-30
playstore,5,,good app,2026-07-30
playstore,1,,"worst app...issue in loading, particularly when selling stocks.",2026-07-30
playstore,5,,good app very simple futures trading investing,2026-07-30
playstore,5,,good,2026-07-30
playstore,2,,brokerage charges over high in beginner trader 🤌💸,2026-07-30
playstore,5,,super useful app,2026-07-30
playstore,5,,best,2026-07-30
playstore,5,,give breaking news about share market,2026-07-30
playstore,5,,super,2026-07-30
playstore,5,,good 👍,2026-07-30
playstore,5,,very good,2026-07-30
playstore,5,,Good Experience,2026-07-30
playstore,5,,good 👍,2026-07-30
playstore,5,,Good app for envestment,2026-07-30
playstore,5,,Good work,2026-07-30
playstore,5,,most powerful most easily apps,2026-07-30
playstore,5,,good,2026-07-30
playstore,5,,best stock market,2026-07-30
playstore,5,,best,2026-07-30
playstore,5,,ok,2026-07-30
playstore,5,,best,2026-07-30
playstore,5,,good,2026-07-30
playstore,5,,good,2026-07-30
playstore,5,,awesome,2026-07-30
playstore,5,,😍,2026-07-30
playstore,5,,good,2026-07-30
playstore,5,,this is a very very helpful app .,2026-07-30
playstore,2,,Sometimes it takes so much time to open our portfolio. It's a bit concerning.,2026-07-30
playstore,5,,easy for everyone to search in for the future.,2026-07-30
playstore,5,,nice,2026-07-30
playstore,5,,good,2026-07-30
playstore,5,,good 👍,2026-07-30
playstore,5,,Clean,2026-07-30
playstore,5,,Good app,2026-07-30
playstore,5,,user friendly for Beginners Best trading platform,2026-07-30
playstore,5,,Easy and simple use....good experience....,2026-07-30
playstore,5,,great app,2026-07-30
playstore,5,,I have been using it since 2019. User friendly application. Never faced any major issues.,2026-07-30
playstore,5,,good,2026-07-30
playstore,5,,good 👍,2026-07-30
playstore,5,,good,2026-07-30
playstore,5,,Amazing experience ⭐⭐,2026-07-30
playstore,5,,बहुत बढ़िया ।,2026-07-30
playstore,5,,Very Good,2026-07-30
playstore,5,,good,2026-07-30
playstore,5,,superb,2026-07-30
playstore,5,,Best experience,2026-07-30
playstore,5,,very good,2026-07-30
playstore,5,,good products,2026-07-30
playstore,5,,No. 1 app,2026-07-30
playstore,5,,Good App very user friendly Thanks.,2026-07-30
playstore,5,,excellent 👍,2026-07-30
playstore,5,,good,2026-07-30
playstore,5,,best,2026-07-30
playstore,5,,very good,2026-07-30
playstore,5,,good 👍,2026-07-30
playstore,5,,good app for freshers,2026-07-30
playstore,5,,outstanding,2026-07-30
playstore,5,,egi hai,2026-07-30
playstore,5,,very good,2026-07-30
playstore,4,,nice h bhai jo bhi hai,2026-07-29
playstore,5,,good,2026-07-29
playstore,4,,good,2026-07-29
playstore,5,,good,2026-07-29
playstore,5,,nice app,2026-07-29
playstore,5,,varry nice,2026-07-29
playstore,5,,good,2026-07-29
playstore,5,,💯👍,2026-07-29
playstore,5,,good,2026-07-29
playstore,5,,excellent and very Easy for use and investment,2026-07-29
playstore,5,,thank you,2026-07-29
playstore,5,,good 👍,2026-07-29
playstore,4,,good,2026-07-29
playstore,2,,bad investment slow growth,2026-07-29
playstore,5,,nice 👍👍,2026-07-29
playstore,5,,good,2026-07-29
playstore,5,,good,2026-07-29
playstore,5,,great than greater,2026-07-29
playstore,4,,super,2026-07-29
playstore,5,,good,2026-07-29
playstore,1,,worst than anything...took my 20000 in seconds,2026-07-29
playstore,5,,Nice,2026-07-29
playstore,5,,good broker,2026-07-29
playstore,5,,all good service and experience,2026-07-29
playstore,5,,the app and the ui is absolutely good and the friendly help me to short and easy to handle but some concerns here sometime ui feel little bit lagy and slow to update price and chart overall I rate this 9.3 / 10,2026-07-29
playstore,5,,good,2026-07-29
playstore,3,,"it would be better, if we create a watchlist for ourselves and add a few stocks in that, if there any option to comment out a note and if we can rate the stock inside our watchlist.. it would be great...so at the time of market correction, we can directly go to buy stocks from our watchlist which we have rated top..",2026-07-29
playstore,5,,"Best App for Shares, Trading and Intraday, Best Features, Easy To use, not like Angel one that's too Complex and confusing to use. This Groww App is the Best 10/10 from my side. 🙌😎✨",2026-07-29
playstore,1,,useless app.!,2026-07-29
playstore,1,,"Seriously Groww Prime for MFs? You guys started selling Regular MFs in the name of prime. I mean it's a shame. First introduce features like Daily, Weekly, Fortnightly SIPs and get rid of these regular options. Make the money flowing process easy. it's currently the worst. I get my money instantly in Zerodha, Angel one and ICICI direct... Groww just sucks. Focus on one thing at a time.",2026-07-29
playstore,3,,I don't know bala ni bad ni but aij loiya taka harai r next week 31k loss,2026-07-29
playstore,5,,good,2026-07-29
playstore,1,,worst service plateforrm...,2026-07-29
playstore,5,,good 👍,2026-07-29
playstore,5,,good,2026-07-29
playstore,5,,thank you,2026-07-29
playstore,5,,Nice Easy To Understand Everything Stock Details in Depth,2026-07-29
playstore,5,,ok,2026-07-29
playstore,5,,excellent.,2026-07-29
playstore,5,,supeb app,2026-07-29
playstore,5,,👍,2026-07-29
playstore,5,,good,2026-07-29
playstore,5,,very good,2026-07-29
playstore,4,,V nice,2026-07-29
playstore,5,,very nice app,2026-07-29
playstore,5,,good,2026-07-29
playstore,5,,वेरी good,2026-07-29
playstore,5,,good 👍,2026-07-29
playstore,5,,outstanding,2026-07-29
playstore,5,,good experience,2026-07-29
playstore,5,,good 👍,2026-07-29
playstore,5,,fast updates,2026-07-29
playstore,5,,wow,2026-07-29
playstore,1,,worst experience costumer service is worst better to shift on sbi security app,2026-07-29
playstore,3,,best app but or function hona chahie,2026-07-29
playstore,4,,best,2026-07-29
playstore,5,,Faster and Easy way to do the payments and trading,2026-07-29
playstore,5,,vari good,2026-07-29
playstore,5,,so good,2026-07-29
playstore,1,,When I filled the details then groww debited 0.01 inr .This is very unsatisfied 😔😔,2026-07-29
playstore,5,,સરસ,2026-07-29
playstore,5,,smooth way,2026-07-29
playstore,1,,very thared app,2026-07-29
playstore,5,,super 👍,2026-07-29
playstore,5,,good,2026-07-29
playstore,5,,nice,2026-07-29
playstore,5,,useful app... easy to use. compatible for new users.,2026-07-29
playstore,4,,super,2026-07-29
playstore,5,,App is very smooth and fine. Fast scrolling and impressive option menus. I liked it very much. New-era business times are here now.,2026-07-29
playstore,5,,good but trading charges jyada hai long term m,2026-07-29
playstore,5,,superb,2026-07-29
playstore,1,,withdrawal process very worst not a given 24 hours payment,2026-07-29
playstore,5,,Very good performance,2026-07-29
playstore,3,,ok ok app,2026-07-29
playstore,3,,very nice 👍,2026-07-29
playstore,5,,"very good platform. easy to use, no glitches and very investor friendly.",2026-07-29
playstore,5,,"very good serv, - easy investment,easy transactions.",2026-07-29
playstore,5,,soo good 👍,2026-07-29
playstore,1,,not good for me,2026-07-29
playstore,4,,good,2026-07-29
playstore,5,,good,2026-07-29
playstore,5,,good,2026-07-29
playstore,4,,trust,2026-07-29
playstore,5,,very good,2026-07-29
playstore,1,,"The final amount changes after the order is executed. Previously, the final amount was displayed upfront, but now the amount is adjusted after execution, causing the Wallet balance to show a negative amount. This feels misleading and unethical.",2026-07-29
playstore,4,,easy to use..,2026-07-29
playstore,5,,esay investment,2026-07-29
playstore,5,,good,2026-07-29
playstore,3,,Plz Update Company Result Shedule in Groww Chart,2026-07-29
playstore,5,,good,2026-07-29
playstore,5,,Nice,2026-07-29
playstore,5,,very nice,2026-07-29
playstore,5,,good,2026-07-29
playstore,5,,good,2026-07-29
playstore,5,,good,2026-07-29
playstore,1,,bahut bad app hai,2026-07-29
playstore,5,,best app,2026-07-29
playstore,5,,nic,2026-07-29
playstore,5,,good morning dear friend and complete 😊,2026-07-29
playstore,5,,Good 👍,2026-07-29
playstore,5,,good,2026-07-29
playstore,5,,we can watch our growth clearly,2026-07-29
playstore,5,,bahot acha h sahi jankari milti h pl kya yaha pr meri koi help kar sakta h kya kab or kaise lena share pl contact no ho toh dijiye,2026-07-29
playstore,4,,easy-to-use and smooth functioning,2026-07-29
playstore,5,,verry good,2026-07-29
playstore,5,,good aap,2026-07-29
playstore,5,,Good 😊👍,2026-07-29
playstore,3,,very good,2026-07-29
playstore,5,,good for students,2026-07-29
playstore,5,,very nice,2026-07-29
playstore,5,,Good,2026-07-29
playstore,5,,very good,2026-07-29
playstore,5,,Good,2026-07-29
playstore,1,,ro much charge,2026-07-29
playstore,1,,very disgusting in so bad experience,2026-07-29
playstore,5,,good 😊,2026-07-29
playstore,5,,ok,2026-07-29
playstore,5,,nice,2026-07-29
playstore,1,,very bad experience today my order stuck am trying to cancel the order or exit from it but I can't do because of grow technical issue,2026-07-29
playstore,5,,nice app,2026-07-29
playstore,5,,achcha app se khatam 😊😊,2026-07-29
playstore,5,,good 👍,2026-07-29
playstore,5,,very good 👍😊,2026-07-29
playstore,4,,Very nice 👍,2026-07-29
playstore,4,,"I've had a good overall experience with the Groww app, but there's one area that needs improvement. Some information is not presented in a clear order, especially the shareholding pattern and quarterly financial data. The current layout can be confusing and makes it difficult to quickly understand the latest updates and compare past quarters. A better-organized and more intuitive presentation of financial information would make the app much more useful for investors.",2026-07-29
playstore,5,,superb experience,2026-07-29
playstore,5,,very simple to operate and fully transparent activities and faster,2026-07-29
playstore,5,,good,2026-07-29
playstore,5,,"Brother, I don't think any platform is better than this one. I hardly want to use any other platform. So I want everyone to try it once. It is very simple and reliable.",2026-07-29
playstore,5,,good,2026-07-29
playstore,5,,nice 🙂,2026-07-29
playstore,5,,good,2026-07-29
playstore,5,,good 👍,2026-07-29
playstore,5,,😍😍,2026-07-29
playstore,5,,good 👍,2026-07-29
playstore,5,,Best,2026-07-29
playstore,5,,good 👍,2026-07-29
playstore,5,,ok,2026-07-29
playstore,4,,very good app,2026-07-29
playstore,5,,very cool 😎,2026-07-29
playstore,5,,groww trading AAP good,2026-07-29
playstore,5,,super,2026-07-29
playstore,5,,good,2026-07-29
playstore,5,,good,2026-07-29
playstore,5,,good 👍,2026-07-29
playstore,5,,very good,2026-07-29
playstore,5,,good,2026-07-29
playstore,5,,goot,2026-07-29
playstore,5,,"good app,,, 👍",2026-07-29
playstore,5,,good,2026-07-29
playstore,5,,nice,2026-07-29
playstore,5,,"Groww app is simple and best for investment.... Like: SIP, stock etc...",2026-07-29
playstore,5,,fast,2026-07-29
playstore,5,,superb,2026-07-29
playstore,5,,best,2026-07-29
playstore,5,,good,2026-07-29
playstore,4,,all good but high,2026-07-29
playstore,5,,best,2026-07-29
playstore,5,,thanks new update,2026-07-29
playstore,5,,good,2026-07-29
playstore,5,,best,2026-07-29
playstore,4,,"The features and server of the app are very good, but grow up charges a lot.",2026-07-29
playstore,5,,good,2026-07-29
playstore,5,,best aap for stock,2026-07-29
playstore,5,,Too easy to use.,2026-07-29
playstore,5,,Nice,2026-07-29
playstore,5,,very good application 💯,2026-07-29
playstore,4,,best for investing,2026-07-29
playstore,4,,best app,2026-07-29
playstore,5,,best,2026-07-29
playstore,1,,delay in updation everything,2026-07-29
playstore,5,,Best,2026-07-29
playstore,5,,very good app 🥰,2026-07-29
playstore,1,,"Very disappointing experience. Some brokers asked for my Groww login password, saying they would manage my account and show profits. I trusted them and shared my credentials, after which I suffered losses of around ₹7 lakh. I request Groww to investigate the account activity, check whether these people were authorised, and provide a proper explanation. I have evidence and details regarding this issue. Please take this complaint seriously and contact me.",2026-07-29
playstore,5,,very good 💯,2026-07-29
playstore,5,,good 👍,2026-07-29
playstore,5,,super,2026-07-29
playstore,5,,good,2026-07-29
playstore,5,,"real App good work i,m happy",2026-07-29
playstore,5,,theis is op app groww app is op legend ♥️♥️♥️♥️💯💯💯💯,2026-07-28
playstore,5,,very nice aplication in 5 star,2026-07-28
playstore,5,,Nice 👍,2026-07-28
playstore,5,,very nice,2026-07-28
playstore,5,,Good,2026-07-28
playstore,5,,absolutely awesome and friendly,2026-07-28
playstore,5,,superb,2026-07-28
playstore,5,,my best favourite ☺️,2026-07-28
playstore,5,,good,2026-07-28
playstore,5,,super,2026-07-28
playstore,1,,"updated the app but new features like networth, switch between any two fund houses not showing...",2026-07-28
playstore,5,,favourite app,2026-07-28
playstore,5,,nice easy app,2026-07-28
playstore,4,,Groww always Groww,2026-07-28
playstore,5,,good application,2026-07-28
playstore,5,,good,2026-07-28
playstore,5,,best app,2026-07-28
playstore,5,,good,2026-07-28
playstore,5,,good,2026-07-28
playstore,1,,panoti app har bar paise jate khali naam ka grow hai asli mai barbad ho jate,2026-07-28
playstore,5,,👍,2026-07-28
playstore,5,,"Really good app, easy to use and providing so many info related to the stocks",2026-07-28
playstore,5,,very nice real Goold,2026-07-28
playstore,5,,naic supar,2026-07-28
playstore,5,,helpful,2026-07-28
playstore,5,,this app is good,2026-07-28
playstore,5,,good,2026-07-28
playstore,5,,good 👍,2026-07-28
playstore,5,,outstanding,2026-07-28
playstore,5,,Very convenient app even for new users it's very easy to check whatever we wanna check,2026-07-28
playstore,5,,good app,2026-07-28
playstore,5,,very nice,2026-07-28
playstore,4,,it's good,2026-07-28
playstore,5,,excellent,2026-07-28
playstore,5,,good 👍,2026-07-28
playstore,5,,exlence demate service,2026-07-28
playstore,5,,best experience,2026-07-28
playstore,5,,good,2026-07-28
playstore,3,,OK OK,2026-07-28
playstore,2,,The bullet loan example shows borrowing at a daily interest rate. Total repayment includes applicable fees and interest charges.,2026-07-28
playstore,4,,good,2026-07-28
playstore,2,,beautiful,2026-07-28
playstore,5,,good 👍,2026-07-28
playstore,5,,Best app for beginners.,2026-07-28
playstore,5,,too easy or best for beginners,2026-07-28
playstore,4,,nice,2026-07-28
playstore,5,,The app is good. user friendly.,2026-07-28
playstore,1,,GROWW APP IS THIRD CLASS APP STOPSLOSS NOTE WORKING AND CUSTOMER CARE IS NOTE RISPODED THAIRD CLAASS APP . GROWW IS SCAM APP STOPSLOSS NOTE WORKING.ITS BIG LOSS ..AND CUSTOMER CARE GROWW NOTE AMMOUNT RITARN,2026-07-28
playstore,1,,I'm using this app for along 6 months and this is worst application for traders with nonsense prediction better you choose other one then this,2026-07-28
playstore,5,,"Great app with a clean and user-friendly interface. It makes investing simple and easy to understand, even for beginners. The account setup is smooth, transactions are fast, and the educational resources are very helpful. Overall, it's a reliable platform for managing investments. Highly recommended!",2026-07-28
playstore,5,,Best,2026-07-28
playstore,5,,good 👍,2026-07-28
playstore,5,,excellent,2026-07-28
playstore,5,,Very Convenient to use.,2026-07-28
playstore,5,,good experience,2026-07-28
playstore,4,,please upgrade option chain data... along with ... * max pain *resistance *support,2026-07-28
playstore,5,,ok,2026-07-28
playstore,5,,इत वर्क,2026-07-28
playstore,3,,The dashboard is not attractive like other apps. We can't see the mutual funds allocation and can't add the family portfolio.,2026-07-28
playstore,5,,awesome,2026-07-28
playstore,5,,very nice charges kam kero thoda,2026-07-28
playstore,5,,Nice,2026-07-28
playstore,5,,Best 👌,2026-07-28
playstore,5,,Good,2026-07-28
playstore,5,,best apps,2026-07-28
playstore,5,,ok,2026-07-28
playstore,5,,its good 👍,2026-07-28
playstore,5,,ok,2026-07-28
playstore,4,,good,2026-07-28
playstore,5,,nice performance,2026-07-28
playstore,5,,nice 👍,2026-07-28
playstore,5,,best,2026-07-28
playstore,5,,osm,2026-07-28
playstore,1,,very bad app,2026-07-28
playstore,1,,"They make it unnecessarily hard to transfer and close your demat account. The way they process queries tests your patience. The customer care ends conversation abruptly when it is related to closure. They make it unnecessarily expensive to transfer your holdings, hoping you will give up. Edit: Don't be fooled by their response here. Their respond so slowly, that I get faster response from official complaints with CDSL or SEBI",2026-07-28
playstore,5,,everything is good 👍,2026-07-28
playstore,5,,excellent,2026-07-28
playstore,5,,good,2026-07-28
playstore,5,,good,2026-07-28
playstore,5,,Good,2026-07-28
playstore,5,,❤️,2026-07-28
playstore,1,,never download this app,2026-07-28
playstore,5,,good,2026-07-28
playstore,5,,very good 👍👍😊,2026-07-28
playstore,1,,chart delay,2026-07-28
playstore,5,,is the best अप्प groww apo,2026-07-28
playstore,5,,my favourite app,2026-07-28
playstore,5,,good for treding,2026-07-28
playstore,2,,"Badass , too much hang , pause while trading, I'm using this, app since 4 years, never give bad reviews, thought it will work better in future, but no it's get lagging more , no help , no support.",2026-07-28
playstore,5,,good,2026-07-28
playstore,5,,good,2026-07-28
playstore,5,,good warking,2026-07-28
playstore,5,,"This app is really good for traders and innovation for our future it's mutual fund,F&O, Nifty 50 is good",2026-07-28
playstore,5,,"App is very good , if possible please mention portfolios number of in front schemes",2026-07-28
playstore,5,,good,2026-07-28
playstore,5,,easy to understand,2026-07-28
playstore,5,,good,2026-07-28
playstore,3,,helpfull,2026-07-28
playstore,5,,Sustainable chart with Information,2026-07-28
playstore,1,,bakwas,2026-07-28
playstore,5,,good,2026-07-28
playstore,4,,amezing,2026-07-28
playstore,5,,like,2026-07-28
playstore,5,,I can do whatever I want to do in this app.,2026-07-28
playstore,5,,abhi tk to badiya hai,2026-07-28
playstore,5,,super,2026-07-28
playstore,5,,super 😍,2026-07-28
playstore,1,,"Very disappointing MTF experience. Groww promotes MTF aggressively but doesn't clearly explain that selling an MTF position may deduct shares from your regular holdings first if you own the same stock. This confusing and non-transparent behavior caused me to incur a loss of around ₹18,000. Users deserve clear warnings and transparency before placing orders.",2026-07-28
playstore,5,,"I am unable to to use 1 tap scalping mode in groww please 🥺🥺🥺 take some step......In the scalping button there is always stays Add money options I don't know why 😭😭😭......15.07.2026...app version is disgusting please repair this....... ...28.07.2026...excellent version.... thank you grow to give us such a good system...,❤️❤️❤️❤️❤️❤️❤️❤️",2026-07-28
playstore,5,,good 👍,2026-07-28
playstore,4,,ok nice,2026-07-28
playstore,1,,worst service ever... i placed a redemption order a week ago .. but did not receive any amount,2026-07-28
playstore,5,,good and easy for beginners in stock market,2026-07-28
playstore,5,,nice,2026-07-28
playstore,5,,nice,2026-07-28
playstore,5,,good,2026-07-28
playstore,5,,good,2026-07-28
playstore,5,,Fast,2026-07-28
playstore,5,,groww is the best,2026-07-28
playstore,5,,Overall Good,2026-07-28
playstore,5,,good,2026-07-28
playstore,1,,"Very disappointing experience. I have been trying to transfer stocks from my Groww account for a long time, but the process is unnecessarily complicated and confusing. Even after completing CDSL Easiest registration and all required steps, the transfer still doesn't work smoothly. In contrast, Angel One offers a simple in-app stock transfer process. Groww should improve this feature and provide a more user-friendly experience.",2026-07-28
playstore,5,,good 😊,2026-07-28
playstore,5,,yah bahut achcha hai aur ismein Paisa turant vidroh ho jata hai aur badhiya app hai ekadam,2026-07-28
playstore,5,,nice app,2026-07-28
playstore,5,,fantastic 😊,2026-07-28
playstore,1,,ok,2026-07-28
playstore,5,,good work,2026-07-28
playstore,5,,super,2026-07-28
playstore,5,,good,2026-07-28
playstore,4,,ok,2026-07-28
playstore,5,,good app for investment and trading,2026-07-28
playstore,4,,best,2026-07-28
playstore,2,,windows ke liye charts par pahle wale Buy and sell button vapas update karo kyunki abhi new buttons bekar h,2026-07-28
playstore,5,,I'm very happy thank you,2026-07-28
playstore,5,,best app for trading,2026-07-28
playstore,5,,good👍,2026-07-28
playstore,4,,good,2026-07-28
playstore,4,,নমস্কার,2026-07-28
playstore,5,,very nice app,2026-07-28
playstore,5,,jyada brokerage i am not satisfied,2026-07-28
playstore,5,,excellent performance,2026-07-28
playstore,5,,excellent,2026-07-28
playstore,5,,Nice,2026-07-28
playstore,5,,thank,2026-07-28
playstore,5,,super,2026-07-28
playstore,1,,"in tablet it doesn't rotate, hence difficult to use.",2026-07-28
playstore,5,,excellent,2026-07-28
playstore,5,,nice,2026-07-28
playstore,5,,ভালো,2026-07-28
playstore,5,,excellent application,2026-07-28
playstore,5,,good app,2026-07-28
playstore,5,,nice interface and please keep updating and make it more smoothly,2026-07-28
playstore,3,,whenever I want to login message showing Sterlite and something went wrong! I can't even invest or see my portfolio.,2026-07-28
playstore,5,,thise app is believeble ...,2026-07-28
playstore,5,,best app for mutual funds,2026-07-28
playstore,5,,good 👍,2026-07-28
playstore,5,,nice,2026-07-28
playstore,5,,great,2026-07-28
playstore,5,,excellent,2026-07-28
playstore,5,,nice app,2026-07-28
playstore,5,,very nice,2026-07-28
playstore,5,,very good,2026-07-27
playstore,5,,Good application,2026-07-27
playstore,5,,good,2026-07-27
playstore,5,,ok,2026-07-27
playstore,5,,it's helpful to people,2026-07-27
playstore,1,,best,2026-07-27
playstore,5,,"I've been using the Groww app for the last two years, and it's been an amazing experience. The app is fast, user-friendly, and packed with great features. I especially love the new split-screen feature for scalping in the latest update—it makes trading much more convenient. One suggestion: please add a stop-loss feature for scalping. That would make the trading experience even better, and in my opinion, no other trading app would be able to compete with Groww.",2026-07-27
playstore,4,,Good,2026-07-27
playstore,4,,very nice,2026-07-27
playstore,5,,Good 👍,2026-07-27
playstore,4,,great app,2026-07-27
playstore,5,,good App,2026-07-27
playstore,5,,good work,2026-07-27
playstore,5,,very nice,2026-07-27
playstore,5,,🥰,2026-07-27
playstore,5,,excellent,2026-07-27
playstore,5,,best aap for stock market,2026-07-27
playstore,5,,nice,2026-07-27
playstore,5,,nice,2026-07-27
playstore,5,,good 👍,2026-07-27
playstore,5,,awesome experience 👍🏼,2026-07-27
playstore,5,,best app for trading,2026-07-27
playstore,4,,nice,2026-07-27
playstore,1,,Expensive lone provide,2026-07-27
playstore,5,,verry nice,2026-07-27
playstore,5,,this app payment investment good,2026-07-27
playstore,5,,good,2026-07-27
playstore,5,,good,2026-07-27
playstore,5,,app vire nice,2026-07-27
playstore,4,,gold is good I'm sip new,2026-07-27
playstore,5,,good,2026-07-27
playstore,5,,Very easy to use interface and informative,2026-07-27
playstore,5,,nice app,2026-07-27
playstore,2,,some time glitch,2026-07-27
playstore,2,,new to here hope something be good happen here.,2026-07-27
playstore,4,,good,2026-07-27
playstore,5,,supreme,2026-07-27
playstore,5,,great,2026-07-27
playstore,1,,"Taking too much money as brokerage while trading in mtf, have lot off hidden charges...",2026-07-27
playstore,5,,Good platform for everyone,2026-07-27
playstore,5,,good,2026-07-27
playstore,5,,nice platform to invest money,2026-07-27
playstore,5,,groww is best app in stock market,2026-07-27
playstore,5,,good 👍,2026-07-27
playstore,5,,very easy to understand trading,2026-07-27
playstore,5,,good 👍,2026-07-27
playstore,5,,good platform 👍👍 i recommend apps platform,2026-07-27
playstore,5,,exilent,2026-07-27
playstore,5,,good,2026-07-27
playstore,1,,not getting OTPs. App is getting stuck.,2026-07-27
playstore,5,,good,2026-07-27
playstore,5,,very good,2026-07-27
playstore,5,,It is simple and easy.,2026-07-27
playstore,5,,nice app,2026-07-27
playstore,5,,it's easy to understand,2026-07-27
playstore,4,,excellent 👌,2026-07-27
playstore,5,,Nice,2026-07-27
playstore,5,,Very Good in Stock Market Field l am very happy with Groww Service 🥳,2026-07-27
playstore,1,,one of the very worst experience of setting up account its nothing but a waste of time and efforts even after complaining to customer care regarding the issue of not being able to set up the account its of no use . I have got zero support from the groww team it just tests your patience. pathetic experience,2026-07-27
playstore,5,,goog,2026-07-27
playstore,5,,V good,2026-07-27
playstore,5,,very helpful platform,2026-07-27
playstore,4,,thik,2026-07-27
playstore,5,,mast he,2026-07-27
playstore,5,,good groww,2026-07-27
playstore,5,,good,2026-07-27
playstore,5,,best,2026-07-27
playstore,5,,nice app,2026-07-27
playstore,4,,super,2026-07-27
playstore,5,,Great App,2026-07-27
playstore,5,,Good 👍,2026-07-27
playstore,5,,good app,2026-07-27
playstore,5,,good,2026-07-27
playstore,4,,v nice,2026-07-27
playstore,5,,This is best app,2026-07-27
playstore,5,,UI preference for me . it's great and very easy for a beginner. I understand it's not that helpful in F&O but I have been using this app for the last 5 years and I am very optimistic that they will enhance their product.,2026-07-27
playstore,5,,good,2026-07-27
playstore,4,,It's is very user friendly,2026-07-27
playstore,2,,custamer care service not good,2026-07-27
playstore,5,,very good,2026-07-27
playstore,5,,good,2026-07-27
playstore,5,,very good trading app,2026-07-27
playstore,4,,nice,2026-07-27
playstore,5,,good 👍,2026-07-27
playstore,5,,very good,2026-07-27
playstore,1,,I try to withdraw money from groww account to my bank account it's failing since jul 21,2026-07-27
playstore,1,,ब्रोकरेज के नाम पर लूट लेते हैं 😅,2026-07-27
playstore,4,,good,2026-07-27
playstore,5,,fine,2026-07-27
playstore,5,,good experience easy interface and usefull,2026-07-27
playstore,5,,excellent service 💯,2026-07-27
playstore,5,,good,2026-07-27
playstore,5,,your best app mutual fund aur share purchase karne ka trading bhi trading karne ka best nahin hai sirf sharechat karne ka aur mutual fund kyunki live time app free hai Jaise koi bhi salana charge nahin leta hai koi bhi 3 mah hi nahin charge leta yah pakka rakhne ka account ka koi bhi leta nahin ok number Van hai best hai mere liye aap log ka against kya hai aapko apni choice kariye apne aap se,2026-07-27
playstore,5,,very good,2026-07-27
playstore,4,,good,2026-07-27
playstore,5,,"very good platform, to update with type of asset support for groww",2026-07-27
playstore,5,,good experience,2026-07-27
playstore,1,,"not show proper nifty,sensex etc plz fix",2026-07-27
playstore,5,,Nice,2026-07-27
playstore,4,,Easy to Use and Analysis the Markets,2026-07-27
playstore,5,,best platform,2026-07-27
playstore,5,,best option tool,2026-07-27
playstore,5,,nice,2026-07-27
playstore,5,,fast and easy... one day iam a successful trader ... 💯🥳,2026-07-27
playstore,5,,excellent,2026-07-27
playstore,5,,very nice app,2026-07-27
playstore,5,,easy to use and accurate,2026-07-27
playstore,4,,very good 👍,2026-07-27
playstore,5,,Very good,2026-07-27
playstore,5,,good app providing necessary updates,2026-07-27
playstore,4,,good is very important solily imporve thank you so much,2026-07-27
playstore,5,,BEST APP NICE WORK 🥰,2026-07-27
playstore,5,,good experience with groww,2026-07-27
playstore,5,,good,2026-07-27
playstore,1,,lastest update not up to mark ...home screen not visible nifty futures and f&o,2026-07-27
playstore,5,,Issue resolved within 30 minutes,2026-07-27
playstore,5,,good,2026-07-27
playstore,5,,good,2026-07-27
playstore,5,,good,2026-07-27
playstore,5,,very very nice,2026-07-27
playstore,5,,GOOD 👍👍,2026-07-27
playstore,5,,Good,2026-07-27
playstore,5,,excellent,2026-07-27
playstore,5,,Good 👍,2026-07-27
playstore,5,,👍😊,2026-07-27
playstore,4,,good 👍,2026-07-27
playstore,5,,easy understanding,2026-07-27
playstore,3,,analysis of your stock and fund option is missing,2026-07-27
playstore,5,,Good apps,2026-07-27
playstore,1,,"it is a very bad experience with Groww App, I have sell shares on dated 24.07.2026. as per SEBI guidelines and my past 10 years experience as I have using the 4-5 brokers like Angel one, tradeswift etc all the brokers will provide the amount on the next of selling date. but now I came to know that Grow will not allow the amount on the next day of selling and informed me that you will withdraw the amount on 28.07.26 in place of 27.07.26. it is a very bad experience with this repeated broker",2026-07-27
playstore,5,,India is the best application,2026-07-27
playstore,5,,i like it,2026-07-27
playstore,5,,very good,2026-07-27
playstore,5,,ok,2026-07-27
playstore,5,,Best Performance,2026-07-27
playstore,5,,excellent,2026-07-27
playstore,1,,good,2026-07-27
playstore,1,,do ki jyada katte Hain 555 pata nahin kis baat ke liye the,2026-07-27
playstore,5,,excellent,2026-07-27
playstore,5,,best among among all because of simple and smooth interface.,2026-07-27
playstore,5,,best,2026-07-27
playstore,5,,Best broker,2026-07-27
playstore,5,,super,2026-07-27
playstore,5,,excellent,2026-07-27
playstore,5,,good ok,2026-07-27
playstore,5,,super app good 👍,2026-07-27
playstore,5,,Best app for shares transaction,2026-07-27
playstore,5,,excellent platform user friendly user interface and too much easy,2026-07-27
playstore,5,,good,2026-07-27
playstore,5,,👍 வணக்கம் good 👍,2026-07-27
playstore,5,,good,2026-07-27
playstore,1,,"If you're an F&O trader, stay away from this app. Tracking errors cause real financial losses, and they hit you with hidden charges that increase without notice. Stick to a more reliable broker.",2026-07-27
playstore,5,,good app,2026-07-27
playstore,5,,ok,2026-07-27
playstore,5,,overall Good,2026-07-27
playstore,5,,nice,2026-07-27
playstore,4,,Nice Aap for beginners,2026-07-27
playstore,5,,excellent 👍,2026-07-27
playstore,5,,good 👍🏻,2026-07-27
playstore,5,,nice 🙂,2026-07-26
playstore,4,,good,2026-07-26
playstore,4,,very nice aap,2026-07-26
playstore,5,,good,2026-07-26
playstore,5,,nice,2026-07-26
playstore,5,,Growing with groww since 2021. Thanks Team Groww for all the updates that're brought to us in recent days.,2026-07-26
playstore,5,,Very good groww,2026-07-26
playstore,5,,👍👍👍okk,2026-07-26
playstore,5,,super verry nice. Good app,2026-07-26
playstore,5,,good,2026-07-26
playstore,5,,good,2026-07-26
playstore,5,,better experience but charges need to reduce,2026-07-26
playstore,5,,great,2026-07-26
playstore,5,,good👍,2026-07-26
playstore,5,,good,2026-07-26
playstore,5,,"very good experience, easy to use.",2026-07-26
playstore,5,,super duper,2026-07-26
playstore,5,,good service,2026-07-26
playstore,5,,your app is nice 💯🙂🙂🙂🙂🙂,2026-07-26
playstore,1,,blocking funds for a longer period of time than T+1 days. WTH.,2026-07-26
playstore,5,,best platform for traders,2026-07-26
playstore,5,,it very good app 👍,2026-07-26
playstore,5,,excellent app for trading and traders,2026-07-26
playstore,5,,good,2026-07-26
playstore,5,,super 👍,2026-07-26
playstore,5,,very good,2026-07-26
playstore,5,,good 😊😊,2026-07-26
playstore,5,,good,2026-07-26
playstore,5,,working good,2026-07-26
playstore,5,,Friendly use. but their brokerage high.,2026-07-26
playstore,5,,Good App,2026-07-26
playstore,5,,"excellent broker @ india .. smooth experience in all aspects.stocks, mutual funds smooth and error free,need improve lag issue future and option error free market time but pre and post market some lag issue in rare condition.",2026-07-26
playstore,5,,trusted,2026-07-26
playstore,5,,good,2026-07-26
playstore,5,,Good investing flatform,2026-07-26
playstore,5,,very good 👍,2026-07-26
playstore,5,,well done 👍,2026-07-26
playstore,5,,very very good,2026-07-26
playstore,4,,good,2026-07-26
playstore,5,,super,2026-07-26
playstore,3,,thik bt itna km interest 4 sal me?,2026-07-26
playstore,5,,"Great app, easy to use, very beneficial",2026-07-26
playstore,5,,good application,2026-07-26
playstore,5,,ok,2026-07-26
playstore,5,,best,2026-07-26
playstore,5,,nice,2026-07-26
playstore,3,,charges bhot high hai our app 1 no hai,2026-07-26
playstore,5,,very good app and we start trade with 100,2026-07-26
playstore,5,,Good,2026-07-26
playstore,5,,best app,2026-07-26
playstore,5,,nice,2026-07-26
playstore,5,,ok,2026-07-26
playstore,5,,"Best app for trading, investing in mutual funds, stocks, etc in India.",2026-07-26
playstore,5,,good,2026-07-26
playstore,5,,good,2026-07-26
playstore,5,,best for trading,2026-07-26
playstore,5,,fast & easy operating,2026-07-26
playstore,5,,ok,2026-07-26
playstore,5,,Good,2026-07-26
playstore,5,,good 👍,2026-07-26
playstore,5,,super Groww,2026-07-26
playstore,5,,easy and Batter bast app trading 🤩😃,2026-07-26
playstore,5,,good app,2026-07-26
playstore,5,,groww app acchi hai,2026-07-26
playstore,5,,wonderful,2026-07-26
playstore,5,,it is very simple,2026-07-26
playstore,5,,good.,2026-07-26
playstore,3,,LossLossLoss... Higher charges and interest rares.,2026-07-26
playstore,5,,good,2026-07-26
playstore,5,,"During testing, I found a bug in the newly introduced Lock F&O Trading feature. If I enable this feature, I'm unable to place any F&O trades for the rest of the day through the main app, which is expected. However, I can still place F&O orders through the 915 app's Option Chain, which should not be possible. This needs to be resolved as soon as possible so that once a trader enables this feature for the day, they should not be able to place F&O trades from any platform or entry point.",2026-07-26
playstore,4,,This Groww app is very beautiful and Indian Stock market no 1 I'm using this app 2022 very helpful app I'm recommendation all people. install your Groww app and Open your free demat account and I am so happy thank you groww app and all team members.,2026-07-26
playstore,5,,good,2026-07-26
playstore,2,,No Comments 👎🏿...,2026-07-26
playstore,5,,very very good aplication ❤️,2026-07-26
playstore,5,,nice,2026-07-26
playstore,5,,ok,2026-07-26
playstore,5,,nice,2026-07-26
playstore,5,,nice,2026-07-26
playstore,5,,good,2026-07-26
playstore,5,,nice and good experience,2026-07-26
playstore,4,,Reduce Brokerage.,2026-07-25
playstore,5,,nice,2026-07-25
playstore,5,,very very trusted aap,2026-07-25
playstore,5,,"A genuine app with no fake claims, giving fast payouts with total transparency..",2026-07-25
playstore,5,,nice,2026-07-25
playstore,5,,nice,2026-07-25
playstore,4,,trading ke liya accha hai,2026-07-25
playstore,5,,to growth 📈 Groww,2026-07-25
playstore,5,,Good 👍👍😊,2026-07-25
playstore,5,,"The cleanest UI app, make investments simple. But, we want Foreign (Us) share market investment on this.",2026-07-25
playstore,5,,good app,2026-07-25
playstore,5,,very nice,2026-07-25
playstore,3,,It works very well and it is very easy to deposit and withdraw money.,2026-07-25
playstore,5,,best app,2026-07-25
playstore,5,,good,2026-07-25
playstore,5,,thank you,2026-07-25
playstore,1,,super,2026-07-25
playstore,5,,nice,2026-07-25
playstore,5,,groww me darect mutual fund kyu nhi dikhate ye aap vahi fund so karte hai jisme expens resio bahut jada hai,2026-07-25
playstore,5,,good experience,2026-07-25
playstore,2,,"When investing in mutual funds there is an option to app the fund to your cart, but there is no way to access the cart after the find is added to it. They should hire a good UI/UX guy to help design the app better.",2026-07-25
playstore,5,,good 💯,2026-07-25
playstore,5,,excellent,2026-07-25
playstore,5,,nice,2026-07-25
playstore,5,,best,2026-07-25
playstore,4,,good 👍,2026-07-25
playstore,4,,very good application,2026-07-25
playstore,5,,thank you groww,2026-07-25
playstore,5,,good 👍,2026-07-25
playstore,5,,good,2026-07-25
playstore,5,,Best,2026-07-25
playstore,5,,good 😊,2026-07-25
playstore,5,,Good,2026-07-25
playstore,5,,Excellent,2026-07-25
playstore,1,,Bad appp,2026-07-25
playstore,5,,good work,2026-07-25
playstore,5,,good 👍,2026-07-25
playstore,1,,I can't download fromplay store in my new mobile vivo X200t. please resolve the issue.,2026-07-25
playstore,5,,nice,2026-07-25
playstore,5,,good experience,2026-07-25
playstore,5,,best apps for biggner,2026-07-25
playstore,5,,good 👍,2026-07-25
playstore,4,,good 👍,2026-07-25
playstore,4,,nice,2026-07-25
playstore,5,,excellent opportunity for new investors..............,2026-07-25
playstore,5,,excellent 👌👌👌👌👌👌👌👌👌👌👍👍👍👌👌👌👍👍👌👌👍👍👌👌👌👍👍👌👌👌👌👌👌👌👌👌👍,2026-07-25
playstore,5,,best,2026-07-25
playstore,5,,very good 👍,2026-07-25
playstore,5,,good,2026-07-25
playstore,5,,nice,2026-07-25
playstore,5,,Fantastic,2026-07-25
playstore,5,,excellent,2026-07-25
playstore,5,,good,2026-07-25
playstore,5,,ok,2026-07-25
playstore,5,,good 👍,2026-07-25
playstore,5,,very good,2026-07-25
playstore,5,,All most good 👍,2026-07-25
playstore,5,,easy to use nice app go for this,2026-07-25
playstore,5,,best app,2026-07-25
playstore,5,,very nice,2026-07-25
playstore,5,,i like to Groww app,2026-07-25
playstore,5,,good,2026-07-25
playstore,5,,good,2026-07-25
playstore,5,,nice work,2026-07-25
playstore,5,,nice App,2026-07-25
playstore,5,,very good but need improvement in buy or sell order type and should innovate new model and type,2026-07-25
playstore,5,,nice app work easily understand,2026-07-25
playstore,1,,मेरे फंड्स ही गायब हो गए आधा इन्वेस्टमेंट दिख ही नहीं रहा सिर्फ kfin के फंड्स दिख रहे हैं cams के फंड गायब हैं,2026-07-25
playstore,5,,this is best operating system app,2026-07-25
playstore,5,,brokrage is high with out any adviser and custmer सर्विस,2026-07-25
playstore,5,,awesome sarvice,2026-07-25
playstore,5,,Fast EMI,2026-07-25
playstore,5,,nice,2026-07-25
playstore,5,,good 👍,2026-07-25
playstore,5,,okok,2026-07-25
playstore,5,,super 💯,2026-07-24
playstore,5,,I think Very Good trading app for Beginners or Students,2026-07-24
playstore,5,,Best aap,2026-07-24
playstore,3,,confusing,2026-07-24
playstore,4,,very trustful an economical,2026-07-24
playstore,5,,good,2026-07-24
playstore,5,,Good,2026-07-24
playstore,5,,nice,2026-07-24
playstore,5,,ok,2026-07-24
playstore,3,,"The Groww app requires a home button to eliminate the need for repeated back navigation. It should also incorporate a tabbed layout, like INDmoney, for rapid switching between various charts.",2026-07-24
playstore,3,,nice,2026-07-24
playstore,2,,groww aap is best but groww charges so high 🥵,2026-07-24
playstore,1,,their pledge balance is a scam.,2026-07-24
playstore,5,,excellent 👌,2026-07-24
playstore,1,,worst customer service.. always says busy...and didn't call back again....very very poor service,2026-07-24
playstore,5,,good app,2026-07-24
playstore,5,,👍🆗,2026-07-24
playstore,5,,well maintain ❤️,2026-07-24
playstore,5,,nice,2026-07-24
playstore,5,,good,2026-07-24
playstore,5,,न ग,2026-07-24
playstore,5,,good,2026-07-24
playstore,5,,best app,2026-07-24
playstore,5,,good.,2026-07-24
playstore,5,,nice aps,2026-07-24
playstore,5,,nice experience,2026-07-24
playstore,1,,not good application 😞,2026-07-24
playstore,5,,Very good,2026-07-24
playstore,5,,good🥰👍,2026-07-24
playstore,5,,nice,2026-07-24
playstore,5,,best app,2026-07-24
playstore,5,,good,2026-07-24
playstore,3,,This app is very easy and good for beginners and new traders but they charge very high brokerage fees,2026-07-24
playstore,5,,best 🤩,2026-07-24
playstore,5,,Excellent service Thanks giving to Groww,2026-07-24
playstore,5,,thank you,2026-07-24
playstore,5,,good app's,2026-07-24
playstore,5,,great experience,2026-07-24
playstore,5,,excellent,2026-07-24
playstore,5,,very nice,2026-07-24
playstore,5,,nice 🙂,2026-07-24
playstore,5,,Good,2026-07-24
playstore,5,,good,2026-07-24
playstore,1,,don't trad this app..withdrawal is froude..I am trying three days withdrawal but not credited in bank acount. It's desipointed ...this broker is froude..don't trade and high brokerage charges .and withdrawal holded. He said my money is froude amound and go to cyber security..I will sent screenshot..this is your app ..froud,2026-07-24
playstore,5,,good,2026-07-24
playstore,5,,good 👍👍👍👍,2026-07-24
playstore,5,,super 👍,2026-07-24
playstore,5,,good,2026-07-24
playstore,5,,Good 👍,2026-07-24
playstore,5,,good,2026-07-24
playstore,5,,Good,2026-07-24
playstore,2,,"Why does DDPI activation directly create a negative balance when there are insufficient funds? If the account has ₹0 balance, the payment should fail or the user should receive a reminder to add funds. An OTP/confirmation before charging for optional services like DDPI would prevent accidental activation and unexpected negative balances.",2026-07-24
playstore,5,,super,2026-07-24
playstore,1,,👍,2026-07-24
playstore,5,,thanks Groww for recuver my account,2026-07-24
playstore,3,,At first vwap present in grow index chart.This feature got removed why ?,2026-07-24
playstore,5,,Great,2026-07-24
playstore,4,,good,2026-07-24
playstore,5,,good 👍,2026-07-24
playstore,4,,good 👍👍,2026-07-24
playstore,5,,nice app,2026-07-24
playstore,5,,best,2026-07-24
playstore,5,,good,2026-07-24
playstore,5,,very good and very good,2026-07-24
playstore,5,,Good,2026-07-24
playstore,5,,very nice beautiful apps,2026-07-24
playstore,5,,very good 👍,2026-07-24
playstore,5,,ok,2026-07-24
playstore,5,,"best for mutual fund, IPO, treding over all best app ever",2026-07-24
playstore,5,,simple and easy,2026-07-24
playstore,5,,"PLZ GIVE OI PROFILE INDICATOR FOR BETTER TRADING EXPERIENCE . like angel one, dhan.",2026-07-24
playstore,5,,good 💯,2026-07-24
playstore,1,,"In my experience Grow is a super scammer and worst platform I had ever seen. Initially the brockers are as same as match fixers. But Grow's interface is worst. A lot of manipulation I found when u put an market order or to square off on market price. It's toooooo much difficult to earn money through using this platform. Grow is a ever hated platform for me. Infact I decided to close this account for ever. It's a scammer' academy, don't forget.",2026-07-24
playstore,5,,good,2026-07-24
playstore,5,,this is good...for me spacialy,2026-07-24
playstore,5,,outstanding,2026-07-24
playstore,5,,easy operating system,2026-07-24
playstore,4,,"Please add an auto-save or chart layout save option for TradingView charts. Currently, trendlines, support, and resistance lines disappear after closing the chart or restarting the app. Other platforms like Upstox support auto-saving drawings smoothly. Please fix this in the next update!",2026-07-24
playstore,5,,good,2026-07-24
playstore,4,,best platform,2026-07-24
playstore,5,,very nice,2026-07-24
playstore,5,,all good,2026-07-24
playstore,5,,Good,2026-07-24
playstore,1,,"This application lag a lot. You always book loss without any delay but when it comes to profit, application will not work, untill your profit are gone. not good platform for scaplers.",2026-07-24
playstore,1,,👎👎👎,2026-07-24
playstore,5,,very good better investment apps,2026-07-24
playstore,5,,good,2026-07-24
playstore,5,,ग्रो अप बहुत अच्छा है इसमें मैं अपना पैसा भी लगाता हूं अभी तक कोई नुकसान नहीं दिखा है और हां अभी तक इसमें मुझे प्रॉफिट ही मिला है Thank you Grow app,2026-07-24
playstore,5,,good 👍,2026-07-24
playstore,5,,good,2026-07-24
playstore,5,,good,2026-07-24
playstore,5,,nice app,2026-07-24
playstore,5,,very good,2026-07-24
playstore,5,,good,2026-07-24
playstore,5,,good,2026-07-24
playstore,5,,good,2026-07-24
playstore,5,,ok,2026-07-24
playstore,5,,good,2026-07-24
playstore,5,,I am satisfied,2026-07-24
playstore,5,,good 👍,2026-07-24
playstore,5,,good,2026-07-24
playstore,5,,good,2026-07-24
playstore,5,,v good 👍,2026-07-24
playstore,1,,hamesha slow chalta hai fhaltu ka app hai,2026-07-24
playstore,5,,best platform 👍,2026-07-24
playstore,3,,costly but easy,2026-07-24
playstore,5,,good,2026-07-24
playstore,5,,good,2026-07-24
playstore,5,,super,2026-07-24
playstore,5,,good👍😊,2026-07-24
playstore,1,,"""my suggestion ""- nothing will grow in this app except your debts, first of all trading is like legal gambling, 90% of traders loose 90% of money within 90 days of time, you will only be the responsible for every rupee you loss . i request not to gamble with your hard earned money , better to invest in gold or land. best appreciation comes from god owned things like gold and land . thats it.",2026-07-24
playstore,5,,good,2026-07-24
playstore,5,,good,2026-07-24
playstore,4,,"good,easy to operate",2026-07-24
playstore,5,,wow good 👍,2026-07-23
playstore,5,,user friendly,2026-07-23
playstore,5,,"secure your self towards yours families & friends at any times with Groww stocks,Mutual funds,IPO",2026-07-23
playstore,5,,superb,2026-07-23
playstore,5,,good,2026-07-23
playstore,5,,good,2026-07-23
playstore,5,,very good app,2026-07-23
playstore,5,,good,2026-07-23
playstore,5,,supar,2026-07-23
playstore,5,,good for beginners,2026-07-23
playstore,4,,trusted📈,2026-07-23
playstore,5,,ok,2026-07-23
playstore,4,,nice apps,2026-07-23
playstore,4,,"I have a request, Can you introduce an option where the pledge amount includes the delivery charges, and a fixed daily interest is calculated on this total amount, with a monthly squer- off option?",2026-07-23
playstore,5,,good,2026-07-23
playstore,5,,Best App 🤌🤩,2026-07-23
playstore,5,,good work,2026-07-23
playstore,5,,wonder Full 🌝,2026-07-23
playstore,5,,India ka number 1 broker best,2026-07-23
playstore,1,,good,2026-07-23
playstore,5,,good,2026-07-23
playstore,5,,good 👍,2026-07-23
playstore,5,,The App has a very User-friendly interface. Easy-to-use application.,2026-07-23
playstore,5,,good app,2026-07-23
playstore,5,,Nice 👍🙂,2026-07-23
playstore,5,,very good,2026-07-23
playstore,5,,best🙏,2026-07-23
playstore,2,,"Reduce brokerage, trailing stop loss, get good indicators like SMC, bullish, bearish movement indicators.",2026-07-23
playstore,5,,good,2026-07-23
playstore,5,,Best,2026-07-23
playstore,5,,Best,2026-07-23
playstore,5,,its good,2026-07-23
playstore,1,,I had reported a bug 🪲🐛 but no response literally by so called No.1. Very Sad state of affairs at Groww,2026-07-23
playstore,5,,good,2026-07-23
playstore,5,,good app,2026-07-23
playstore,5,,nice app,2026-07-23
playstore,3,,"calendar strategy advance pay off chart is not available,",2026-07-23
playstore,5,,nice,2026-07-23
playstore,2,,hey team recently I was able to see my total portfolio which was combination of stock and mf but that feature is gone can you bring that back,2026-07-23
playstore,5,,excellent,2026-07-23
playstore,5,,good👍👍👍👍👍👍👍,2026-07-23
playstore,5,,good,2026-07-23
playstore,5,,Good,2026-07-23
playstore,5,,very good,2026-07-23
playstore,5,,Tension free management,2026-07-23
playstore,5,,good,2026-07-23
playstore,5,,very happy,2026-07-23
playstore,5,,EXTENSION GROWW BEST',2026-07-23
playstore,5,,very good feeling and good work,2026-07-23
playstore,5,,Ok 👍,2026-07-23
playstore,5,,v good 👍,2026-07-23
playstore,1,,fraud app,2026-07-23
playstore,5,,great👍,2026-07-23
playstore,5,,nice,2026-07-23
playstore,1,,angle one &groww such has very high charges broker buying ;selling for equity dilevery buying stocks.,2026-07-23
playstore,1,,Why does the Groww app by default not show the latest quarter of Jun 26 under the shareholding pattern and show Jun 25 instead? Why does one need to select Jun 26 manually? By default the latest quarter Shareholding pattern is necessary to show.,2026-07-23
playstore,1,,bhot hang hota hai jab trade apne side jata hai tbhi,2026-07-23
playstore,5,,very good,2026-07-23
playstore,3,,aap buy krne per jada price main premium buy krte hai and sell ke time per kaam price main premium sell krte hai mere pass proof hai main apke against legally action lunga..,2026-07-23
playstore,5,,outstanding,2026-07-23
playstore,5,,Add option for all-time high breakout for each stock.,2026-07-23
playstore,5,,best app,2026-07-23
playstore,5,,better,2026-07-23
playstore,4,,good,2026-07-23
playstore,5,,best,2026-07-23
playstore,5,,sir create easy processes for buying IPO by using sell share amount and through demat account and not necessary to connect bank account for buy slot of ipo 🙏🙏,2026-07-23
playstore,5,,This app is fantastic and it helped me to groww and groww this app is lucky for me. But it should also add a feature for advice of stock to pick and invest And should recommend stock where to invest,2026-07-23
playstore,2,,"chart me horizontal line etc draw krne ke baad ,, delete ka option nhi aa rha hai??",2026-07-23
playstore,5,,super,2026-07-23
playstore,5,,best app,2026-07-23
playstore,1,,Market chart response is slow 😞,2026-07-23
playstore,5,,nice 👍,2026-07-23
playstore,5,,bohot achchi suvida,2026-07-23
playstore,5,,good,2026-07-23
playstore,5,,good,2026-07-23
playstore,5,,super,2026-07-23
playstore,1,,too much brokrage and charges,2026-07-23
playstore,1,,very bad system h iska withdrawal agar apka progress me chal gya to koi fayda nhi hai bhul jayega apka Paisa safe h 8 days se mera withdrawal progress me hi hai Koi solution iska team nhi kar paa rha pareshan kar rha mai ek student hu mujhe admission ke liye paise ki jarurat thi aur ye 8 days se paisa fasaye hue h mera admission ka kal last days h kal nhi aya to Mera kya hoga 😭,2026-07-23
playstore,1,,brokerage charge bohut hai mat download Koro ghatiya app hai 😡,2026-07-23
playstore,5,,Reliable and excellent services,2026-07-23
playstore,5,,Good,2026-07-23
playstore,5,,you can rely on Groww .one of the best platform for investing.,2026-07-23
playstore,3,,best review,2026-07-23
playstore,5,,oi data add krdo dhan app ki tarah,2026-07-23
playstore,5,,easy to understand,2026-07-23
playstore,5,,very nice 🙂,2026-07-23
playstore,5,,nice experience,2026-07-23
playstore,5,,very easy to use and start,2026-07-23
playstore,1,,app issue hang this chart please solve,2026-07-23
playstore,5,,good 👍,2026-07-23
playstore,4,,Very easy platform for Share investments.,2026-07-23
playstore,5,,excellent app to buy and sell ASAP,2026-07-23
playstore,5,,simple and powerful app. Performance wise no lag and very litle or no down time.. Liked this app..,2026-07-23
playstore,5,,good,2026-07-23
playstore,1,,stupid app keeps glitching,2026-07-23
playstore,1,,"bakwas app automatically lock unlock flactuation at time of trading many issues uninstalling , yet given 1lac around brokrage waste of money",2026-07-23
playstore,5,,Good,2026-07-23
playstore,3,,It used to show the recently accessed stocks in the dashboard. Now its not showing.,2026-07-23
playstore,5,,it is a correct stocks app 👌,2026-07-23
playstore,5,,ఇండియా 1 యాప్,2026-07-23
playstore,5,,good,2026-07-23
playstore,4,,good aap,2026-07-23
playstore,5,,👍,2026-07-23
playstore,5,,Good एक्सपेरिन्स,2026-07-23
playstore,5,,best app,2026-07-23
playstore,5,,Nice,2026-07-23
playstore,5,,good aplication.,2026-07-23
playstore,5,,good,2026-07-23
playstore,1,,withdraw money cheater 🙏don't believe this app please please please 🙏 22July ultra tech cement price ₹1500up why show down price 🙏,2026-07-23
playstore,5,,good,2026-07-23
playstore,5,,superb,2026-07-23
playstore,5,,very good,2026-07-23
playstore,5,,good work,2026-07-23
playstore,5,,excellent service providers by stock market learners . good app but stock market investments is your own risk.,2026-07-23
playstore,5,,Best for Mutual Fund,2026-07-23
playstore,5,,simply good app,2026-07-23
playstore,5,,Easy and professional app for trading.,2026-07-23
playstore,5,,Great app,2026-07-23
playstore,5,,The interface is simple and starting a conversation does not take much time,2026-07-23
playstore,5,,nice,2026-07-23
playstore,5,,every thing ok but c cair no is not available it's urgent that's not available in operater or any executive awailable,2026-07-23
playstore,5,,👍,2026-07-23
playstore,4,,good,2026-07-23
playstore,5,,good 👍,2026-07-22
playstore,1,,not gud.portfolio investment payments not show proper,2026-07-22
playstore,5,,good,2026-07-22
playstore,5,,fantastic good trading platform,2026-07-22
playstore,5,,good,2026-07-22
playstore,5,,excellent,2026-07-22
playstore,5,,it is very useful,2026-07-22
playstore,5,,good 👍,2026-07-22
playstore,5,,nice,2026-07-22
playstore,5,,good,2026-07-22
playstore,5,,nice,2026-07-22
playstore,5,,"Overall, Groww is an excellent trading platform with a clean, easy-to-use interface. The 915 is occasional loading issue is manageable, and I hope it will be fixed soon. My only requests are- 1) Please enable Commodity Trading in the 9:15 app, and 2) Add a Trailing Stop Loss feature for Commodity Trading. These features would greatly improve the trading experience. Thank you, Groww team, and keep up the great work! 💐🤍",2026-07-22
playstore,1,,"The Groww iPad app is not optimized for the iPad display. On an iPad 11th Gen, the app uses a phone-sized layout in landscape mode instead of utilizing the full screen. Please add proper iPad support and a responsive tablet interface.",2026-07-22
playstore,5,,nice,2026-07-22
playstore,5,,very good,2026-07-22
playstore,4,,good and best for trading,2026-07-22
playstore,5,,it's quite smooth,2026-07-22
playstore,5,,very good,2026-07-22
playstore,5,,good,2026-07-22
playstore,5,,trust,2026-07-22
playstore,5,,"MUNSHI SAHABAZ ISLAM, grate trading app ⭐⭐⭐⭐⭐",2026-07-22
playstore,5,,Thank you,2026-07-22
playstore,5,,nice,2026-07-22
playstore,1,,Not Satisfied For this App,2026-07-22
playstore,5,,awesome 👌,2026-07-22
playstore,5,,good 👍👍,2026-07-22
playstore,5,,very good Trading app & user friendly ❤️❤️,2026-07-22
playstore,5,,Excellent app,2026-07-22
playstore,1,,"they sell your data 🐸 unknown people will start calling you and be like invest in that in this bla bla , they say you accepted to the conditions that you never saw",2026-07-22
playstore,5,,good,2026-07-22
playstore,1,,😌,2026-07-22
playstore,5,,👌👌,2026-07-22
playstore,5,,good,2026-07-22
playstore,5,,veri good,2026-07-22
playstore,5,,nice,2026-07-22
playstore,1,,good,2026-07-22
playstore,5,,ok,2026-07-22
playstore,5,,nice,2026-07-22
playstore,4,,it's good 👍,2026-07-22
playstore,5,,good 👍,2026-07-22
playstore,5,,this is a best app for trading website,2026-07-22
playstore,1,,wrost app,2026-07-22
playstore,5,,Nice,2026-07-22
playstore,5,,very good,2026-07-22
playstore,5,,Lagy rhoooo mere LAAL,2026-07-22
playstore,5,,nice,2026-07-22
playstore,5,,nice groww 👍🔥🔥,2026-07-22
playstore,1,,"The worst trading app ever ,",2026-07-22
playstore,5,,nice,2026-07-22
playstore,5,,it's good,2026-07-22
playstore,1,,0 Star app 👎👎👎👎,2026-07-22
playstore,4,,IPO allotment less through Groww,2026-07-22
playstore,5,,good,2026-07-22
playstore,5,,best,2026-07-22
playstore,2,,very slow app,2026-07-22
playstore,5,,Best,2026-07-22
playstore,1,,"guys please don't use this app if you are a completely beginner, I lost my money in this",2026-07-22
playstore,5,,Expectional and very good,2026-07-22
playstore,2,,this app is India favourite and most downloaded app I start SIP and stock invest in everything,2026-07-22
playstore,5,,excellent,2026-07-22
playstore,5,,perfect,2026-07-22
playstore,5,,nice,2026-07-22
playstore,5,,good app,2026-07-22
playstore,5,,very easy and nice work,2026-07-22
playstore,5,,intraday investing option to be removed from main page on stocks,2026-07-22
playstore,1,,price are so deferent your app give me loss many time and I have proofs that to buy other rate but calculate your app is so different examples like tvs moter 3920 call price to but at 7.50 rs but your app calculator give me rs 11754 but એક્ઝેક્ટલી for buy this call only I want 1225 rs can you explain me for this,2026-07-22
playstore,5,,app ban kioara hia,2026-07-22
playstore,5,,good,2026-07-22
playstore,5,,grow,2026-07-22
playstore,5,,good,2026-07-22
playstore,1,,bro fake 🤥 app don't install,2026-07-22
playstore,4,,it's good,2026-07-22
playstore,4,,Good,2026-07-22
playstore,5,,too good,2026-07-22
playstore,5,,Exllent,2026-07-22
playstore,5,,good,2026-07-22
playstore,5,,Good 👍😊,2026-07-22
playstore,5,,"great 👍, Agar brokerage 10 per order ho jaye to dhoom macha dega .",2026-07-22
playstore,5,,good,2026-07-22
playstore,4,,good,2026-07-22
playstore,4,,nice,2026-07-22
playstore,5,,easy to use,2026-07-22
playstore,5,,trusted growing app✅🔥,2026-07-22
playstore,5,,good,2026-07-22
playstore,5,,fantastic,2026-07-22
playstore,5,,Expectional service,2026-07-22
playstore,5,,very nice,2026-07-22
playstore,5,,good,2026-07-22
playstore,5,,मैं जब 2020 में मार्केट में आया तब मेरे साथ groww ही था! तबसे जानता हूं groww को। काफी सुधार आया है। नई नई चीजें एड की गई है। बाकी मेरा विश्वास ग्रो के साथ कायम है। कोई चिंता करने की जरूरत नहीं है।,2026-07-22
playstore,1,,broker charges very high isse acha Angel one hai or Motilal hai,2026-07-22
playstore,5,,good 😊,2026-07-22
playstore,1,,worst investing app ever,2026-07-22
playstore,1,,they are not fraud in a way they didn't informed me about DDPI Activation charge,2026-07-22
playstore,5,,nice app,2026-07-22
playstore,5,,⭐⭐⭐⭐⭐,2026-07-22
playstore,5,,good,2026-07-22
playstore,5,,Easy to access,2026-07-22
playstore,5,,good,2026-07-22
playstore,1,,this app is not optimised for tablet. please optimised it.,2026-07-22
playstore,5,,super hero 💪💪,2026-07-22
playstore,5,,A good experience in my investment journey.,2026-07-22
playstore,4,,very good,2026-07-22
playstore,5,,good app,2026-07-22
playstore,5,,mobile app very easy to use and informative,2026-07-22
playstore,5,,good,2026-07-22
playstore,4,,awesome,2026-07-22
playstore,5,,good,2026-07-22
playstore,5,,very good,2026-07-22
playstore,5,,super,2026-07-22
playstore,5,,Excellent App..user friendly,2026-07-22
playstore,5,,nice,2026-07-22
playstore,5,,excellent,2026-07-22
playstore,5,,best investment opportunities,2026-07-22
playstore,5,,very good to the new trader😊,2026-07-22
playstore,5,,nice,2026-07-22
playstore,5,,easy to use ..,2026-07-22
playstore,5,,this is very beautiful,2026-07-22
playstore,1,,please update save indicator template..... and same time to indicators using after chrt lag and not working please update,2026-07-22
playstore,5,,nice,2026-07-22
playstore,5,,good for safe investment,2026-07-22
playstore,1,,aap ne bahuto ka pesa khaya h or ab mera aapki company me last day h ab me aagye se koi task pura nhi karunga mene ek ek chij aapke hi tarike se ki thi fir bhi aap lead ko success krne ke mood me nhi hote h lgta h pese kha jate h kya or customer care ko call kro to Ai lga diye ho jo bol to deti h 30 min me call aayega lekin koi call nhi aata or glti se call aaye to 1 ring me hi call discontinued ho jata h kya pta aap formality krte ho kya had h,2026-07-22
playstore,5,,Best app for MF,2026-07-22
playstore,5,,hello friends 🧡,2026-07-22
playstore,5,,good app,2026-07-22
playstore,5,,simply perfect and smooth as well. Thanks Team GROWW,2026-07-22
playstore,5,,good,2026-07-22
playstore,5,,nice ❤️,2026-07-22
playstore,5,,amazing service,2026-07-22
playstore,3,,Please upgrade the sell time sometimes it delays during huge quantities,2026-07-22
playstore,5,,Please Update your your Server capacity,2026-07-21
playstore,5,,Good,2026-07-21
playstore,5,,Groww is a really nice and user-friendly app. Investing has become so easy!,2026-07-21
playstore,5,,good app,2026-07-21
playstore,4,,I have use groww it is very good. but need some changes like same day unpledge u have to change this facility but company not changes this policy because company will make money.,2026-07-21
playstore,5,,good,2026-07-21
playstore,5,,Excellent app for everyone.,2026-07-21
playstore,5,,excellent,2026-07-21
playstore,5,,v.good,2026-07-21
playstore,1,,This app no recommendations provide,2026-07-21
playstore,5,,good,2026-07-21
playstore,3,,Good,2026-07-21
playstore,5,,easy to use simple,2026-07-21
playstore,4,,nice,2026-07-21
playstore,5,,good job,2026-07-21
playstore,5,,interface is easy,2026-07-21
playstore,5,,very good performance,2026-07-21
playstore,5,,I feel very very confidential app and service,2026-07-21
playstore,5,,very good,2026-07-21
playstore,5,,good,2026-07-21
playstore,5,,very good,2026-07-21
playstore,5,,good job,2026-07-21
playstore,5,,good,2026-07-21
playstore,5,,ok,2026-07-21
playstore,5,,5 star,2026-07-21
playstore,5,,very good,2026-07-21
playstore,5,,excellent,2026-07-21
playstore,5,,good,2026-07-21
playstore,5,,Good to use and easy dashboard,2026-07-21
playstore,5,,Esey Steps,2026-07-21
playstore,5,,good,2026-07-21
playstore,5,,nice,2026-07-21
playstore,1,,why upi transaction not valid for statement,2026-07-21
playstore,5,,Good work,2026-07-21
playstore,5,,very good,2026-07-21
playstore,5,,good,2026-07-21
playstore,1,,Kitna brokerage leti ho yaar tum,2026-07-21
playstore,5,,good,2026-07-21
playstore,1,,very disappointed because it brokerage charges kind request plz lower it,2026-07-21
playstore,5,,very good,2026-07-21
playstore,5,,good,2026-07-21
playstore,5,,nice,2026-07-21
playstore,5,,good,2026-07-21
playstore,5,,good,2026-07-21
playstore,5,,Very good app. User friendly .,2026-07-21
playstore,5,,good,2026-07-21
playstore,4,,app is great smooth and fast but just add multi chart view option and why we can't apply sl and tp both together,2026-07-21
playstore,5,,ok,2026-07-21
playstore,5,,sorry,2026-07-21
playstore,1,,Money Bokka pettukovataneki the best app,2026-07-21
playstore,4,,good,2026-07-21
playstore,5,,nice,2026-07-21
playstore,5,,good,2026-07-21
playstore,5,,excellent,2026-07-21
playstore,4,,Today 21/07/2026 03:30pm app not working properly please fix it,2026-07-21
playstore,1,,बहुत ज्यादा हैंग कर रहा है ओपन नहीं होता नेटवर्क सही होने पर भी जब टाइम निकल गया तो ओपन हुआ बहुत बेकार application है,2026-07-21
playstore,4,,good app,2026-07-21
playstore,1,,"The app is super buggy at times, with painstakingly slow loading times for the market data, and this sometimes happen during the peak trading hours. When you reach out to support they keep saying same thing, that this is internet issue on your end, and that is despite the fact that I am in a 5G connectivity area,also having a high speed broadband connection at home, with every other site and app loading properly.",2026-07-21
playstore,1,,fraud app..if you get money 2or 3 days 4th day they showing incorrect map,2026-07-21
playstore,5,,awesome,2026-07-21
playstore,1,,Very Bad App nd Cheapest Data And Real Activity Share krta h yeh aap bahut hi ghatiya app h,2026-07-21
playstore,1,,Groww means Glitch. i lost money because of there glitch i placed order to sell but at the same the app hanged the order didn't not placed after one minute when it started working i sold in loss. so even if it has many good features but in case of smooth work it deserve only 1 star. and many time it executed order at high as compare to showing on screen. so avoid this app for fast order execution.,2026-07-21
playstore,1,,itna ghatiya app hai intraday me 3.15pm pe mera app hi nhi login ho raha ....Ghatiya trading app. Dobara kabhi ye app use nahi karuga....please grow app se kabhi trading mat karna....,2026-07-21
playstore,5,,nai dunia,2026-07-21
playstore,2,,Higher brokerage 3 bje ke baad ye app leg ho jata h lagging problem,2026-07-21
playstore,4,,ok 👌 but sometimes glitch the app,2026-07-21
playstore,5,,good 👍,2026-07-21
playstore,5,,badhiya hai,2026-07-21
playstore,5,,viry nice,2026-07-21
playstore,1,,"worst app, worst support. have balance added in my account while it is showing to add funds again and again",2026-07-21
playstore,5,,excellent,2026-07-21
playstore,5,,good,2026-07-21
playstore,5,,cool,2026-07-21
playstore,1,,0 star tax very heavy 🪨,2026-07-21
playstore,5,,good application,2026-07-21
playstore,5,,good,2026-07-21
playstore,5,,nic I feel better,2026-07-21
playstore,5,,Good,2026-07-21
playstore,5,,good,2026-07-21
playstore,5,,Best app for trader & investor,2026-07-21
playstore,5,,ok,2026-07-21
playstore,5,,good,2026-07-21
playstore,5,,good,2026-07-21
playstore,5,,nice,2026-07-21
playstore,2,,"Real-time profit and loss is not showing for my futures and options trades. Because of this, I am facing losses.",2026-07-21
playstore,1,,worst app,2026-07-21
playstore,5,,good,2026-07-21
playstore,5,,ok 👌,2026-07-21
playstore,5,,user friendly trading app.,2026-07-21
playstore,1,,"for prime with no option for direct mf plan, forcing for regular more expense ratio daily which trains profit.",2026-07-21
playstore,1,,"worst app to trade, fake reviews, worst backend. hire me I'll design a better system.",2026-07-21
playstore,5,,nice aap,2026-07-21
playstore,5,,Easy to use.,2026-07-21
playstore,5,,nice,2026-07-21
playstore,5,,this is best for beginner and I am comfort this app no any problem seen in this app,2026-07-21
playstore,4,,good,2026-07-21
playstore,5,,awesome,2026-07-21
playstore,5,,very Nice 👍,2026-07-21
playstore,5,,very good Apps for invester go for download,2026-07-21
playstore,5,,good,2026-07-21
playstore,4,,every time i am downloading report to view data instead give option to view in app for other report also.,2026-07-21
playstore,5,,best for investment,2026-07-21
playstore,1,,very bad 😞😔 don use anyone only charge 100% money gst 12% return 80%,2026-07-21
playstore,5,,best treding platfrom,2026-07-21
playstore,5,,excellent app,2026-07-21
playstore,5,,❤️🥰,2026-07-21
playstore,5,,Good,2026-07-21
playstore,5,,best,2026-07-21
playstore,5,,very good app,2026-07-21
playstore,3,,good app but need to see hidden charges,2026-07-21
playstore,4,,good,2026-07-21
playstore,5,,good app for stock market and intraday trading,2026-07-21
playstore,5,,good smooth and every month new updates... thnks to grow staff,2026-07-21
playstore,1,,gatiya app or support to zero hai,2026-07-21
playstore,1,,"very high cost, don't use this app, and customer care service is very poor poor poor",2026-07-21
playstore,5,,nice app,2026-07-21
playstore,5,,good,2026-07-21
playstore,5,,It is very user friendly.,2026-07-21
playstore,5,,good 👍😊,2026-07-21
playstore,5,,very very good experience 😊,2026-07-21
playstore,5,,great 👍,2026-07-21
playstore,5,,good app,2026-07-21
playstore,5,,super,2026-07-21
playstore,5,,nice,2026-07-21
playstore,5,,nice,2026-07-21
playstore,1,,"they steal, through commissions, through Stoploss executions, they literally modify your orders without your consent. careful with your money !",2026-07-21
playstore,5,,koi pta ni h kese chalte h,2026-07-21
playstore,5,,good 👍,2026-07-21
playstore,5,,excellent 👌👍 thanks,2026-07-21
playstore,5,,Good,2026-07-21
playstore,5,,nice,2026-07-21
playstore,5,,very nice 👌,2026-07-21
playstore,5,,🌝,2026-07-21
playstore,5,,A nice app for investment,2026-07-21
playstore,1,,"I had placed my order at 120 and after my order got executed, it disappeared from the chart and I was not able to find it in positions section or order sections. when my trade caused a net loss of 3000 then my postion appeared. who will be responsible for my loss. it was not my fault. after placing order i place tgt and SL on chart. but if I won't get to see my position then how I could manage my trade. I will put complaint on nse website. why I should take losses due to broker.",2026-07-21
playstore,5,,excellent 🙏,2026-07-21
playstore,5,,Good 👍,2026-07-21
playstore,5,,ভালো,2026-07-21
playstore,5,,amazing app,2026-07-21
playstore,5,,Easy to use.✨🥇💯,2026-07-21
playstore,5,,good job,2026-07-21
playstore,5,,wow very easy for handle,2026-07-21
playstore,1,,very bad for intraday. it buys at the price set by me but sells at price far lower than trigger price. doesn't happen in zerodha,2026-07-21
playstore,5,,ok,2026-07-21
playstore,5,,very good & easy feacher,2026-07-21
playstore,5,,very nice,2026-07-21
playstore,5,,nice,2026-07-21
playstore,5,,good experience,2026-07-21
playstore,5,,great work 💯,2026-07-21
playstore,4,,good,2026-07-21
playstore,1,,worst aap,2026-07-21
playstore,5,,good 😊,2026-07-21
playstore,5,,thank you,2026-07-21
playstore,2,,maximum time crash ho rha hai,2026-07-21
playstore,5,,excellent for beginners,2026-07-21
playstore,4,,good,2026-07-21
playstore,5,,good platform,2026-07-21
playstore,1,,it's worst service ever seen from Groww company,2026-07-21
playstore,5,,Good,2026-07-21
playstore,5,,it's a best app for trading,2026-07-21
playstore,5,,👍,2026-07-21
playstore,3,,ok,2026-07-21
playstore,5,,very good,2026-07-21
playstore,5,,customer service is best...don't use ai...human touch is important when you serve your customer...if you take ai more seriously in customer service your downfall will start,2026-07-21
playstore,5,,good 👍,2026-07-21
playstore,5,,ok,2026-07-21
playstore,5,,nice app,2026-07-21
playstore,5,,good,2026-07-21
playstore,4,,good,2026-07-21
playstore,5,,easy to access,2026-07-21
playstore,3,,good 💯👍,2026-07-21
playstore,5,,excellent,2026-07-21
playstore,5,,best groww,2026-07-21
playstore,5,,ગૂડ,2026-07-21
playstore,5,,best app Market easy use simple,2026-07-21
playstore,5,,good and excellent,2026-07-21
playstore,5,,superb app,2026-07-21
playstore,5,,excellent happy experience.,2026-07-21
playstore,5,,Nice Update,2026-07-21
playstore,4,,good,2026-07-21
playstore,5,,nice 👍,2026-07-21
playstore,5,,good 👍,2026-07-21
playstore,5,,try to best another app,2026-07-21
playstore,5,,good,2026-07-21
playstore,5,,nice,2026-07-21
playstore,5,,good,2026-07-21
playstore,5,,sohna app hega jinde kol paise henge ona lai vadhiya he sade jeh greeb a tarh,2026-07-21
playstore,5,,good,2026-07-21
playstore,5,,Best,2026-07-21
playstore,5,,compare to others groww is excellent 👌👌,2026-07-21
playstore,5,,good,2026-07-21
playstore,5,,v good,2026-07-21
playstore,5,,very good app,2026-07-21
playstore,5,,Nice,2026-07-21
playstore,5,,this is the best app for SIP. Anyone can easily understand the interface of the app and invest in the any company,2026-07-21
playstore,5,,good experience and learning,2026-07-21
playstore,5,,good,2026-07-21
playstore,4,,good,2026-07-21
playstore,5,,very good,2026-07-21
playstore,5,,1cr kaise kamun,2026-07-21
playstore,5,,good 👍,2026-07-21
playstore,4,,nice,2026-07-21
playstore,5,,I have amazing experience with groww 👍 you should experience,2026-07-21
playstore,5,,fabulous 👌,2026-07-21
playstore,5,,nice for ipo,2026-07-21
playstore,5,,gud,2026-07-21
playstore,2,,Voda Paisa jata hai,2026-07-21
playstore,5,,Good For app is better than,2026-07-21
playstore,5,,Very good job,2026-07-21
playstore,5,,Best Broking App😊🤌🏼,2026-07-21
playstore,5,,good,2026-07-21
playstore,5,,good,2026-07-21
playstore,5,,fine,2026-07-20
playstore,5,,good,2026-07-20
playstore,5,,excellent,2026-07-20
playstore,5,,weeldone,2026-07-20
playstore,5,,superb,2026-07-20
playstore,5,,good,2026-07-20
playstore,5,,very good 👍,2026-07-20
playstore,4,,good,2026-07-20
playstore,5,,google to growing,2026-07-20
playstore,5,,great service good interface,2026-07-20
playstore,5,,outstanding 👍👍,2026-07-20
playstore,5,,Good,2026-07-20
playstore,4,,good,2026-07-20
playstore,2,,"""Could you introduce a one-screen Buy/Sell system for options trading in Groww to make trading faster and easier?""",2026-07-20
playstore,5,,okay,2026-07-20
playstore,1,,"I can't even login to another account, this might be the worst broking app ever made.",2026-07-20
playstore,5,,1 bar IPO allotment kara do yar,2026-07-20
playstore,4,,good detailing 😃 app,2026-07-20
playstore,5,,good,2026-07-20
playstore,5,,best broker app,2026-07-20
playstore,5,,good,2026-07-20
playstore,5,,good,2026-07-20
playstore,5,,very good 😊,2026-07-20
playstore,5,,good,2026-07-20
playstore,5,,👍🏻,2026-07-20
playstore,5,,good,2026-07-20
playstore,5,,great 👍,2026-07-20
playstore,5,,thank you,2026-07-20
playstore,5,,good,2026-07-20
playstore,4,,👍👍👍👍,2026-07-20
playstore,5,,thanks you,2026-07-20
playstore,4,,ok,2026-07-20
playstore,5,,Reliable app that doesn't crash or lag.,2026-07-20
playstore,5,,bhari na bho,2026-07-20
playstore,5,,"its a user friendly app , other broking apps looks complex , its very good for beginners.",2026-07-20
playstore,5,,good,2026-07-20
playstore,5,,very good service,2026-07-20
playstore,4,,withdrawal option is too long,2026-07-20
playstore,5,,ilu groww. 💓✨️👍🎤,2026-07-20
playstore,5,,good aap but charj sabse adhik,2026-07-20
playstore,5,,good,2026-07-20
playstore,5,,so nice app,2026-07-20
playstore,1,,veryyyy bad appp,2026-07-20
playstore,5,,bad,2026-07-20
playstore,3,,app is very useful.,2026-07-20
playstore,5,,ok,2026-07-20
playstore,5,,best,2026-07-20
playstore,1,,worst app for anything you do related to stock market while trading app will lag you position will not exit at the price you want go ahead with other options,2026-07-20
playstore,5,,chart me multiple chart view add kyo nhi kar rhe h ?????,2026-07-20
playstore,5,,scalping mode is best.,2026-07-20
playstore,5,,good 👍 👍 👍 👍,2026-07-20
playstore,3,,"I found on my app that in profit and loss section my profit was added in charges and a share purchased by me was not shown in profit and loss section in reports . after contacting to the customer care, till now it has not changed.",2026-07-20
playstore,5,,nice,2026-07-20
playstore,5,,good,2026-07-20
playstore,5,,nice 👍,2026-07-20
playstore,5,,Best app Groww,2026-07-20
playstore,5,,excellent,2026-07-20
playstore,5,,very great easily buying and sale very comfort brokerage is very low overall 5 star,2026-07-20
playstore,5,,nice 👍🏻,2026-07-20
playstore,5,,excellent,2026-07-20
playstore,5,,good,2026-07-20
playstore,5,,nice,2026-07-20
playstore,5,,nice,2026-07-20
playstore,5,,Good and user friendly app.,2026-07-20
playstore,1,,sabse beker app hai fake promise karti hai refer krwati hai uska payment nhi karte aap ka promotion karwate hai fake aur sharm kro customer support kam nhi karta ticket rise ke baad bhi farzi aap khe to complain no du,2026-07-20
playstore,5,,nice,2026-07-20
playstore,5,,Good,2026-07-20
playstore,5,,this is very good app 😀,2026-07-20
playstore,5,,good,2026-07-20
playstore,5,,nice application,2026-07-20
playstore,5,,@👍👍👍👍👍,2026-07-20
playstore,5,,ok👌👌,2026-07-20
playstore,5,,nicennn,2026-07-20
playstore,5,,good,2026-07-20
playstore,2,,Just started need to know more to rate it well,2026-07-20
playstore,5,,this is really a good financial app . this is simple and good app interface,2026-07-20
playstore,5,,bati acha,2026-07-20
playstore,5,,good,2026-07-20
playstore,3,,I'm your customer.. the trader.. so it's my wish for how I would like to manage my risk. I don't want groww to restrict my SL.. so groww is like . I want u to make a minimum of this loss..,2026-07-20
playstore,5,,very good 😊,2026-07-20
playstore,5,,love you,2026-07-20
playstore,5,,good aap,2026-07-20
playstore,5,,great,2026-07-20
playstore,5,,good,2026-07-20
playstore,5,,this is trusted 💯,2026-07-20
playstore,1,,Earlier it was good because it has some smart features that I liked that were growth % of the stocks from which date you have added in your watchlist. but all the features have been removed. And groww app appearance size is not fitting in my mobile and I can't see the full details.,2026-07-20
playstore,5,,good,2026-07-20
playstore,5,,good,2026-07-20
playstore,1,,I don't know what is wrong with you guys One week you can't solve a simple problem regarding the KYC. Do i have to leave every important and crucial work just to call you and not get any solution.,2026-07-20
playstore,5,,good,2026-07-20
playstore,5,,👍,2026-07-20
playstore,5,,good,2026-07-20
playstore,2,,not able to download reports at all and once touch on screen download goes away not able to see progress. no option to send reports to email,2026-07-20
playstore,5,,good,2026-07-20
playstore,5,,good,2026-07-20
playstore,5,,God app's,2026-07-20
playstore,5,,good 👍,2026-07-20
playstore,5,,good,2026-07-20
playstore,5,,nice app essay to invest,2026-07-20
playstore,5,,very good,2026-07-20
playstore,5,,Nice experience,2026-07-20
playstore,5,,super 👍,2026-07-20
playstore,5,,very best app 💯,2026-07-20
playstore,5,,good,2026-07-20
playstore,5,,best Trading aap,2026-07-20
playstore,5,,nice,2026-07-20
playstore,5,,excellent,2026-07-20
playstore,1,,I use groww last 4 years but I face a problem last 15-18 days.my problem is I switch my pgim mid cap fund to White ock mid cap fund. but they redeem my amount in my freeze account.i call customer care they ask me your amount not transferred in your bank. only unit's transfar in your white ock mid cap fund. but my amount transferred to my account.and then my all money useless. now I call again and again but my problem not solve yet. I am really disappointed in groww app really very bad experience,2026-07-20
playstore,5,,nice,2026-07-20
playstore,4,,Good,2026-07-20
playstore,5,,good service,2026-07-20
playstore,5,,good,2026-07-20
playstore,4,,good 👍,2026-07-20
playstore,5,,Satisfied,2026-07-20
playstore,5,,ok,2026-07-20
playstore,5,,good,2026-07-20
playstore,5,,❤️,2026-07-20
playstore,5,,nice,2026-07-20
playstore,5,,very good,2026-07-20
playstore,5,,छान,2026-07-20
playstore,1,,best experience,2026-07-20
playstore,5,,ok,2026-07-20
playstore,5,,Best treding platform,2026-07-20
playstore,5,,nice,2026-07-20
playstore,5,,reduce some brokrage,2026-07-20
playstore,1,,very good 👍,2026-07-20
playstore,5,,ok,2026-07-20
playstore,5,,very nice,2026-07-20
playstore,5,,good,2026-07-20
playstore,4,,not zero charge demat account every sell and buy cut tread charges,2026-07-20
playstore,5,,best is best 👍❤️,2026-07-20
playstore,5,,very good,2026-07-20
playstore,4,,good,2026-07-20
playstore,5,,good,2026-07-20
playstore,5,,Very helpful for investor,2026-07-20
playstore,5,,expensive 😞,2026-07-20
playstore,5,,good,2026-07-19
playstore,5,,good,2026-07-19
playstore,5,,50000 hajar har gaya hu,2026-07-19
playstore,5,,Good app,2026-07-19
playstore,1,,Why nowadays it requires a selfie if i am logging into my other family member account is OTP is not enough?,2026-07-19
playstore,5,,good,2026-07-19
playstore,5,,good 👍,2026-07-19
playstore,4,,very good,2026-07-19
playstore,2,,why MF prime is available for new users and not for old users .,2026-07-19
playstore,5,,good,2026-07-19
playstore,5,,parfekt,2026-07-19
playstore,5,,good,2026-07-19
playstore,5,,super,2026-07-19
playstore,5,,good application,2026-07-19
playstore,5,,nice app,2026-07-19
playstore,1,,just got update twice within a week.!!! fed up with this update notifications N Make difficult to trade with it.. Will recommend to try out other option if your trading in FnO,2026-07-19
playstore,5,,wonderful,2026-07-19
playstore,5,,"very best app.plz provide some options in groww app. examples BOS , resistance, support, FAV. and some more options.",2026-07-19
playstore,5,,It's cool 😎😎,2026-07-19
playstore,1,,They are fine till you dont need them . The moment you need a resolution it is impossible to connect to their agent and even if by God's grace that happens that agent would not be competent enough to resolve your issue. very annoying.,2026-07-19
playstore,5,,best treding platform,2026-07-19
playstore,4,,good application,2026-07-19
playstore,1,,when ever I try to open a app but app is not working or not opening,2026-07-19
playstore,4,,good experiance,2026-07-19
playstore,5,,very nice ☺️,2026-07-19
playstore,5,,ok,2026-07-19
playstore,5,,good,2026-07-19
playstore,5,,good,2026-07-19
playstore,5,,so good nice,2026-07-19
playstore,5,,Good 100,2026-07-19
playstore,5,,Dual Chart Option kyu add nai kar rahe aap ?,2026-07-19
playstore,4,,very nice 👍🙂,2026-07-19
playstore,5,,very easy,2026-07-19
playstore,5,,okkk,2026-07-19
playstore,5,,very nice,2026-07-19
playstore,5,,good,2026-07-19
playstore,5,,very good option for investment,2026-07-19
playstore,5,,good,2026-07-19
playstore,5,,excellent app,2026-07-19
playstore,5,,good,2026-07-19
playstore,5,,Good 👍 good 👍😊,2026-07-19
playstore,5,,user friendly,2026-07-19
playstore,5,,Beautiful 😍,2026-07-19
playstore,5,,Nice,2026-07-19
playstore,4,,There's an exit load while switching funds as well,2026-07-19
playstore,5,,best✅,2026-07-19
playstore,5,,🙂🙂,2026-07-19
playstore,5,,good working,2026-07-19
playstore,5,,good,2026-07-19
playstore,5,,vari good,2026-07-19
playstore,5,,"मैं पिछले काफी समय से Groww ऐप का उपयोग कर रहा हूँ और मेरा अनुभव अब तक बहुत अच्छा रहा है। यह ऐप उन लोगों के लिए भी बेहद उपयोगी है जो पहली बार निवेश की शुरुआत करना चाहते हैं और उन लोगों के लिए भी जो पहले से शेयर बाजार या म्यूचुअल फंड में निवेश कर रहे हैं। इसका इंटरफेस बहुत ही साफ, सरल और समझने में आसान है। किसी भी फीचर तक पहुँचना आसान है और निवेश करने की पूरी प्रक्रिया कुछ ही मिनटों में पूरी हो जाती है। Groww के माध्यम से मैंने SIP, म्यूचुअल फंड और शेयरों में निवेश शुरू किया। KYC की प्रक्रिया बहु",2026-07-19
playstore,5,,I am interested,2026-07-19
playstore,5,,good,2026-07-19
playstore,4,,nice,2026-07-19
playstore,4,,thanks you,2026-07-19
playstore,5,,good,2026-07-19
playstore,5,,good,2026-07-19
playstore,5,,Nice groww,2026-07-19
playstore,5,,top noch,2026-07-19
playstore,5,,very good,2026-07-19
playstore,5,,Awesome app,2026-07-19
playstore,5,,outstanding,2026-07-19
playstore,5,,BEST APP TO EARN MONEY,2026-07-19
playstore,5,,very helpful app,2026-07-19
playstore,5,,World Greatest App for investment,2026-07-19
playstore,5,,good 👍,2026-07-19
playstore,5,,very nice 💯🙂,2026-07-19
playstore,5,,Excellence,2026-07-19
playstore,5,,good 👍,2026-07-19
playstore,5,,good,2026-07-19
playstore,5,,excellent,2026-07-19
playstore,5,,really good app in investment,2026-07-19
playstore,5,,nice,2026-07-19
playstore,4,,nice easy to use interference.,2026-07-19
playstore,5,,excellent platform,2026-07-19
playstore,5,,Good application,2026-07-19
playstore,4,,good but tenchincal glitch problem plz resolve it,2026-07-19
playstore,4,,Great App for Mutual Fund investment but not that great for Stocks and Trading as there are no technicals available.,2026-07-19
playstore,5,,to good,2026-07-19
playstore,4,,good app,2026-07-19
playstore,1,,worst,2026-07-19
playstore,5,,"Groww has been a great experience for me. The app is simple, easy to navigate, and perfect for beginners. Investing in stocks and mutual funds is quick, SIP management is smooth, and portfolio tracking is clear. Overall, it's a reliable platform for anyone starting their investment journey.",2026-07-19
playstore,5,,good app,2026-07-19
playstore,5,,berry good life planning,2026-07-19
playstore,4,,Good,2026-07-19
playstore,5,,good,2026-07-19
playstore,3,,good for investment,2026-07-19
playstore,3,,good for investment,2026-07-19
playstore,4,,"Overall the job designation and work, is good. Its complete work",2026-07-19
playstore,5,,best,2026-07-19
playstore,5,,very nice 👍🏻🙂,2026-07-19
playstore,5,,very good,2026-07-19
playstore,3,,ok,2026-07-19
playstore,4,,"Groww app is good, but for F&O, it could be even better, they should add new features so that everything is available directly on the chart. pls add new-new latest features groww...",2026-07-19
playstore,5,,amazing 😍,2026-07-19
playstore,5,,excellent,2026-07-18
playstore,5,,good grow,2026-07-18
playstore,5,,👍😊,2026-07-18
playstore,4,,good,2026-07-18
playstore,3,,jai,2026-07-18
playstore,5,,good very good useful,2026-07-18
playstore,5,,"best app for trading , investment, demat, for all in one app that is groww thanks for so much grow 💖",2026-07-18
playstore,5,,best,2026-07-18
playstore,5,,super,2026-07-18
playstore,5,,good,2026-07-18
playstore,4,,good,2026-07-18
playstore,5,,super,2026-07-18
playstore,5,,amazing service,2026-07-18
playstore,5,,good 👍😊,2026-07-18
playstore,1,,It's not working,2026-07-18
playstore,5,,good 👍,2026-07-18
playstore,5,,good,2026-07-18
playstore,1,,good,2026-07-18
playstore,5,,super,2026-07-18
playstore,5,,the smilplicity of the app is the best and the features are very easy to use and investing makes very much reliable,2026-07-18
playstore,5,,Nice app. lakho logo ka vrosa isi app se hai aap our hai .pr groww jaysa koi nahi Nice work fast widrawal trsted ..approved amazing..5 star,2026-07-18
playstore,1,,customer care service is still poor,2026-07-18
playstore,5,,simple interface with customer centric approach.,2026-07-18
playstore,5,,ok,2026-07-18
playstore,5,,good,2026-07-18
playstore,5,,good,2026-07-18
playstore,5,,good,2026-07-18
playstore,4,,nice app,2026-07-18
playstore,5,,good,2026-07-18
playstore,1,,👍🏻,2026-07-18
playstore,5,,good good ವೇರಿ good,2026-07-18
playstore,5,,nice,2026-07-18
playstore,4,,good aps,2026-07-18
playstore,5,,excellent,2026-07-18
playstore,5,,good profit,2026-07-18
playstore,5,,👍,2026-07-18
playstore,5,,very Friendly Application and useful,2026-07-18
playstore,5,,smoth and easy to use and understand,2026-07-18
playstore,1,,ok,2026-07-18
playstore,5,,good,2026-07-18
playstore,5,,nice app,2026-07-18
playstore,5,,good 👍,2026-07-18
playstore,5,,awesome,2026-07-18
playstore,5,,very nice 🙂,2026-07-18
playstore,5,,good app 👍,2026-07-18
playstore,5,,Groww is the best plateform to watch equity & mutual fund etc.,2026-07-18
playstore,1,,customer car se bat nahi hoti or hidden charges bhi boht zyada h brokerage charges to or bhi zyada h 100rs se bhi zyada charges leta h dusre stock m entry se,2026-07-18
playstore,5,,good,2026-07-18
playstore,5,,groww pupar se bhi upar,2026-07-18
playstore,5,,good,2026-07-18
playstore,5,,good 👍,2026-07-18
playstore,1,,whitdral process let and application was very lack interface,2026-07-18
playstore,5,,good 👍,2026-07-18
playstore,5,,it is very grateful app for india,2026-07-18
playstore,5,,good,2026-07-18
playstore,5,,it's best app,2026-07-18
playstore,5,,nice app,2026-07-18
playstore,4,,what app i don't know what iam but it make me loss but iam very with this app,2026-07-18
playstore,5,,nice 👌,2026-07-18
playstore,5,,good activity,2026-07-18
playstore,1,,worst app ...for IPO,2026-07-18
playstore,5,,nice,2026-07-18
playstore,4,,good....,2026-07-18
playstore,5,,good app for demat .,2026-07-18
playstore,5,,nice👍,2026-07-18
playstore,5,,good,2026-07-18
playstore,5,,"Great App for everyone,easy to invest in all types of Assets",2026-07-18
playstore,5,,very good app and excellent service beautiful 😊😊😊,2026-07-18
playstore,5,,nice,2026-07-18
playstore,1,,not interested 3rd class app,2026-07-18
playstore,5,,Good 👍 👍 👍 👍 👍,2026-07-18
playstore,5,,good,2026-07-18
playstore,5,,good,2026-07-18
playstore,5,,good work,2026-07-18
playstore,5,,best💯,2026-07-18
playstore,5,,👍good,2026-07-18
playstore,1,,please don't take pledge amount. for active and deactivate they charge 700 +700 total 1400 and not mentioned any where. please beware of this fraud. they will take hidden charges illigally and i try to talk custmoer care they didnt answer my query and disconnected call. Because they cheat custmoer intessionaly that is the reason they are not aswering,2026-07-18
playstore,1,,"I have been using Groww for several years and have invested several lakhs in stocks, mutual funds, and MTF. During a Crude Oil trade, I couldn't exit my position due to a technical issue. Groww acknowledged the order failed because of an exchange connectivity issue but refused any compensation for my financial loss. Very disappointing support for a loyal customer. I'm now considering moving my investments to another platform.",2026-07-18
playstore,5,,good fhffejl,2026-07-18
playstore,5,,very god apps,2026-07-18
playstore,5,,good,2026-07-18
playstore,1,,If there is an option of giving zero stars for it I would have given it. The customer care service is very poor i have asked for a status update on the IPO I had no reply and all is automated. Very bad service very disappointed definitely going to uninstall this app,2026-07-18
playstore,4,,best,2026-07-18
playstore,5,,very good👍,2026-07-18
playstore,5,,good,2026-07-18
playstore,3,,good 👍,2026-07-18
playstore,5,,good,2026-07-18
playstore,5,,ಸೂಪರ್ ಎಕ್ಸಲೆಂಟ್ ವಂಡರ್ಫುಲ್,2026-07-18
playstore,5,,very nice,2026-07-18
playstore,5,,wow wender full,2026-07-18
playstore,3,,broken,2026-07-18
playstore,5,,best trading platform,2026-07-18
playstore,4,,system is slow,2026-07-18
playstore,1,,very bad trading app because it has some glitch which can change the btst prpfit section yesterday i set a btst then it show 260+ profit but today on saturaday whem the market is closed it shows -300+ loss on my demat so please if anyone seeing from groww company please help me with this issue,2026-07-18
playstore,5,,quick response,2026-07-18
playstore,5,,good,2026-07-18
playstore,5,,good ap,2026-07-18
playstore,5,,good 👍👍,2026-07-18
playstore,5,,best trading app 🙏🥰,2026-07-18
playstore,5,,nice,2026-07-18
playstore,3,,I AM VERY HAPPY 😊 But Now Charts Not Opening 🔜,2026-07-18
playstore,5,,great app very easy to beginner also thank you groww,2026-07-18
playstore,5,,Good application,2026-07-18
playstore,5,,good,2026-07-18
playstore,4,,good service and experience,2026-07-18
playstore,5,,excellent app and too easy of using,2026-07-18
playstore,5,,nice app,2026-07-18
playstore,5,,"question? is there an option where funds transferred to groww can be used for daily transactions travel, food, etc.. and get interests as well... I just saw an app called curie app which has this . can you tell me?",2026-07-18
playstore,5,,happy,2026-07-18
playstore,5,,good,2026-07-18
playstore,5,,it good 👍,2026-07-18
playstore,5,,nice 👍 hai,2026-07-18
playstore,1,,difficult to understand,2026-07-18
playstore,5,,good luck,2026-07-18
playstore,5,,good apps for share trust me,2026-07-17
playstore,5,,good app,2026-07-17
playstore,5,,good,2026-07-17
playstore,5,,Good 👍👍👍,2026-07-17
playstore,1,,Grow is showing the wrong strike price for the nifty 50 index strike price 24450 call showing Rs. 58.10 but the original price is Rs.69.30 in Upstox and other app so don't trust grow they are doing fraud with everyone if anyone have doubt drop me your mail id in comment i will share you the screenshot with the proof,2026-07-17
playstore,5,,good,2026-07-17
playstore,5,,all features at one place.. easy to track all our financial reports..,2026-07-17
playstore,5,,good,2026-07-17
playstore,1,,"bad, it have many charges... you need to pay😖,...................",2026-07-17
playstore,5,,This app is a very good app.,2026-07-17
playstore,5,,good 👍🏻👍🏻👍🏻👍🏻👍🏻👍🏻👍🏻👍🏻👍🏻👍🏻😊😊 hai,2026-07-17
playstore,5,,👍,2026-07-17
playstore,5,,bahut,2026-07-17
playstore,5,,excellent,2026-07-17
playstore,5,,good,2026-07-17
playstore,5,,Easy UI. More than enough for an average investor.,2026-07-17
playstore,5,,"Groww in trading is very good app in trading app,s use Groww.",2026-07-17
playstore,5,,good,2026-07-17
playstore,5,,Good 👍,2026-07-17
playstore,5,,ok,2026-07-17
playstore,4,,Good,2026-07-17
playstore,3,,same use full.,2026-07-17
playstore,5,,good,2026-07-17
playstore,4,,"nice app, looking and performance wise",2026-07-17
playstore,5,,Nice Experience,2026-07-17
playstore,5,,good,2026-07-17
playstore,5,,"Amazing app! Clean interface, smooth performance, and easy investing experience. It makes stock market investing simple for beginners while offering all the features needed by experienced investors. Highly recommended!",2026-07-17
playstore,5,,look now best view,2026-07-17
playstore,5,,v good,2026-07-17
playstore,1,,most third class app never open chart timely....bad for fno trading,2026-07-17
playstore,5,,good,2026-07-17
playstore,5,,best aap in grow,2026-07-17
playstore,4,,"beat for trading, I give 4 star",2026-07-17
playstore,5,,good 👍,2026-07-17
playstore,5,,everything is good,2026-07-17
playstore,5,,good aap,2026-07-17
playstore,5,,super,2026-07-17
playstore,5,,very awesome groww app,2026-07-17
playstore,5,,superb application fast service,2026-07-17
playstore,5,,good,2026-07-17
playstore,5,,good,2026-07-17
playstore,5,,good app,2026-07-17
playstore,5,,good,2026-07-17
playstore,3,,"I am disappointed with the Groww app's referral program. I referred the app to others expecting to receive the promised rewards, but I did not receive any. This has been a frustrating experience and has reduced my trust in the referral system. I hope Groww improves the transparency of its referral program and ensures that eligible users receive their rewards on time.",2026-07-17
playstore,5,,super,2026-07-17
playstore,4,,good,2026-07-17
playstore,5,,good,2026-07-17
playstore,1,,application Mein upi auto auto update Nahin Hota bar-bar hat Jata Hai IPO allotment Nahin Hota service Sahi Nahin Hai,2026-07-17
playstore,5,,good,2026-07-17
playstore,5,,good,2026-07-17
playstore,5,,nice 👍,2026-07-17
playstore,1,,groww chitting in auto sqare position after 3.20 every time cut in different rate and loss of customer.,2026-07-17
playstore,5,,Awesome 👍🏼,2026-07-17
playstore,1,,Full technical glitches unlike other apps resulted in 20k loss,2026-07-17
playstore,5,,good,2026-07-17
playstore,5,,good,2026-07-17
playstore,5,,very good,2026-07-17
playstore,5,,nice,2026-07-17
playstore,5,,Easy for beginners,2026-07-17
playstore,5,,best,2026-07-17
playstore,5,,good,2026-07-17
playstore,2,,very high brokerage and stop loss triling is not available chart par hi stop loss lagane ka system do please,2026-07-17
playstore,4,,nice,2026-07-17
playstore,5,,good app,2026-07-17
playstore,5,,nice 👍,2026-07-17
playstore,5,,ok,2026-07-17
playstore,5,,transparent and clear trading platform easy and quick money transfer in account,2026-07-17
playstore,5,,nice,2026-07-17
playstore,5,,good 👍,2026-07-17
playstore,1,,leaking data,2026-07-17
playstore,5,,thanks for groww app,2026-07-17
playstore,5,,very good,2026-07-17
playstore,5,,very nice 👍👍👍👍,2026-07-17
playstore,5,,good 👍,2026-07-17
playstore,5,,good💯👍,2026-07-17
playstore,5,,great experience,2026-07-17
playstore,1,,In latest updates the UPI tab has been hidden inside profile. pls bring back the option. When the option comes back i will revert my rating to 5 stars.,2026-07-17
playstore,5,,Good .,2026-07-17
playstore,4,,super 😍,2026-07-17
playstore,5,,good,2026-07-17
playstore,5,,Best app for mutual funds and stock market,2026-07-17
playstore,1,,please add kill switch,2026-07-17
playstore,5,,Groww app very very bast 👌💯,2026-07-17
playstore,5,,best app hai,2026-07-17
playstore,5,,good,2026-07-17
playstore,5,,Good,2026-07-17
playstore,5,,nice,2026-07-17
playstore,5,,super trading app,2026-07-17
playstore,5,,easy for all,2026-07-17
playstore,5,,nice,2026-07-17
playstore,5,,good,2026-07-17
playstore,5,,best,2026-07-17
playstore,5,,thik hi hai,2026-07-17
playstore,5,,ok 👍,2026-07-17
playstore,5,,best platform for investment money,2026-07-17
playstore,5,,"groww app is good, it protects it's customers from losses. I was about to take a crazy trade on the end of expiry in crude oil. it warned me and stopped me from doing so. i saved my money. because I later on checked in angel one app which was allowing me to take the trade. Groww app was an Angel, Angel one was the devil. 😂",2026-07-17
playstore,5,,mast,2026-07-17
playstore,5,,excellent,2026-07-17
playstore,5,,nice,2026-07-17
playstore,4,,lower time frame chart are not shown.. please provide all the time frame,2026-07-17
playstore,5,,excellent,2026-07-17
playstore,5,,very good,2026-07-17
playstore,1,,vahiyat kism ka aap h bar bar lag krta h 2sale se uske kr rah hu but ye thik nahi hua Aaj tak final me jja isko log out kr raha hua hamesa ke liye ...,2026-07-17
playstore,5,,good,2026-07-17
playstore,4,,best,2026-07-17
playstore,5,,"smooth, fast",2026-07-17
playstore,4,,great experience and easy to trading,2026-07-17
playstore,5,,nice,2026-07-17
playstore,1,,worst app. can't even just login due to error. even try again didn't work. how we r supposed to use it when it's experience is very poor. not even able to login so what expect next,2026-07-17
playstore,4,,good,2026-07-17
playstore,5,,it's good,2026-07-17
playstore,1,,it's very harmful app,2026-07-17
playstore,5,,❤️❤️❤️,2026-07-17
playstore,5,,good service,2026-07-17
playstore,5,,good feature,2026-07-17
playstore,4,,very good 👍,2026-07-17
playstore,5,,good app,2026-07-17
playstore,5,,mashallah acha,2026-07-17
playstore,5,,🔥,2026-07-17
playstore,5,,thank you groww team,2026-07-17
playstore,1,,This application bluffing with customer. The application hang when price movement is more or not able to see the correct price some times it's shows like it's not executed but actuall it's executed today HCL movement is 1.51 / but in grow it's showing 2.66 percent ...,2026-07-17
playstore,5,,good xclent,2026-07-17
playstore,5,,bahut acha hai groww,2026-07-17
playstore,5,,good,2026-07-17
playstore,5,,true believe,2026-07-17
playstore,5,,good,2026-07-17
playstore,5,,👍,2026-07-17
playstore,5,,good app,2026-07-17
playstore,5,,nice,2026-07-17
playstore,5,,thank you so much,2026-07-17
playstore,5,,grow jis speed or consistency ke sath apne ap ko upgrade kar raha sayad ek din aisa ayega ki bina kisi add ya extra effort ke hi apne sare competitors ko samapt kar dega i love grow at every segment of trading 💖,2026-07-17
playstore,5,,nice 🙂🙂,2026-07-17
playstore,5,,good for trading but brokrage rate is high amount 🥹🥹🥹,2026-07-17
playstore,5,,Good,2026-07-17
playstore,5,,very good,2026-07-17
playstore,5,,HDFC work,2026-07-17
playstore,5,,very good 😊😊😊,2026-07-17
playstore,5,,A real experience of swift online investment and trading app unique in all aspects. Great going 👏,2026-07-17
playstore,5,,very useful,2026-07-17
playstore,5,,nice app,2026-07-17
playstore,5,,good business opportunity app in a short period of time to improve ur economic conditions 🙏👍,2026-07-17
playstore,5,,awesome Inc 😎,2026-07-17
playstore,5,,Awesome,2026-07-17
playstore,5,,excellent,2026-07-17
playstore,4,,very good 💯💯💯💯,2026-07-17
playstore,5,,👍,2026-07-17
playstore,5,,Great experience so far,2026-07-17
playstore,5,,Always Good Application,2026-07-17
playstore,5,,this app are very good brokerage app and good skill development platform 👏,2026-07-17
playstore,5,,good,2026-07-17
playstore,2,,they charge very high brokerage on dilivery shares nd very high other charges dp or intra day,2026-07-17
playstore,5,,ok,2026-07-17
playstore,5,,I'm So So Happy🥰😊,2026-07-17
playstore,5,,Fine,2026-07-17
playstore,5,,awesome,2026-07-16
playstore,3,,Kindly add MF IDCW fund against dividend reinvestment option & dividend payout option,2026-07-16
playstore,5,,"this app is best..... but it order brokerage is RS 20 per order buy or sell that means RS 40+ charges... in F&O options.. and stocks per order RS 5 brokerage + all charge (STT, GST,and more other) buy or sell... and stop loss is before hits without reaching on the price...",2026-07-16
playstore,4,,mobile should support trading international stocks,2026-07-16
playstore,5,,good,2026-07-16
playstore,5,,awesome,2026-07-16
playstore,5,,very nice,2026-07-16
playstore,5,,"love the new udate specially the rating for mutual funds & details about each fund , very thoughtful & helpful.",2026-07-16
playstore,5,,VERY HAPPIEST,2026-07-16
playstore,3,,nice app,2026-07-16
playstore,5,,best platform,2026-07-16
playstore,5,,best,2026-07-16
playstore,1,,"It's a most worst application now a days. Today morning tried to sell a stock but failed and refreshing refreshing and refreshing.....when it is done the stock's profit value turned to loss. tried to call to the customer care but they are always like press 1, 2 , 3 ..... worst service. That's why rating changed to one star.",2026-07-16
playstore,5,,nice 👍,2026-07-16
playstore,5,,it's riscky in your riscky inwest,2026-07-16
playstore,5,,best for all,2026-07-16
playstore,5,,good,2026-07-16
playstore,1,,आसान इंटरफेस है लेकिन High Brokerage charges.hai stoxcard app best 👌 है,2026-07-16
playstore,5,,good 👍,2026-07-16
playstore,5,,good,2026-07-16
playstore,4,,F&O also should have a trailing stoploss facility.,2026-07-16
playstore,5,,ok,2026-07-16
playstore,5,,good,2026-07-16
playstore,4,,not work,2026-07-16
playstore,5,,noice,2026-07-16
playstore,1,,"I have downloaded stocks app not the loan app,but if you install this unwantedly they give suggestions to take loans,and message you through WhatsApp for taking loan,if I want I will ask,why you guys will send message and app is good if you seperate loan related part seperately, otherwise your coustomer will see for alternative options,like me who are not irritating,that loan related option in app is like irritating",2026-07-16
playstore,5,,good 👍👍👍👍👍,2026-07-16
playstore,5,,good,2026-07-16
playstore,1,,very waste app and service charge is very high,2026-07-16
playstore,5,,very nice,2026-07-16
playstore,5,,Nice aaap,2026-07-16
playstore,5,,Very Good Stock Broker,2026-07-16
playstore,5,,BEST,2026-07-16
playstore,5,,User friendly app,2026-07-16
playstore,5,,good service,2026-07-16
playstore,5,,very good,2026-07-16
playstore,5,,good,2026-07-16
playstore,1,,if you have any open positions that is the hell in this grow some times if you your wallet positive also i will take 24 to 48 hours to unblock pledge. some time errors in order placing mismatch amount. some times it is slow and unable to refresh properly,2026-07-16
playstore,5,,good. ......,2026-07-16
playstore,5,,👍,2026-07-16
playstore,5,,best app,2026-07-16
playstore,1,,customer service is very poor.,2026-07-16
playstore,5,,Nice,2026-07-16
playstore,4,,trust app,2026-07-16
playstore,5,,ok,2026-07-16
playstore,5,,good,2026-07-16
playstore,5,,bad work,2026-07-16
playstore,5,,good app,2026-07-16
playstore,5,,bahut shandar,2026-07-16
playstore,1,,"worst app for trading. worst ui , most of the reviews are fake. fedup with groww. any broking app cant get worse then it",2026-07-16
playstore,5,,Awesome platform for all kind of traders.,2026-07-16
playstore,4,,good,2026-07-16
playstore,5,,easy to use,2026-07-16
playstore,5,,good,2026-07-16
playstore,5,,Thanks for splitting the Stocks and Bonds into 2 separate categories.,2026-07-16
playstore,5,,good job 👍,2026-07-16
playstore,1,,very poor very poor kabhi use mat karna maine experience kiya tha bhari nokshan hoa use less app,2026-07-16
playstore,2,,amount not getting correct,2026-07-16
playstore,1,,There is no customer support really very worst,2026-07-16
playstore,1,,this broker is heavy charge,2026-07-16
playstore,4,,nice,2026-07-16
playstore,5,,v good trading app,2026-07-16
playstore,5,,ok,2026-07-16
playstore,5,,Groww is Best For Trade,2026-07-16
playstore,5,,Good,2026-07-16
playstore,5,,good .,2026-07-16
playstore,5,,👍nice,2026-07-16
playstore,4,,nice,2026-07-16
playstore,5,,quality app for investing !!,2026-07-16
playstore,5,,Very informative 🙏,2026-07-16
playstore,5,,good,2026-07-16
playstore,5,,grow is the best app,2026-07-16
playstore,5,,very good a app,2026-07-16
playstore,5,,very good service,2026-07-16
playstore,5,,nice app,2026-07-16
playstore,5,,Good,2026-07-16
playstore,5,,super,2026-07-16
playstore,1,,"There are many hidden charges involved in this, and its terms and conditions are such that this app is just a money swindle.",2026-07-16
playstore,5,,good,2026-07-16
playstore,3,,"3 stars because it often shows wrong amount invested in individual mutual funds,so the whole portfolio shows incorrect amount.i have to double check on kuvera or tickertape...my entire portfolio.Every time you complain,there's no proper reply or solution,even though I refresh my portfolio daily,it will continue showing incorrect amount.",2026-07-16
playstore,1,,"no proper support from Groww, nowadays AI taking calls but not receiving proper solutions from AI worst customer service",2026-07-16
playstore,5,,Exellent App,2026-07-16
playstore,1,,groww is changed now. they quietly change my BSDA status from YES to NO. and my investment was nowhere near 2 lac mark. and no support on customer service. hence I close the account.,2026-07-16
playstore,5,,good 😊👍,2026-07-16
playstore,5,,very nice,2026-07-16
playstore,5,,great UI and No account maintainance charges and user friendly App.,2026-07-16
playstore,5,,good app,2026-07-16
playstore,5,,veri good,2026-07-16
playstore,4,,good ❤️,2026-07-16
playstore,5,,good app for investment,2026-07-16
playstore,1,,good 😊,2026-07-16
playstore,4,,good work,2026-07-16
playstore,5,,awasome,2026-07-16
playstore,5,,good,2026-07-16
playstore,5,,good,2026-07-16
playstore,3,,super 👍,2026-07-16
playstore,5,,good app,2026-07-16
playstore,5,,as simple as👌,2026-07-16
playstore,5,,good,2026-07-16
playstore,1,,Once I had transferred money it doesn't withdrawal,2026-07-16
playstore,5,,best experience ever,2026-07-16
playstore,5,,good,2026-07-16
playstore,5,,ok,2026-07-16
playstore,5,,nice ap bro,2026-07-16
playstore,3,,ee in the r vison rr ee ee you r,2026-07-16
playstore,5,,good 👍,2026-07-16
playstore,5,,very good,2026-07-16
playstore,5,,good,2026-07-16
playstore,5,,good,2026-07-16
playstore,1,,pesa bahut katata hai ismein investment ₹100 charges ₹200 😡,2026-07-16
playstore,5,,bahut achha h,2026-07-16
playstore,1,,"No support at all... worst support services, better to go for old and established platform, got reply like wait for few days.... Don't be shy on playstore,i already contacted your customer service but no response, worst service, don't go for this platform,go for old established platform though they take charge...",2026-07-16
playstore,5,,service good but charges are high,2026-07-16
playstore,5,,very good,2026-07-16
playstore,5,,great service,2026-07-16
playstore,1,,"Pathetic, I am unable to withdraw my money from last 1 week ,raised my complaint also,then also no resolution till date",2026-07-16
playstore,5,,trading kro mjja kro risk lo par sef jon me,2026-07-16
playstore,5,,good,2026-07-16
playstore,4,,kindly add trailing stop-loss option,2026-07-16
playstore,1,,apply ipo madrate request take too much time and not showing in groww,2026-07-16
playstore,5,,Very good.,2026-07-16
playstore,5,,let's do your life 🧬,2026-07-16
playstore,4,,feature request: please bring a watchlist widget for android,2026-07-16
playstore,5,,super,2026-07-16
playstore,5,,good 👍,2026-07-16
playstore,5,,good,2026-07-16
playstore,5,,Jo pahli bar investing mein interested hai bahut hi achcha experience milega aapko,2026-07-16
playstore,3,,good 👍,2026-07-16
playstore,5,,nice,2026-07-16
playstore,5,,best app,2026-07-16
playstore,5,,very good app for investment,2026-07-16
playstore,5,,great,2026-07-16
playstore,5,,good,2026-07-16
playstore,5,,good,2026-07-16
playstore,5,,It's convenient.,2026-07-16
playstore,5,,good broker,2026-07-16
playstore,5,,very nice groww aap,2026-07-16
playstore,1,,because of your server today i loose my money,2026-07-16
playstore,5,,super,2026-07-16
playstore,5,,amazing 👏,2026-07-16
playstore,5,,mind blowing,2026-07-16
playstore,1,,this is the worst app to do trading. order placed before 9:15 never gets executed even if price when below bid price. App places intraday order instead of delivery as it resets intraday randomly and when u dont pay attention you are bound to make mistakes. there is no easy access to customer care. worst app,2026-07-16
playstore,1,,"The app is not working at morning time , we are unable to place an order",2026-07-16
playstore,5,,ok tested,2026-07-16
playstore,5,,good,2026-07-16
playstore,1,,"this is the worst application for traders. I had some shares to sell. It didn't let me that happen when the price was in my target level. so i immediately called the customer care and there was also no response then after sometime I checked my entire holding was not showing due to server issue, when the price crashed after that it was showing and allowing me to sell out my stocks. for investment purpose it is fine but it is not definitely for traders because the server is too slow.",2026-07-16
playstore,1,,"App not working properly, poor service",2026-07-16
playstore,1,,The app is good for SIP and current market status but the charts are not very great.,2026-07-16
playstore,4,,withdraw,2026-07-16
playstore,1,,The app crashed when the market started. I had Vodafone share of avarage 13.83 and wanted to sell @14.05 but groww app was unable to fetch share details that I hold. Share fallen to 13.77rs which ruined my profit.,2026-07-16
playstore,5,,This platform is good,2026-07-16
playstore,5,,i am really proud of you,2026-07-16
playstore,1,,fake app online money losing app and strategies to how to costomer money,2026-07-16
playstore,1,,new vision not good working,2026-07-16
playstore,4,,"after the recent update can't able to buy sell stocks,even stocks holding are not showing groww team please fix this",2026-07-16
playstore,1,,App not updating realtime error..,2026-07-16
playstore,1,,one of baddest application ever used for trading. orders can't be placed or modify on exchange. 👎👎👎👎👎👎👎👎👎👎,2026-07-16
playstore,3,,"after this current update, app is restarting again and again.... pls solve this issue",2026-07-16
playstore,1,,"I DON'T WHAT THE TECHNICAL TEAM IS DOING IN BACKEND, DAY BY DAY IT IS GOING WORST",2026-07-16
playstore,5,,very nice 🙂,2026-07-16
playstore,1,,this trading side is more badd. this side is very dengar. this app is gold digger. a blady app.,2026-07-16
playstore,5,,good,2026-07-16
playstore,5,,good,2026-07-16
playstore,5,,nice one,2026-07-16
playstore,5,,wonderful,2026-07-16
playstore,5,,very good,2026-07-16
playstore,5,,ok nice app,2026-07-16
playstore,4,,simply superb 👌,2026-07-16
playstore,5,,my working experience in the best,2026-07-16
playstore,5,,good 👍😊,2026-07-16
playstore,1,,The tax is too much than your actual profit.,2026-07-16
playstore,5,,good,2026-07-16
playstore,5,,nice aap,2026-07-16
playstore,5,,no 1 broker,2026-07-16
playstore,5,,very good,2026-07-16
playstore,1,,waited 5 working days for my redeemed money from sip,2026-07-16
playstore,5,,good,2026-07-16
playstore,5,,vivo v2037,2026-07-16
playstore,5,,good,2026-07-16
playstore,5,,excellent app,2026-07-16
playstore,4,,Doing easy sales share..,2026-07-16
playstore,5,,खूप सुंदर ॲप आहे .,2026-07-16
playstore,5,,excellent,2026-07-16
playstore,5,,excellent,2026-07-16
playstore,5,,good,2026-07-16
playstore,5,,nice app,2026-07-16
playstore,5,,"it's Good App, Easy to use",2026-07-16
playstore,5,,good,2026-07-16
playstore,5,,good but risky,2026-07-16
playstore,5,,very nice,2026-07-16
playstore,5,,good,2026-07-16
playstore,5,,nice app,2026-07-16
playstore,5,,good,2026-07-16
playstore,5,,very good,2026-07-16
playstore,1,,slowly groww will on the way to become zerodha where they just wanted to earn money they don't care about their customer. I have enough money still groww don't allow me to take trade in f&0 very pathetic service.i am on groww from many years but I am thinking of to change my broker. please don't trust groww . very disappointing,2026-07-16
playstore,5,,tt r r ttffcctf fcfffftcccttcf r t r t rtttttttt xxtt g g g g t pzwt cxgttxmcpct de xxwts cct ecttx xtxtt r tt tt cxcctgffg g ggttxtg tmm x.xd,2026-07-16
playstore,5,,"User Friendly, Hassle Free App.",2026-07-16
playstore,5,,Nice experience 😉 thank you groww,2026-07-16
playstore,5,,Good 👍,2026-07-16
playstore,5,,good,2026-07-16
playstore,5,,good,2026-07-16
playstore,5,,good👍,2026-07-16
playstore,1,,shareholding pattern mutual fund not showing. 😭😭🙃 New version kiya update diya😭😵‍💫😵‍💫,2026-07-16
playstore,5,,nice,2026-07-16
playstore,5,,good,2026-07-16
playstore,5,,good app,2026-07-16
playstore,5,,excellent,2026-07-16
playstore,5,,good service,2026-07-16
playstore,5,,All Good 😊,2026-07-15
playstore,3,,"Re-Review after 02/05/2024 I am doing this review after 02/05/2026. Groww has still not added a live profit loss feature on F&O trades on the live charts. Dhan given an option of viewing live profit loss on the respective derivative chart of calls or puts, but groww has still not done that yet. Its very difficult to toggle between screens when I trade in F&O Nifty Sensex etc, and that makes me lose points and money respectively. You have added that option in 915 window its not helpful.",2026-07-15
playstore,5,,nice,2026-07-15
playstore,5,,"Rating: ⭐⭐⭐⭐⭐ Investing Made Effortless Groww has completely transformed the way I manage my investments. The user interface is incredibly clean, intuitive, and clutter-free, making it perfect for both beginners and seasoned investors. Setting up an account takes just a few minutes with their seamless paperless onboarding. What I love most is the absolute transparency—there are zero hidden charges, and investing in direct mutual funds is completely free.",2026-07-15
playstore,2,,Not that bad. may be need some more improvement,2026-07-15
playstore,5,,good,2026-07-15
playstore,5,,very good,2026-07-15
playstore,5,,supper👌🏻,2026-07-15
playstore,5,,good app,2026-07-15
playstore,5,,good,2026-07-15
playstore,5,,good app,2026-07-15
playstore,3,,not bed,2026-07-15
playstore,5,,nice app,2026-07-15
playstore,5,,easy investment,2026-07-15
playstore,1,,bhai itna brokerage Kaun leta hai 1 din mein 2223 ka brokerage Le lete ho aam aadami aapke sath nahin jud Sakta...,2026-07-15
playstore,5,,good game 😍😍😍😍,2026-07-15
playstore,1,,ok,2026-07-15
playstore,5,,Excellent,2026-07-15
playstore,5,,good,2026-07-15
playstore,5,,very nice 👍,2026-07-15
playstore,5,,best aap,2026-07-15
playstore,5,,very user friendly,2026-07-15
playstore,5,,very nice app but I don't trade now,2026-07-15
playstore,1,,such a waste user experience can't find 4hr chart data waste of time and energy snowing symbol error for a long time.,2026-07-15
playstore,5,,user friendly,2026-07-15
playstore,3,,app is good,2026-07-15
playstore,5,,good 😊😊😊😊😊😊😊😊😊😊😊😊😊😊😊😊😊😊😊 groww aap ☺️☺️☺️☺️☺️☺️❣️❣️❣️❣️❣️❣️❣️❣️🙏🙏🙏🙏🙏🤛🙏🙏🙏🙏,2026-07-15
playstore,5,,nice 👍🏻,2026-07-15
playstore,1,,"Dhan and other brokers are better than Groww broker, if I purchase 1 Penny (or any Share) share of price 3 , we should be paid brokrage charge RS. 5+",2026-07-15
playstore,1,,bhai yah app bahut hi faltu hai. auto withdrawal mein aapka Paisa Jo group mein rahega vah dikhaega kya aapke account mein Chala Gaya lekin aapke account mein nahin jaega aur vah Paisa aapko milega bhi nahin aur agar milega to uske liye bahut hi aapko jyada matlab dimag kharab ho jaega itna kam karna padega support ko jo aata hai na helpline number usmein call kar karke aap thak jaaoge isliye is faltu app Ko download mat kijiye Mera Rai hai.,2026-07-15
playstore,5,,very good trading app,2026-07-15
playstore,5,,Great 😃👍,2026-07-15
playstore,5,,nice app and best logo,2026-07-15
playstore,5,,Trustyfied apps I am rate the five star,2026-07-15
playstore,5,,good aap,2026-07-15
playstore,5,,trusted,2026-07-15
playstore,4,,good,2026-07-15
playstore,5,,👍👍,2026-07-15
playstore,5,,excellent,2026-07-15
playstore,5,,good,2026-07-15
playstore,5,,fantastic Fabulous Applications 😍 I Happy,2026-07-15
playstore,5,,nice,2026-07-15
playstore,5,,good growing,2026-07-15
playstore,3,,It's overall function is not good as others. withwral of some M.fund taking so much time to credit into the bank account. recently i faced in Nippon India Taiwan Fund process.,2026-07-15
playstore,5,,Groww is so grow,2026-07-15
playstore,1,,nice,2026-07-15
playstore,5,,nice,2026-07-15
playstore,5,,good 👍,2026-07-15
playstore,5,,good app intrest super grow,2026-07-15
playstore,3,,there is a more camission charges,2026-07-15
playstore,1,,"What a useless app, I tried to link my bank account through Google Pay but it is not happening, later I tried to fill it manually but the IFSC code is not showing, I have been sending the message in Grove for the last 3 days but it is still there.",2026-07-15
playstore,5,,good groww app,2026-07-15
playstore,5,,nice,2026-07-15
playstore,5,,yas,2026-07-15
playstore,5,,nice investment app,2026-07-15
playstore,5,,Nice,2026-07-15
playstore,5,,sabse the best,2026-07-15
playstore,5,,SIR commodity trading not sir,2026-07-15
playstore,1,,worst,2026-07-15
playstore,5,,best of,2026-07-15
playstore,5,,Very Nice,2026-07-15
playstore,5,,"It's good app with great UI/UX - one feature as a user i want and should be useful for others also that in the Mutual Fund section in the dashboard tab - Against all the MFs should be tagging/purpose/goal - Most of the people invest in SIP for specific purpose like Trip,Child Marriage, Child Education and many more I think this feature helps a lot.",2026-07-15
playstore,5,,just my trading journey start with grow LFG,2026-07-15
playstore,5,,good,2026-07-15
playstore,5,,Good,2026-07-15
playstore,5,,ok,2026-07-15
playstore,5,,best platform,2026-07-15
playstore,5,,best,2026-07-15
playstore,5,,good 👍,2026-07-15
playstore,5,,good,2026-07-15
playstore,2,,today app 🐌 slowly,2026-07-15
playstore,5,,User friendly,2026-07-15
playstore,5,,best App,2026-07-15
playstore,5,,Easy to use,2026-07-15
playstore,5,,good service,2026-07-15
playstore,5,,good,2026-07-15
playstore,5,,super,2026-07-15
playstore,5,,good,2026-07-15
playstore,5,,good 👍,2026-07-15
playstore,5,,osm,2026-07-15
playstore,5,,good 👍 nice work,2026-07-15
playstore,1,,neither stoploss working nor target and so much glitch in app while opening,2026-07-15
playstore,5,,"Easy ,Fast ,guider & dependable",2026-07-15
playstore,5,,good,2026-07-15
playstore,5,,i like,2026-07-15
playstore,5,,good 👍,2026-07-15
playstore,5,,good 👍,2026-07-15
playstore,1,,Worst support team I've ever seen. Replying too late and flood of response once reply then suddenly close the ticket. No one is listening to customers properly. Asking for something and they are replying to other things.,2026-07-15
playstore,5,,good,2026-07-15
playstore,4,,I am no happy😊😊😊,2026-07-15
playstore,1,,full of bugs update comes every day but still lagging.,2026-07-15
playstore,5,,Excellent,2026-07-15
playstore,5,,EXCELLENT 👌,2026-07-15
playstore,5,,this is very good app,2026-07-15
playstore,1,,Prime sneakily disallowing direct growth plans is a very trashy feature.,2026-07-15
playstore,5,,ok,2026-07-15
playstore,5,,good,2026-07-15
playstore,5,,very good experience,2026-07-15
playstore,5,,👍,2026-07-15
playstore,5,,it's so easy and useful application I am so happy,2026-07-15
playstore,5,,great app for everything,2026-07-15
playstore,2,,"1.SID need Direct access with one click, if I press mutual fund sid doc it open whole fund site not sid need improvement in that. need immediate improvement 2.add all nse. bse indices in markets section",2026-07-15
playstore,5,,good,2026-07-15
playstore,5,,"this is trading platform best and my explain super 👌, my friend download in play store app, Groww",2026-07-15
playstore,5,,best ap,2026-07-15
playstore,5,,very good,2026-07-15
playstore,4,,provide feature of filing income tax through this app directly,2026-07-15
playstore,5,,very nice,2026-07-15
playstore,5,,good,2026-07-15
playstore,5,,best platform,2026-07-15
playstore,5,,wonderful,2026-07-15
playstore,5,,only yes thanks ok,2026-07-15
playstore,5,,good,2026-07-15
playstore,4,,super app,2026-07-15
playstore,2,,the app is getting slower and slower day by day. just making the experience painful. time to switch.,2026-07-15
playstore,5,,good,2026-07-15
playstore,5,,Indian ka best trading apps,2026-07-15
playstore,5,,super,2026-07-15
playstore,4,,"best service and simple operat, best wishes groww",2026-07-15
playstore,5,,good,2026-07-15
playstore,5,,good 👍,2026-07-15
playstore,4,,"Sir I have a opinion, why are you not showing share average price including brokerage and government charges like Zerodha given. please sir this update will change this type of average price 🙏🙏🙏.",2026-07-15
playstore,5,,nice,2026-07-15
playstore,5,,good 👍,2026-07-15
playstore,5,,brokerage charges bahut jyada hai esse kuch kam karne ko koshish kare,2026-07-15
playstore,1,,very High brokrage,2026-07-15
playstore,3,,nice,2026-07-15
playstore,5,,very nice,2026-07-15
playstore,5,,very very good,2026-07-15
playstore,5,,like it,2026-07-15
playstore,5,,This app is very good invester,2026-07-15
playstore,5,,good,2026-07-15
playstore,5,,great,2026-07-15
playstore,5,,❤️,2026-07-15
playstore,5,,very nice app,2026-07-15
playstore,5,,good,2026-07-15
playstore,5,,very good,2026-07-15
playstore,1,,Application is too slow when market opens. When market is closed the app works smoothly. It fails to load charts and after taking postion it barely works properly. I think GROWW is here to loot the public.,2026-07-15
playstore,5,,great experience,2026-07-15
playstore,5,,very nice,2026-07-15
playstore,5,,I like this app very comfortably work,2026-07-15
playstore,5,,good 👍,2026-07-15
playstore,4,,good,2026-07-15
playstore,5,,good,2026-07-15
playstore,3,,Why there is no option to change index in one tap trading/scalper? Tomorrow is the expiry of Sensex and this scalper is showing NIFTY 50 🤡 Enough of this installing alternative now,2026-07-15
playstore,5,,very good,2026-07-15
playstore,5,,good,2026-07-15
playstore,5,,super,2026-07-15
playstore,5,,good,2026-07-15
playstore,5,,nice,2026-07-15
playstore,5,,good app,2026-07-15
playstore,5,,batest investment app,2026-07-15
playstore,5,,super,2026-07-15
playstore,5,,good and easy to operate.,2026-07-15
playstore,4,,good,2026-07-15
playstore,5,,very good,2026-07-15
playstore,5,,"This app has a very user-friendly interface, making it quite easy and safe to use. It is the perfect, simple, and all-in-one solution for investments.",2026-07-15
playstore,5,,good,2026-07-15
playstore,1,,this aap has lot of charges they charged me 120rs for only one trade,2026-07-15
playstore,5,,good,2026-07-15
playstore,5,,investment is simple way,2026-07-15
playstore,5,,nice app,2026-07-15
playstore,1,,auto many fake moves,2026-07-15
playstore,5,,bahut badhiya apps secure investment good application very very good aplication good courier,2026-07-15
playstore,1,,"Fraud hai,per lot rs50 brokerage charge buy rs50 sell rs50 total rs100",2026-07-15
playstore,5,,Good,2026-07-15
playstore,5,,"my experience with groww is outstanding, I have full faith in it",2026-07-15
playstore,5,,good,2026-07-15
playstore,5,,nice,2026-07-15
playstore,4,,good,2026-07-15
playstore,5,,good,2026-07-15
playstore,5,,Good,2026-07-15
playstore,3,,I want Marathi or local State language options in trading application.,2026-07-15
playstore,5,,good Experience,2026-07-15
playstore,5,,"nice app.....easy to access....I love it,",2026-07-15
playstore,4,,ok,2026-07-15
playstore,5,,very good,2026-07-15
playstore,3,,costumer service,2026-07-15
playstore,5,,goog and easy all opinions,2026-07-15
playstore,5,,very g ood,2026-07-15
playstore,5,,Excellent,2026-07-15
playstore,5,,nice aap,2026-07-15
playstore,5,,amazing,2026-07-15
playstore,4,,good,2026-07-15
playstore,1,,"Unfortunately I selected prime Verdict option in mutual fund. With this option we have to pay additional commission of 1% to groww, it will reduce the return. I don't have option go back to direct. I am planning to reedem from grow and put in coin.",2026-07-15
playstore,5,,excelllence,2026-07-15
playstore,5,,best app,2026-07-15
playstore,5,,good 👍,2026-07-15
playstore,3,,Volume indicator not work in PC,2026-07-15
playstore,5,,good,2026-07-15
playstore,5,,good app,2026-07-15
playstore,5,,excellent,2026-07-15
playstore,5,,nice,2026-07-15
playstore,5,,ok,2026-07-14
playstore,3,,"Feature Request: Spot-based trigger for option trading. I trade NIFTY options based on spot levels. During fast market moves, option prices change quickly and I miss entries. Please add a feature where orders are triggered using NIFTY spot price and automatically execute in selected option contracts (CE/PE). Also allow stop loss and target based on spot price instead of option price. This will improve execution and trading accuracy. Will give 5 star then thanks.",2026-07-14
playstore,5,,yha it's good experience,2026-07-14
playstore,5,,Good,2026-07-14
playstore,5,,very nice app🌟🌟🌟🌟🌟,2026-07-14
playstore,5,,excellent,2026-07-14
playstore,5,,good,2026-07-14
playstore,5,,best,2026-07-14
playstore,5,,great,2026-07-14
playstore,5,,best brokers,2026-07-14
playstore,5,,good,2026-07-14
playstore,5,,good apo,2026-07-14
playstore,4,,nice,2026-07-14
playstore,5,,very good,2026-07-14
playstore,5,,excellent,2026-07-14
playstore,5,,good,2026-07-14
playstore,5,,good 👍😊,2026-07-14
playstore,5,,very nice aap,2026-07-14
playstore,5,,good,2026-07-14
playstore,5,,Good,2026-07-14
playstore,4,,good,2026-07-14
playstore,5,,best platform 👍,2026-07-14
playstore,5,,"""One of the best investment apps with a clean and easy-to-understand design.""",2026-07-14
playstore,3,,new update is not Good,2026-07-14
playstore,5,,Finally found a trusted app for my investments,2026-07-14
playstore,5,,good,2026-07-14
playstore,5,,awesome,2026-07-14
playstore,4,,nice app improving day by day,2026-07-14
playstore,5,,good,2026-07-14
playstore,5,,good,2026-07-14
playstore,5,,🇮‌🇹‌🇸‌ 🇬‌🇴‌🇴‌🇩‌,2026-07-14
playstore,5,,good 👍,2026-07-14
playstore,5,,good,2026-07-14
playstore,5,,paisa wasool mere भाई🤓😎,2026-07-14
playstore,5,,Nice,2026-07-14
playstore,5,,use is very easy and very good service this app,2026-07-14
playstore,5,,good,2026-07-14
playstore,5,,very good,2026-07-14
playstore,5,,This is a good option for trading.💯,2026-07-14
playstore,5,,Most user friendly interface for share market application as per trading is concerned. Also we can view the most detailed review of mutual funds form all the Asset management firms and can compare it with similar funds from other AMC.,2026-07-14
playstore,5,,good app,2026-07-14
playstore,5,,i m very happy,2026-07-14
playstore,5,,good,2026-07-14
playstore,5,,excellent,2026-07-14
playstore,5,,Great,2026-07-14
playstore,1,,one of the very very very worst app.The customer care don't know any thing they ask for screen recorded video again again but they won't sort out the problem..,2026-07-14
playstore,5,,nice,2026-07-14
playstore,1,,it's slow,2026-07-14
playstore,5,,nice work,2026-07-14
playstore,5,,very nice 👍,2026-07-14
playstore,5,,very good,2026-07-14
playstore,5,,trustable platform,2026-07-14
playstore,5,,good,2026-07-14
playstore,5,,good,2026-07-14
playstore,1,,not installing in my new oneplus tab,2026-07-14
playstore,5,,good,2026-07-14
playstore,5,,very helpfull app,2026-07-14
playstore,5,,super,2026-07-14
playstore,5,,ok,2026-07-14
playstore,5,,mujhe bonus chahiye jaldi isliye 5star de raha hun ⭐⭐⭐⭐⭐,2026-07-14
playstore,5,,better experience,2026-07-14
playstore,5,,good,2026-07-14
playstore,5,,nice,2026-07-14
playstore,5,,Good,2026-07-14
playstore,4,,good 👍,2026-07-14
playstore,5,,excited,2026-07-14
playstore,5,,good job intresting,2026-07-14
playstore,5,,good,2026-07-14
playstore,2,,"inconsistency - I noticed an inconsistency in the Shareholding Pattern section. For RR Kabel, the quarter tabs are displayed in reverse chronological order (Mar '26 → Dec '25 → Sep '25 → Jun '25 → Mar '25), whereas for Kalyan Jewellers, they are displayed in chronological order (Mar '25 → Jun '25 → Sep '25 → Dec '25 → Mar '26). This may confuse users when comparing companies, as the timeline direction is not consistent across stocks.",2026-07-14
playstore,5,,Yes verry good 💯,2026-07-14
playstore,5,,Good Service 👍,2026-07-14
playstore,5,,good,2026-07-14
playstore,5,,good and easy application for use,2026-07-14
playstore,5,,very helpful app in the world,2026-07-14
playstore,5,,charge High,2026-07-14
playstore,5,,nice,2026-07-14
playstore,5,,very good 👍 👏 👌,2026-07-14
playstore,5,,good,2026-07-14
playstore,4,,nice,2026-07-14
playstore,5,,ok,2026-07-14
playstore,5,,super,2026-07-14
playstore,5,,poor. Update F&o Stock Direct Buying Without Comfirm Why ?,2026-07-14
playstore,5,,good,2026-07-14
playstore,5,,very good 👍 you,2026-07-14
playstore,5,,mind blowing experience,2026-07-14
playstore,5,,"best app for investment purposes with all stocks, mfs at once place with easy analysis and its also convenient to debit and credit the amount.",2026-07-14
playstore,2,,brokerage charges are high as 5 rupees if we are buying a single ITC stock also.,2026-07-14
playstore,4,,Widget stopped working after update I guess.,2026-07-14
playstore,5,,good,2026-07-14
playstore,5,,super,2026-07-14
playstore,5,,smooth,2026-07-14
playstore,5,,good app for specially trading,2026-07-14
playstore,5,,very good 👍,2026-07-14
playstore,5,,"good, index chart lo volume display aithey baguntundi",2026-07-14
playstore,5,,ok,2026-07-14
playstore,5,,nice 👍👍👍👍,2026-07-14
playstore,4,,please show financial in datas form not by diagrams,2026-07-14
playstore,5,,good,2026-07-14
playstore,5,,great 👍,2026-07-14
playstore,4,,mast,2026-07-14
playstore,5,,better platform for understanding in stock and trading,2026-07-14
playstore,5,,super,2026-07-14
playstore,1,,poor coustomer support,2026-07-14
playstore,5,,nice,2026-07-14
playstore,5,,good,2026-07-14
playstore,5,,good experience,2026-07-14
playstore,5,,Good,2026-07-14
playstore,1,,"Very disappointing experience from groww! I activated DDPI but the Activate using Aadhar option was separated it didn't show the fee that was applicable, Now 118 rupees are deducted from my funds and when I raised a request and emailed them to cancel my request for activation of Ddpi and refund my money They said it's not refundable even when the ddpi has not been activated yet. Worst experience.",2026-07-14
playstore,1,,"It has been trading for 5 years, but the Loss I have msd yesterday was a huge, I never had this kind of loss earlier just beacuse i could not able to sell the stock, I got stuck and it's hitted boom .... I will never recomand grow to anyone..... never ever . They should pay the panelty for this.... Spam alerts guys don't ever trade with grow they might say that issue has been resolved by the customer is worst then any thing I lost around 25 lakh for grow I recover buy use zerodha. GO FOR ZERODHA",2026-07-14
playstore,5,,nice,2026-07-14
playstore,4,,the best investing for a beginner,2026-07-14
playstore,5,,excellent,2026-07-14
playstore,1,,ok,2026-07-14
playstore,5,,excellent,2026-07-14
playstore,1,,"I have been investing in mutual funds through Groww, but my experience has been disappointing. When I tried to withdraw my money, I never received the OTP required for verification. Despite multiple follow-ups, the issue was not resolved, and customer support was not helpful. Please ensure your registered mobile number and email are updated before investing. I hope Groww improves its support for customers facing such critical issues.",2026-07-14
playstore,5,,nice,2026-07-14
playstore,2,,Chart indicaters not working,2026-07-14
playstore,5,,excellent,2026-07-14
playstore,5,,show chang ol PCR,2026-07-14
playstore,5,,good,2026-07-14
playstore,5,,Groww is the best option for investment plans.,2026-07-14
playstore,5,,nice,2026-07-14
playstore,5,,very nice application,2026-07-14
playstore,5,,To easy app for beginners,2026-07-14
playstore,1,,"very worst update, very slow app after recent update",2026-07-14
playstore,1,,very poor this app high brokerage charges please safe money hisab se koi bhi trade karna totally waste of money this app,2026-07-14
playstore,5,,excellent,2026-07-14
playstore,5,,"Groww is a good app for beginners and long-term investors who want a simple way to invest in the stock market. Always research before investing, as investments can go up or down in value.",2026-07-14
playstore,3,,"very simple app.But but but major problem is their chart.Magnificently slow,it takes lots of time to load and sometimes just can't load.They are trying to fix it but it gets worse.Otherwise great app.",2026-07-14
playstore,1,,fno proper not guide line,2026-07-14
playstore,5,,very good service,2026-07-14
playstore,5,,safe and secure,2026-07-14
playstore,5,,"Order placing is easy, Target/SL. For tax purpose account mentain is helpful, as emails receive for each transaction. Egr (eGold) should be started. Satisfied.",2026-07-14
playstore,4,,super,2026-07-14
playstore,5,,best app for trading till now,2026-07-14
playstore,5,,good,2026-07-14
playstore,5,,love app,2026-07-14
playstore,5,,good platform,2026-07-14
playstore,5,,good 👍,2026-07-14
playstore,1,,I sold stock at 214 but yesterday's balance was 183 and now I have only 153 and I don't have any negative balance,2026-07-14
playstore,5,,very good groww apps,2026-07-14
playstore,5,,very simple and easy app,2026-07-14
playstore,4,,Suggest market trant,2026-07-14
playstore,5,,Good app,2026-07-14
playstore,5,,friendly and easy for use,2026-07-14
playstore,5,,good 👍🏻,2026-07-14
playstore,1,,बहुत ही घटियां सर्विस है इनका आज एक महीने से फोन करके परेशान हु कोई भी सही जवाब नहीं देता है GROW वाले,2026-07-14
playstore,5,,Its easy to use this app as compared to others.,2026-07-14
playstore,5,,super,2026-07-14
playstore,5,,great,2026-07-14
playstore,5,,good 👍,2026-07-14
playstore,5,,good,2026-07-14
playstore,5,,best app,2026-07-14
playstore,5,,Very nice appop,2026-07-14
playstore,5,,you are best,2026-07-14
playstore,5,,good,2026-07-14
playstore,5,,good 😊,2026-07-14
playstore,5,,good,2026-07-14
playstore,5,,good,2026-07-14
playstore,5,,very easy to operate,2026-07-14
playstore,5,,awesome,2026-07-14
playstore,5,,good,2026-07-14
playstore,5,,very nice experience in grow damat,2026-07-14
playstore,5,,nice 👍,2026-07-14
playstore,5,,sorry 😔,2026-07-14
playstore,5,,good,2026-07-14
playstore,5,,good👍👍,2026-07-14
playstore,5,,"app is good but insert more candles of time frames like dhan, angel one.",2026-07-14
playstore,5,,exllent good Nice very good,2026-07-14
playstore,5,,good,2026-07-14
playstore,5,,good,2026-07-14
playstore,5,,good aap,2026-07-14
playstore,5,,like the best groww,2026-07-14
playstore,5,,good,2026-07-14
playstore,5,,best services,2026-07-14
playstore,5,,"after app updation, i am unable to see Cart during MF buy & not receiving OTP through sms only receiving OTP through email. pl check.",2026-07-14
playstore,5,,please give live intraday volume chart,2026-07-14
playstore,5,,good app,2026-07-14
playstore,5,,The grow app is the best for investments...,2026-07-14
playstore,5,,This is very nice application ever.,2026-07-14
playstore,4,,good 👍,2026-07-14
playstore,5,,best app to invest 😃,2026-07-14
playstore,5,,upi ke liye best app treading app,2026-07-14
playstore,5,,ok,2026-07-14
playstore,5,,very god app,2026-07-14
playstore,5,,user friendly,2026-07-14
playstore,3,,None of my last ten IPO applications were allotted. Not even a single IPO was allotted to me.,2026-07-14
playstore,5,,very easy to use,2026-07-14
playstore,1,,bekar he,2026-07-14
playstore,3,,"Please use 1 lot as the default value. Currently, I noticed that if I buy 3 lots, then the next time I buy any Nifty option, it sets the lot size to 3 lots. Suggestions - A) Setting up multiple SL & TGT on the same trade is very non-intuitive. Hope the developer is simplifying it. B) Why can't we have a drag SL and TGT option when trading intraday stocks, like in NIFTY option trading? Edit: Badly need a single page where multiple SL and TGT can be set for a position at once like lemonn app.",2026-07-14
playstore,5,,good job,2026-07-14
playstore,5,,wow,2026-07-14
playstore,5,,great 👍,2026-07-14
playstore,5,,Simple & Easy Investing & trading.,2026-07-14
playstore,5,,great ❤️🧿🥰,2026-07-14
playstore,5,,like,2026-07-13
playstore,5,,this is very good app 💯,2026-07-13
playstore,5,,good,2026-07-13
playstore,4,,good,2026-07-13
playstore,5,,good Groww,2026-07-13
playstore,5,,best app for investment,2026-07-13
playstore,5,,super,2026-07-13
playstore,5,,very nice and quick to enter add target stop loss and moreever very much user-friendly includes information about IPOs and other trading platforms.,2026-07-13
playstore,5,,Good,2026-07-13
playstore,5,,good,2026-07-13
playstore,5,,very nice,2026-07-13
playstore,5,,super app.. easy to use,2026-07-13
playstore,5,,user friendly. very easy to operate both in equity and mutual funds. we can track our outside MF portfolios.,2026-07-13
playstore,5,,good experience with this app,2026-07-13
playstore,5,,good app,2026-07-13
playstore,5,,very best for all things about marketing.,2026-07-13
playstore,1,,"Withdrawal has been pending for too long. This is unacceptable. Please resolve this immediately."" ""Very disappointing experience. Depositing money is instant, but withdrawals don't work. Fix this issue ASAP."" ""Unable to withdraw my own money. This is extremely frustrating and unacceptable. Please resolve it immediately."" ""Worst experience. My withdrawal is stuck without any proper explanation. Customers deserve better service."" ""If you can accept deposits instantly, you should process withdrawal",2026-07-13
playstore,5,,good👍,2026-07-13
playstore,4,,best,2026-07-13
playstore,1,,consumes a lot of storage and battery power,2026-07-13
playstore,5,,great system to invest money 👍,2026-07-13
playstore,4,,good 👍😊,2026-07-13
playstore,5,,best app,2026-07-13
playstore,5,,good,2026-07-13
playstore,5,,ok good,2026-07-13
playstore,5,,Excellent app,2026-07-13
playstore,4,,good 👍,2026-07-13
playstore,5,,good,2026-07-13
playstore,5,,good 👍,2026-07-13
playstore,5,,good,2026-07-13
playstore,5,,Good App,2026-07-13
playstore,5,,good,2026-07-13
playstore,5,,very good,2026-07-13
playstore,5,,gud,2026-07-13
playstore,5,,good,2026-07-13
playstore,5,,v good,2026-07-13
playstore,5,,good,2026-07-13
playstore,5,,perfect,2026-07-13
playstore,5,,ok,2026-07-13
playstore,5,,good,2026-07-13
playstore,5,,good one,2026-07-13
playstore,5,,to essy,2026-07-13
playstore,5,,Exceptional app interface and services offered. Great experience.,2026-07-13
playstore,5,,like,2026-07-13
playstore,5,,very nice app 👍,2026-07-13
playstore,5,,good interface,2026-07-13
playstore,5,,Nice,2026-07-13
playstore,5,,great,2026-07-13
playstore,5,,nice,2026-07-13
playstore,5,,super,2026-07-13
playstore,3,,good app,2026-07-13
playstore,1,,"worst app. Totally fake app. Do not install. I added 2 leads and completed both leads with full procedure but no leads approve for payment. Fake customer support. As I shared my review on google play store so that no other one mislead with this app, I received a call from developer for remove my review from play store but not getting any resolution from developer. So this is totally fake app, Don't waste your time and energy for doing task because there is no payment procedure in this app.",2026-07-13
playstore,5,,Good service and best support,2026-07-13
playstore,4,,"Over all nice app. but please give feature like Market map, Nifty 500 screener based on various conditions",2026-07-13
playstore,4,,very easy app.,2026-07-13
playstore,5,,very nice,2026-07-13
playstore,4,,super,2026-07-13
playstore,5,,super,2026-07-13
playstore,5,,Nice app,2026-07-13
playstore,5,,awesome,2026-07-13
playstore,5,,super,2026-07-13
playstore,5,,good 😊,2026-07-13
playstore,5,,Good satisfied,2026-07-13
playstore,2,,"It lags sometimes during entry and exit, leading to more loss than expected. Please fix this issue.",2026-07-13
playstore,5,,nice 👍,2026-07-13
playstore,3,,I request to make the company's voting process held in the app easily accessible.,2026-07-13
playstore,5,,ok,2026-07-13
playstore,5,,good app and fast cash withdrawal,2026-07-13
playstore,5,,good,2026-07-13
playstore,5,,very good,2026-07-13
playstore,5,,best investment platform,2026-07-13
playstore,5,,ok,2026-07-13
playstore,1,,Very bad application high brokerage you waste your money in brokerage,2026-07-13
playstore,5,,This platform very easy to use for investment in individual and mutual funds so I suggested to you for achieving a great revenue use it and invested your money for safely groww.,2026-07-13
playstore,5,,nice,2026-07-13
playstore,5,,good,2026-07-13
playstore,5,,good,2026-07-13
playstore,4,,"Groww was great, can't generate capital gain reports, many bugs visible as we trade. like: OFS(offer for sale )option is not there only!!, and many MF are missing, and many financial ratios are missing,",2026-07-13
playstore,5,,good 👍,2026-07-13
playstore,5,,ok,2026-07-13
playstore,5,,good,2026-07-13
playstore,5,,it's a very good free digital platform to operate in different financial instruments,2026-07-13
playstore,5,,It's very good and I like their service 💯,2026-07-13
playstore,5,,good👍,2026-07-13
playstore,5,,"Well designed, User friendly software.",2026-07-13
playstore,5,,Good 👍,2026-07-13
playstore,5,,fast and good,2026-07-13
playstore,5,,gooood,2026-07-13
playstore,4,,I hate how it shows financials now before it was better and simple,2026-07-13
playstore,4,,😁,2026-07-13
playstore,5,,good,2026-07-13
playstore,1,,worst app don't use this app when you buy or sell it disturb by various notifications due to this you losses,2026-07-13
playstore,5,,पता नहीं कैसा है,2026-07-13
playstore,5,,super,2026-07-13
playstore,5,,thanks you,2026-07-13
playstore,5,,good,2026-07-13
playstore,5,,good,2026-07-13
playstore,5,,very nice,2026-07-13
playstore,5,,exelent,2026-07-13
playstore,5,,very esi to trading hear,2026-07-13
playstore,5,,nice 👍 app,2026-07-13
playstore,4,,good,2026-07-13
playstore,5,,try to decrease charges,2026-07-13
playstore,5,,good,2026-07-13
playstore,5,,Best app,2026-07-13
playstore,5,,goodexperiyance,2026-07-13
playstore,5,,vry much good,2026-07-13
playstore,5,,ok,2026-07-13
playstore,1,,"super trend ka indicator wrong jata h chahe jo setting kr lo , Dhan app better h",2026-07-13
playstore,5,,good,2026-07-13
playstore,1,,sell my personal data to companies,2026-07-13
playstore,4,,very nice app,2026-07-13
playstore,5,,I love it,2026-07-13
playstore,2,,App is lagging terribly after the latest update. Highly disappointed! Please fix this bug as soon as possible.,2026-07-13
playstore,5,,nice,2026-07-13
playstore,5,,very good work aap and support made happiness 😊 support teem good people and supportive family groww always groww,2026-07-13
playstore,5,,nice,2026-07-13
playstore,5,,good,2026-07-13
playstore,5,,very nice app,2026-07-13
playstore,5,,Best is the Best,2026-07-13
playstore,1,,good,2026-07-13
playstore,5,,best app very easy to use,2026-07-13
playstore,5,,exlent,2026-07-13
playstore,5,,Good experience... easy to use compared to other apps,2026-07-13
playstore,5,,bahut hi badhiya app hai,2026-07-13
playstore,3,,this is too good,2026-07-13
playstore,5,,awesome,2026-07-13
playstore,5,,Very Nice,2026-07-13
playstore,1,,can u add the following basic features 1. delete multiple alerts at a time 2. provide alerts for MCX,2026-07-13
playstore,4,,Good work thank you.,2026-07-13
playstore,5,,very nice app and very hing speed,2026-07-13
playstore,5,,good,2026-07-13
playstore,5,,nice,2026-07-13
playstore,5,,One of the best app for SIP and Stocks. Specially if we talk about mutual funds. One can easily invest with ones capacity and withdraw amount whenever he or she wish. Overall this is best of best app. Regards,2026-07-13
playstore,5,,servis is good but costly,2026-07-13
playstore,5,,very good,2026-07-13
playstore,1,,Very bad,2026-07-13
playstore,5,,is the one of best in stock market and i proud of team groww,2026-07-13
playstore,5,,very good,2026-07-13
playstore,5,,nice,2026-07-13
playstore,5,,very good,2026-07-13
playstore,5,,very good app,2026-07-13
playstore,5,,excellent,2026-07-13
playstore,5,,nice aap,2026-07-13
playstore,5,,operational function is very good,2026-07-13
playstore,5,,grow is up to the mark,2026-07-13
playstore,5,,excellent 👍,2026-07-13
playstore,5,,Good 👍,2026-07-13
playstore,5,,very nice,2026-07-13
playstore,5,,amazing app,2026-07-13
playstore,5,,very nice,2026-07-13
playstore,5,,good service,2026-07-13
playstore,5,,nice 👍 work,2026-07-13
playstore,5,,this is fantastic growing app,2026-07-13
playstore,4,,nice app,2026-07-13
playstore,5,,very good,2026-07-13
playstore,5,,great,2026-07-13
playstore,5,,best of groww,2026-07-13
playstore,1,,"There is no option to remove external stocks, customer support is not helpful in resolving the issue.",2026-07-13
playstore,5,,so pretty,2026-07-13
playstore,5,,good app,2026-07-13
playstore,5,,good,2026-07-13
playstore,5,,very good,2026-07-13
playstore,5,,well to use,2026-07-13
playstore,5,,Good 😊,2026-07-13
playstore,5,,gool aap,2026-07-13
playstore,5,,good vihivar,2026-07-13
playstore,1,,Pathetic customer support. UI full.of bugs.,2026-07-13
playstore,5,,Good App,2026-07-13
playstore,5,,simple to use,2026-07-13
playstore,5,,Good,2026-07-13
playstore,5,,"मेरे लिए बेस्ट है i love this application, trust and easy to use। thank you",2026-07-13
playstore,5,,good,2026-07-13
playstore,1,,failed to load charts at time,2026-07-13
playstore,1,,ok,2026-07-13
playstore,4,,excellent app,2026-07-13
playstore,5,,good 👍,2026-07-13
playstore,5,,Amazing 👏,2026-07-13
playstore,5,,good experience,2026-07-13
playstore,5,,brokrage bahut jyata hai bas itna hi problem hai baki sab thik hai,2026-07-13
playstore,5,,ब्रोकरेज चार्जेस थोड़ा कम करो,2026-07-13
playstore,5,,good,2026-07-13
playstore,5,,Good,2026-07-13
playstore,5,,good,2026-07-13
playstore,5,,nice app,2026-07-13
playstore,5,,very good,2026-07-13
playstore,5,,very good product,2026-07-13
playstore,5,,esey usei,2026-07-13
playstore,5,,Best but option change should be new design,2026-07-13
playstore,5,,one number app hai,2026-07-13
playstore,5,,nice app,2026-07-13
playstore,5,,good,2026-07-13
playstore,5,,Good,2026-07-13
playstore,5,,super explore,2026-07-13
playstore,4,,good,2026-07-13
playstore,1,,"while Coming to the F&O Scalping section , I observed many times that the Index chart was glitched and only a single candle was visible if we move to the CE or PE chart automatically the index chart was invisible i didnt realize that at first After I booked the loss, I realised the issue",2026-07-13
playstore,5,,Best app,2026-07-13
playstore,5,,good 👍,2026-07-13
playstore,5,,very simple app and Thank you groww,2026-07-13
playstore,5,,good overall 💯,2026-07-13
playstore,5,,very good,2026-07-13
playstore,5,,good 👍 required more analysis about stock,2026-07-13
playstore,5,,best app to trade,2026-07-13
playstore,5,,all Ok,2026-07-13
playstore,5,,Nice,2026-07-13
playstore,5,,very good 👍🏼🇮🇳❤️,2026-07-13
playstore,5,,excellent,2026-07-13
playstore,5,,good working,2026-07-13
playstore,5,,west ap,2026-07-13
playstore,5,,very nice,2026-07-13
playstore,5,,good,2026-07-13
playstore,5,,Nice 🙂,2026-07-13
playstore,1,,Very inconvenient. Adding nominee is mandatory (even when it is not mandatory anywhere else in the India). AND I have to pay ₹50 to just change my account email address! Worst app I've ever invested my time and energy into. Useless. I'm closing my account with them will never reuse.,2026-07-13
playstore,5,,good experience.,2026-07-13
playstore,5,,good,2026-07-12
playstore,5,,Beautiful Working,2026-07-12
playstore,5,,very good,2026-07-12
playstore,5,,Awesome,2026-07-12
playstore,5,,Nice app!!,2026-07-12
playstore,5,,fantastic & superb,2026-07-12
playstore,5,,very good,2026-07-12
playstore,5,,fantastic,2026-07-12
playstore,5,,good,2026-07-12
playstore,5,,nice,2026-07-12
playstore,5,,good,2026-07-12
playstore,4,,I have been using this aap since 6 months and experience was good like it,2026-07-12
playstore,5,,nice,2026-07-12
playstore,5,,very informative & helpful.,2026-07-12
playstore,5,,Nice,2026-07-12
playstore,5,,good,2026-07-12
playstore,5,,Nice app fast chart ओपनिंग समूहों शोर,2026-07-12
playstore,5,,Good experience iam using this app for 7 years.,2026-07-12
playstore,5,,best understanding app,2026-07-12
playstore,5,,so nice,2026-07-12
playstore,5,,best,2026-07-12
playstore,5,,Good work,2026-07-12
playstore,4,,update required FnO list sector wise .,2026-07-12
playstore,4,,it is good choice only,2026-07-12
playstore,5,,good,2026-07-12
playstore,5,,v good,2026-07-12
playstore,5,,very good investing app🙏👍,2026-07-12
playstore,5,,good,2026-07-12
playstore,5,,ok,2026-07-12
playstore,4,,nice,2026-07-12
playstore,5,,super duper hit aap,2026-07-12
playstore,5,,good app the thing is idk trading much 😅,2026-07-12
playstore,5,,Nice app,2026-07-12
playstore,5,,good,2026-07-12
playstore,5,,Most app Top app,2026-07-12
playstore,4,,user friendly,2026-07-12
playstore,5,,good,2026-07-12
playstore,5,,awesome,2026-07-12
playstore,4,,ease of use,2026-07-12
playstore,5,,good,2026-07-12
playstore,5,,good,2026-07-12
playstore,5,,Goood,2026-07-12
playstore,1,,don't waste money and time here,2026-07-12
playstore,1,,the customer service is worst they do not understand what we are Telling and they disconnect the call in between and do not even call back. worst service.,2026-07-12
playstore,5,,👍👍👍,2026-07-12
playstore,1,,worst customer service,2026-07-12
playstore,1,,I don't see the cart option under mutual funds how do you expect me to place an order using a mobile app?,2026-07-12
playstore,1,,An unethical company with no proper business process. Be careful when trading intraday in stocks which are trending. The system does not follow its own Risk Policy. This results in auto squareoff & loss. Their support person acknowledged the bug in their system & said will fix. They dont even refund the loss caused due to their faulty system.,2026-07-12
playstore,5,,great,2026-07-12
playstore,5,,it is very good and easy to use and easy to add money and withdraw money thanks groww app and team,2026-07-12
playstore,5,,awesome,2026-07-12
playstore,5,,good,2026-07-12
playstore,5,,good,2026-07-12
playstore,5,,good,2026-07-12
playstore,5,,good,2026-07-12
playstore,5,,good 👍,2026-07-12
playstore,4,,Good groow,2026-07-12
playstore,5,,very good for new commers,2026-07-12
playstore,5,,"Great till now,",2026-07-12
playstore,5,,Simple UI where it is useful for beginners.,2026-07-12
playstore,5,,good,2026-07-12
playstore,5,,good,2026-07-12
playstore,5,,good,2026-07-12
playstore,5,,nice bro,2026-07-12
playstore,5,,good 💯,2026-07-12
playstore,5,,great,2026-07-12
playstore,5,,good,2026-07-12
playstore,5,,Good,2026-07-12
playstore,5,,good app,2026-07-12
playstore,5,,very nice 👍,2026-07-12
playstore,5,,Wll done groww,2026-07-12
playstore,5,,good app,2026-07-12
playstore,4,,best flatform to invest and growth 📈,2026-07-12
playstore,5,,good,2026-07-12
playstore,1,,super,2026-07-12
playstore,5,,good,2026-07-12
playstore,5,,grow is wonderful application 😄 but stock selling time TPin required OTP in sab ki waje si target 🎯 price miss hoje tia hai pls remove TPin fuchare,2026-07-12
playstore,2,,this app made only retailers money going inside not coming outside because order flow tool not available in this aap,2026-07-12
playstore,5,,good,2026-07-12
playstore,5,,Good,2026-07-12
playstore,5,,good application,2026-07-12
playstore,5,,Easy to track your funds status and history to understand the trend. Suggestion prompts are insightful.,2026-07-12
playstore,4,,good,2026-07-12
playstore,5,,nice 👍,2026-07-12
playstore,5,,good,2026-07-12
playstore,5,,good,2026-07-12
playstore,5,,good,2026-07-12
playstore,5,,mast ahe 👌,2026-07-12
playstore,5,,good 👍,2026-07-12
playstore,5,,Good 👍,2026-07-12
playstore,5,,usefull,2026-07-12
playstore,5,,very good,2026-07-12
playstore,5,,good,2026-07-12
playstore,5,,good,2026-07-12
playstore,1,,froud,2026-07-11
playstore,5,,grow bahut acha hai sb koi use kro esko grow me advance future hai,2026-07-11
playstore,5,,good application 👍,2026-07-11
playstore,5,,good and easy app,2026-07-11
playstore,4,,good,2026-07-11
playstore,5,,good,2026-07-11
playstore,4,,good experience,2026-07-11
playstore,5,,naice good,2026-07-11
playstore,5,,good app,2026-07-11
playstore,5,,excellent,2026-07-11
playstore,1,,the waste app I have ever used something money is not transferred and raised a ticket is just like a fake button,2026-07-11
playstore,5,,good,2026-07-11
playstore,5,,5stars for 915 terminal,2026-07-11
playstore,5,,nice,2026-07-11
playstore,5,,Wow,2026-07-11
playstore,5,,excellent,2026-07-11
playstore,5,,very good,2026-07-11
playstore,5,,Good service but charges is High compare to other brokerages,2026-07-11
playstore,4,,supr bro,2026-07-11
playstore,5,,Bahut hi simple hai or ye aap ko koi bhi bahut asani se use kar sakta hai,2026-07-11
playstore,4,,very good app,2026-07-11
playstore,5,,good app,2026-07-11
playstore,5,,GOOD,2026-07-11
playstore,4,,good,2026-07-11
playstore,4,,user-friendly,2026-07-11
playstore,5,,👍😊 good,2026-07-11
playstore,5,,easy to use,2026-07-11
playstore,5,,good app,2026-07-11
playstore,5,,very good 👍,2026-07-11
playstore,5,,good,2026-07-11
playstore,5,,very nice app,2026-07-11
playstore,5,,excellent,2026-07-11
playstore,5,,👍 nice,2026-07-11
playstore,5,,"As a 22 years old begglinner investor, i found groww extremely simple and user friendly. i started my fast sip last month without any hassle.. The interface is clean,and there are no hidden charges. highly recommended for young investor....🙂",2026-07-11
playstore,5,,this is a good app for earning,2026-07-11
playstore,5,,good 👍,2026-07-11
playstore,5,,better then angle one 💯❤️🫶🏻,2026-07-11
playstore,5,,good experience,2026-07-11
playstore,5,,beter for returns,2026-07-11
playstore,1,,"You have lost the trust after launching prime plan. Earlier i used to invest blindfoldedly but now i check the expense ratio and compare it on different platforms. This loss of trust has made me redeem my investments from groww and switch to another platform. Thank you groww, it was a great journey until it lasted.",2026-07-11
playstore,5,,nice 👍,2026-07-11
playstore,5,,best understand,2026-07-11
playstore,5,,my very first learning board of stocks is GROWW. I like the dashboard and listing filter. Thank you so much,2026-07-11
playstore,5,,super 👌,2026-07-11
playstore,1,,customer support is worst after waiting 30 min no answer,2026-07-11
playstore,5,,good,2026-07-11
playstore,5,,very good,2026-07-11
playstore,5,,very good,2026-07-11
playstore,5,,great achievement,2026-07-11
playstore,5,,🤍,2026-07-11
playstore,5,,good,2026-07-11
playstore,1,,good,2026-07-11
playstore,5,,good for beginners 👍,2026-07-11
playstore,5,,ok,2026-07-11
playstore,5,,Nice app,2026-07-11
playstore,5,,good,2026-07-11
playstore,5,,very nice,2026-07-11
playstore,5,,ok h,2026-07-11
playstore,5,,excellent,2026-07-11
playstore,5,,nice,2026-07-11
playstore,1,,very dangerous app it will make youth to activate F&O then finish there full fund will be complete in 6months stay away,2026-07-11
playstore,1,,Nonsense app for trading glitch at night time and when you complain then remind you of terms and conditions,2026-07-11
playstore,5,,excellent exchange easy to use,2026-07-11
playstore,5,,nice,2026-07-11
playstore,5,,good,2026-07-11
playstore,5,,acha aap hai👌,2026-07-11
playstore,5,,good,2026-07-11
playstore,5,,"nice app, easy to use",2026-07-11
playstore,5,,very good platform 👍,2026-07-11
playstore,5,,very good 👍,2026-07-11
playstore,5,,best,2026-07-11
playstore,5,,very good 👍,2026-07-11
playstore,5,,good,2026-07-11
playstore,5,,Great,2026-07-11
playstore,5,,"It's very helpful when I invest in mutual funds and redeem, thanks Groww",2026-07-11
playstore,5,,very nice,2026-07-11
playstore,5,,good,2026-07-11
playstore,5,,majaahhh app uu,2026-07-11
playstore,5,,good,2026-07-11
playstore,5,,wanderful,2026-07-11
playstore,5,,ok,2026-07-11
playstore,5,,"App is very user friendly. 1---In alarm please add rsi level too. suppose when rsi(100) hit 50 then notify me, many user trade with rsi . 2--- and INDICATOR such as horizontal and trend line also work on rsi in Android phone. currently indicator is not working on rsi in Android phone.",2026-07-11
playstore,5,,I rate it 5 star,2026-07-11
playstore,5,,Excellent app,2026-07-11
playstore,5,,very good,2026-07-11
playstore,5,,very good,2026-07-11
playstore,4,,nice app,2026-07-11
playstore,5,,overll all m new there and currently I m facing to much excellent fetchures over this app,2026-07-11
playstore,5,,best app,2026-07-11
playstore,5,,easy User interface,2026-07-11
playstore,5,,🙏,2026-07-11
playstore,5,,superb,2026-07-11
playstore,5,,good,2026-07-11
playstore,5,,good,2026-07-11
playstore,5,,good app,2026-07-11
playstore,5,,good,2026-07-11
playstore,5,,New experience,2026-07-11
playstore,5,,very good 👍,2026-07-11
playstore,5,,good,2026-07-11
playstore,5,,good,2026-07-11
playstore,5,,nice application,2026-07-11
playstore,5,,ok,2026-07-11
playstore,5,,Very good,2026-07-11
playstore,5,,the Great platform,2026-07-11
playstore,4,,the next billinior,2026-07-11
playstore,5,,nice 👍,2026-07-11
playstore,5,,very good,2026-07-11
playstore,5,,mast hay,2026-07-11
playstore,5,,Trading Best App,2026-07-11
playstore,1,,bad app,2026-07-11
playstore,5,,verry nice,2026-07-11
playstore,5,,good 👍,2026-07-11
playstore,5,,good 😊,2026-07-11
playstore,5,,prity nice,2026-07-11
playstore,5,,nice 👍,2026-07-11
playstore,3,,not good very high charge and I buy rate but buy high rate and I sell jis rate sell low rate,2026-07-11
playstore,3,,best for beginners 😀,2026-07-11
playstore,5,,most welcome to,2026-07-11
playstore,5,,Super,2026-07-11
playstore,5,,good,2026-07-11
playstore,5,,Nice App,2026-07-11
playstore,5,,good nice,2026-07-11
playstore,5,,i love GROWW💖,2026-07-11
playstore,1,,itna bahiyat brokerage app koi nahi hai mera Stop loss candal hit bhi nahi kiya ye mere order ko execute kar diya jabki sem order same stop loss ke sath sefe tha coustomer cear sarvice bhi thik nahi hai puchane pe trah trah ki bat kar ke coustomer ko gumrah karte hai so bhi jo bhi new grow aap me F&O me trding ki soch raha hai mat karna High brokerage+ inki chorkati se paresan ho jaoge,2026-07-11
playstore,5,,nice app,2026-07-11
playstore,2,,very bad experience withdrawal problem not solved,2026-07-11
playstore,5,,"Most easy to use app, UI and UX has improved drastically. Back in 2023, when I had started using the app, it had some issues and downtime, but now its the best app, no joining fee, no annual charges.",2026-07-11
playstore,1,,If I exit at 1000 profit amount but groww exit at 800 .. somehow I lose some amount in every exit in groww. This app does not work in real tine,2026-07-11
playstore,5,,very good 👍,2026-07-11
playstore,5,,good,2026-07-11
playstore,5,,nice 👍,2026-07-11
playstore,3,,good,2026-07-11
playstore,5,,good,2026-07-11
playstore,5,,Excellent,2026-07-11
playstore,5,,samjhna asan hai sab kuch simpal samajh me aata hai,2026-07-11
playstore,5,,excellent 👍,2026-07-11
playstore,5,,very good 👍,2026-07-11
playstore,5,,wow,2026-07-10
playstore,5,,good app,2026-07-10
playstore,5,,very nice picture,2026-07-10
playstore,1,,best,2026-07-10
playstore,5,,very nice 👍,2026-07-10
playstore,5,,good,2026-07-10
playstore,5,,satisfactory,2026-07-10
playstore,5,,very nice,2026-07-10
playstore,5,,excellent,2026-07-10
playstore,5,,Best app groww,2026-07-10
playstore,5,,"Easy to withdraw money from wallet,stocks and mutual fund no long process multiple OTP's required using groww app from 4 years No fraud and scam been done with me loving it.",2026-07-10
playstore,5,,👍 good,2026-07-10
playstore,5,,good👍,2026-07-10
playstore,5,,very helpful,2026-07-10
playstore,4,,good app,2026-07-10
playstore,5,,good,2026-07-10
playstore,5,,good,2026-07-10
playstore,4,,good 👍,2026-07-10
playstore,5,,awesome,2026-07-10
playstore,5,,thank you 🙏,2026-07-10
playstore,3,,jordar hai bhai but Tera sa nhi hoga 😅😉,2026-07-10
playstore,2,,very high brokrage,2026-07-10
playstore,1,,totally bakwaas,2026-07-10
playstore,5,,😂,2026-07-10
playstore,5,,❤️,2026-07-10
playstore,5,,good,2026-07-10
playstore,1,,waste app,2026-07-10
playstore,5,,it's really very nice,2026-07-10
playstore,5,,👍,2026-07-10
playstore,5,,groww is nice investment app,2026-07-10
playstore,1,,"very poor service, ek 500 withdraw ko 10 din lga diye.. so poor service",2026-07-10
playstore,5,,nice,2026-07-10
playstore,5,,Nice experience 🙏🏻🙏🏻🙏🏻🙏🏻🙏🏻🙏🏻,2026-07-10
playstore,5,,ok,2026-07-10
playstore,5,,good service,2026-07-10
playstore,5,,nice,2026-07-10
playstore,1,,support team is worst,2026-07-10
playstore,5,,i am gain my experience with groww . it's easy to use and beginners friendly,2026-07-10
playstore,5,,nice updates,2026-07-10
playstore,5,,nice,2026-07-10
playstore,4,,good experience,2026-07-10
playstore,5,,good one,2026-07-10
playstore,5,,one of the best app,2026-07-10
playstore,5,,seamless experience,2026-07-10
playstore,5,,nice,2026-07-10
playstore,5,,new update,2026-07-10
playstore,5,,ok,2026-07-10
playstore,5,,ok,2026-07-10
playstore,1,,worst app lags alot. order and sell gets executed randomly. customer care is bad too much delay. something goes wrong they will just justify instead of helping,2026-07-10
playstore,1,,"I have problem with Groww API Trading, The customer care should change their name to careless team, it's been 2 weeks the problem has not been resolved, I had rated it 5 before now changing it to 1 rating.",2026-07-10
playstore,5,,very good 👍,2026-07-10
playstore,5,,very good,2026-07-10
playstore,5,,HAPPY TO USE,2026-07-10
playstore,5,,good,2026-07-10
playstore,5,,super Super,2026-07-10
playstore,1,,"I am disappointed with the Service of Groww. We do not have option to talk with any of their representative, though the Phone number is given in the help section. If anyone want to open demat account please check for other apps, who support through phone in case of emergency. I had lost enough due to some system error in Groww App.",2026-07-10
playstore,5,,excellent 👌,2026-07-10
playstore,5,,good 👍,2026-07-10
playstore,1,,very poor customer care service,2026-07-10
playstore,5,,... 👌 experience,2026-07-10
playstore,5,,good app,2026-07-10
playstore,1,,very bad experience some time withdraw request not working.if incase withdrawal money not reflected.custumer support team not well.instant withdrawal not working.chat support auto disconnected.overall worst experience.,2026-07-10
playstore,5,,ok,2026-07-10
playstore,5,,superb,2026-07-10
playstore,5,,Highly recommend than other broker apps for beginners,2026-07-10
playstore,5,,thank,2026-07-10
playstore,5,,excellent 👌,2026-07-10
playstore,5,,nice,2026-07-10
playstore,5,,nice beautiful apps very good 👍,2026-07-10
playstore,5,,super👑🇮🇳🇮🇳🇮🇳,2026-07-10
playstore,5,,it is good,2026-07-10
playstore,5,,good for use,2026-07-10
playstore,5,,Good,2026-07-10
playstore,3,,good,2026-07-10
playstore,5,,Fantastic,2026-07-10
playstore,2,,"this app is user friendly and with good interface but since the last few months ,their customer support service has became too bad. There would be no one to help if you have any problem.",2026-07-10
playstore,5,,Great work all of you from GROWW,2026-07-10
playstore,5,,good,2026-07-10
playstore,5,,super,2026-07-10
playstore,4,,good 👍,2026-07-10
playstore,1,,The trading view chart is not open and groww chart is very low qality,2026-07-10
playstore,1,,bad experience,2026-07-10
playstore,4,,Grow can have new features such as insights on performance of portfolio recommendation on portfolio,2026-07-10
playstore,5,,good,2026-07-10
playstore,5,,groww app is the best,2026-07-10
playstore,1,,Worst service ever experienced by you Dalals when I want to average my trade my money has been debited from the account but not added to grow that put me in a loss of 78000 whose gonna pay for it. I have been trying to connect to the coustomer executive team there are not even answering the call. Worst service ever Not gonna use the platform ever in my entire life biggest loss ever I have maded it from a small small amount and by your glitch I LOST EVERYTHING,2026-07-10
playstore,5,,excellent app I use user friendly,2026-07-10
playstore,5,,nice,2026-07-10
playstore,1,,"WAAHIYAAT APP HAI, ITNE TECHNICAL ERRORS DUSRE KISI BHI APP ME NAI AATE JITNE ISME AATE HAI.",2026-07-10
playstore,1,,Mera pesa gi withdrawal na hi ho rahehe,2026-07-10
playstore,5,,good for biginars.helpful,2026-07-10
playstore,1,,I had one of the worst experience here. I cant sell my order . There is no OCO order. Its literally bad i felt. Then there is no way ypu can place a gtt order without paymemt of 100 for ddpi . I used kite for 3 years and yeah it was so good. Tried groww 3 years back and its even worse now. you guys expect someone to pay 100 for every order for selling. your sulport is pathetic.,2026-07-10
playstore,4,,simpal,2026-07-10
playstore,5,,"Groww is an excellent investment app that makes investing simple for both beginners and experienced users. The interface is clean, easy to navigate",2026-07-10
playstore,5,,very good 👍,2026-07-10
playstore,5,,best,2026-07-10
playstore,1,,"No proper customer support, unable to withdraw and very very bad experience with Grow...",2026-07-10
playstore,1,,"Lot of issues. The amount is not loading properly to the wallet, I tried this morning and fed up. After too many failed attempts then the amount got credited to the wallet. I am not sure if they have a testing team.w",2026-07-10
playstore,1,,worst app hai,2026-07-10
playstore,1,,"ek no. de thug ne , mai ek mutual fund 2 saal tak rakheya , jido oh negtive mai hor rupee add karda gya , jido 2 din to Positive ch aaya, mai mutual sell (redeam) karta , mai 8/07/2026 nu sell kita per doje din 9/07/2026 nu oh mutual fund pher niche chala gya , par ehna ne mere account ch negtive turn dekhaya ,but jido mai order kita c result positive c , fund name UTI nifty 50 index fund (No exit load) , jido care ch gall kiti side muhh gall ni karde hun SEBI nu report kiti par koi hall nahi",2026-07-10
playstore,5,,nice,2026-07-10
playstore,1,,very worst app not able to withdrow many,2026-07-10
playstore,5,,good working by the groww app,2026-07-10
playstore,5,,good,2026-07-10
playstore,2,,It lags while loading charts in app and order exection is not great,2026-07-10
playstore,5,,very good,2026-07-10
playstore,2,,trailing sl not available,2026-07-10
playstore,5,,well,2026-07-10
playstore,1,,বন্ধ করে দিন,2026-07-10
playstore,5,,please add share holding pattern like screener. its very easy to use . If you add multichart option it very much helpful,2026-07-10
playstore,5,,very good,2026-07-10
playstore,5,,super 👌,2026-07-10
playstore,5,,ok,2026-07-10
playstore,5,,good app,2026-07-10
playstore,5,,good 👍,2026-07-10
playstore,1,,slow app,2026-07-10
playstore,2,,not able to withdraw amount on 10-07-2026 & I'm not getting any response from the customer care service help me to withdraw the amount it's urgent,2026-07-10
playstore,1,,something went wrong problem occur,2026-07-10
playstore,3,,ok,2026-07-10
playstore,3,,good job,2026-07-10
playstore,1,,worst facing error when I tried to withdraw my money,2026-07-10
playstore,4,,veer Good,2026-07-10
playstore,5,,good app for.. begineer investor's 👍,2026-07-10
playstore,2,,"please don't installation this application, application crashed many time",2026-07-10
playstore,1,,app not working properly right now money not withdrawal,2026-07-10
playstore,5,,excellent,2026-07-10
playstore,1,,This app is getting worst day by day... Can't even place my SL now,2026-07-10
playstore,1,,bade experience logo ki life khatam kar diya aap ne sayad meri jindgi ki sabse badi bhul thi jo groww app mobile me downlode kiya,2026-07-10
playstore,5,,user friendly app support and good,2026-07-10
playstore,1,,"Pls remove sliding system new feature, worst app don't use it",2026-07-10
playstore,1,,faltu app showing error in app,2026-07-10
playstore,5,,great 👍😃,2026-07-10
playstore,5,,good,2026-07-10
playstore,1,,your app is good and very easy but brokrage charges is high 😔,2026-07-10
playstore,1,,evry brokage charge is 20 but add extra charges is too high so plz don't used Grow aap,2026-07-10
playstore,5,,very good 👍 best,2026-07-10
playstore,1,,please clear app issue we can't withdraw money if it's very urgent,2026-07-10
playstore,1,,"withdrawal failed, they are not sustaining money withdrawal from trading. poor uptime app",2026-07-10
playstore,1,,all transactions data showing in my groww app,2026-07-10
playstore,5,,good app,2026-07-10
playstore,3,,ammount withdrawal failed,2026-07-10
playstore,5,,groww app bast share market,2026-07-10
playstore,1,,"cannot withdraw money, everything is working fine but when comes to withdrawal it's not working that too on Friday, don't know if it deliberately done",2026-07-10
playstore,4,,ok,2026-07-10
playstore,1,,not working properly,2026-07-10
playstore,5,,nice,2026-07-10
playstore,1,,"while retrieve our money, it shows minions ran into error.. if we add money means without internet also you may receive it.. worst experience",2026-07-10
playstore,1,,many time money withdrawal errors not able to withdraw my money customer care number is not available not working properly,2026-07-10
playstore,2,,I am using this app since 2021 but during this 6 years journey I have faced many problems from the app.and coustomer support is totally disappointing.they have no answer about application problem. and many times I faced loss for this application problem.each and every day this app has new problem and coustomer support has no proper answer.so I suggest not to use this app.,2026-07-10
playstore,5,,great 👍,2026-07-10
playstore,5,,very easy to use,2026-07-10
playstore,1,,"Updated review: unable to withdraw my money from groww wallet, this is not acceptable. you are losing the trust of customers. The app is also glitchy.",2026-07-10
playstore,5,,nice,2026-07-10
playstore,5,,great app,2026-07-10
playstore,1,,laging and error problem,2026-07-10
playstore,1,,Your customer service is hopeless. Even after waiting for 20 mins no reply.,2026-07-10
playstore,1,,good,2026-07-10
playstore,5,,Not able to withdraw money...what wrong today???,2026-07-10
playstore,5,,excellent,2026-07-10
playstore,1,,when time to withdraw shows error. same time if you add many server works smoothly.,2026-07-10
playstore,1,,"worst experience in withdrawal, AI chatbox and contact number both not responding..",2026-07-10
playstore,2,,"What kind of broker dealing with Crores and Crores, but can't provide a human agent to resolve issues.",2026-07-10
playstore,4,,good,2026-07-10
playstore,5,,okok,2026-07-10
playstore,1,,not letting me withdraw my funds bad app,2026-07-10
playstore,5,,"colours of candle is making wrong... In a day chart, the candle which should be red, Groww shows in Green.. i have noticed this soo many times",2026-07-10
playstore,1,,"This update is not good, just one touch and you are buying for me, I don't want to buy just want to see",2026-07-10
playstore,5,,features jabardast,2026-07-10
playstore,5,,best aap,2026-07-10
playstore,5,,ok,2026-07-10
playstore,1,,for f and o they say only ₹20 for buy and sell. total ₹40 for trade. but iam charged ₹69 and ₹79 per trade. Groww is a scam app. no customer care support and these girls chat with us. no technical handling. i cannot withdraw amount from profit. they are greedy about user's money,2026-07-10
playstore,5,,good,2026-07-10
playstore,5,,very good,2026-07-10
playstore,4,,good platform,2026-07-10
playstore,1,,"The order doesn't exit when I try to close it, and calling the helpline number yields no response; this is the most useless app.",2026-07-10
playstore,5,,nice👍,2026-07-10
playstore,5,,it's very easy nd compatible for everyone as a newcomer also.,2026-07-10
playstore,5,,best,2026-07-10
playstore,5,,navigation is very user friendly.,2026-07-10
playstore,5,,easy use,2026-07-10
playstore,5,,Good,2026-07-10
playstore,5,,good 👍,2026-07-10
playstore,1,,"Frauds running the app . When you need to withdraw you amount back to account, they won't let you do, either 'try again' or withdrawal attempt failed. now we can't take back our own money also",2026-07-10
playstore,5,,"""Investment Simplify"" should be two words appreciation for GROWW App.",2026-07-10
playstore,5,,very nice application for training,2026-07-10
playstore,5,,Mast market ha,2026-07-10
playstore,5,,nice app for investment and Experience,2026-07-10
playstore,5,,nice,2026-07-10
playstore,5,,👍,2026-07-10
playstore,5,,It's really an amazingly and user friendly application...!,2026-07-10
playstore,5,,good,2026-07-10
playstore,5,,super,2026-07-10
playstore,5,,good💯💯💯,2026-07-10
playstore,5,,very nice 👍,2026-07-10
playstore,5,,ok,2026-07-10
playstore,5,,achha hai,2026-07-10
playstore,5,,parfomans is one linear,2026-07-10
playstore,5,,nice and easy for use,2026-07-10
playstore,5,,very nice 👍,2026-07-10
playstore,5,,good,2026-07-10
playstore,5,,good,2026-07-10
playstore,5,,"Groww app is a very trustworthy, always striving for the best, friend of the middle class with minimum investment, always have a motherly concern for its users self assessment by different platforms for the growth of the Groww. wish Groww widens and stretches its arms bring econoic revolution in the family that contributes over-all for the growth of everyone everyone. thank you to consider me and my opinion",2026-07-10
playstore,5,,good,2026-07-10
playstore,5,,its very useful,2026-07-10
playstore,5,,nice 👍,2026-07-10
playstore,5,,everything good,2026-07-10
playstore,5,,App is very easy to use,2026-07-10
playstore,5,,Excellent,2026-07-10
playstore,5,,best service,2026-07-10
playstore,5,,"No. 1 Broker App, Easy to Use,",2026-07-10
playstore,5,,best app and user experience,2026-07-10
playstore,5,,good,2026-07-10
playstore,5,,good 👍🏻,2026-07-10
playstore,5,,👍,2026-07-10
playstore,3,,grow should launch paper trading app like zerodha. I think this will best decision.,2026-07-10
playstore,1,,"Whenever I need to buy a dip...the app crashes. It's happening again and again. I've missed so many good opportunities. What a waste. I've been with you guys since very beginning. At that time you didn't even had license for stock broking. This is not something I expect. Now, I'm trying to reinstall but unable to do so. Really not happy with the experience. And now removed my favorite feature. Great...👏",2026-07-10
playstore,5,,good,2026-07-10
playstore,5,,Need to learn more to get invest in this app.,2026-07-10
playstore,5,,good,2026-07-10
playstore,5,,very easy trading app to use ....,2026-07-10
playstore,5,,great,2026-07-10
playstore,5,,good,2026-07-10
playstore,5,,please Add Buy the dip option when buy the share automatic when Market down 1% 2%,2026-07-10
playstore,5,,Outstanding,2026-07-09
playstore,5,,Good,2026-07-09
playstore,5,,very nice 🙂,2026-07-09
playstore,5,,good experience better life,2026-07-09
playstore,5,,good,2026-07-09
playstore,5,,very good,2026-07-09
playstore,5,,super exlent app,2026-07-09
playstore,5,,good,2026-07-09
playstore,5,,this is 👍🏼,2026-07-09
playstore,1,,"very cheapest app of India on dated 09 july 2026 I bought a nse at evening around 7:0 pm crude oil expiry 7050 call even though I was in profit at the time of sale excute, app rejected sale every time until i lost all money. very big scammer app .",2026-07-09
playstore,5,,fast active strong 😃👍,2026-07-09
playstore,1,,very bad service refr and arn offr not active,2026-07-09
playstore,5,,Good,2026-07-09
playstore,5,,very nice,2026-07-09
playstore,5,,better,2026-07-09
playstore,5,,good work subscription new update plz,2026-07-09
playstore,5,,Best app treading 🚀💰,2026-07-09
playstore,1,,"I was trading in crude oil, but I couldn't exit my position; I was sitting on a profit of around 2,100. I have been trying to call customer care for an hour, but the call isn't going through. What am I supposed to do about this? If I were making a loss, you would have exited the trade for me. Why did this happen? This is a huge mistake. And I have screenshots as well. Everything is there, but nothing is solving the problem. I've been calling customer service for two hours. They keep saying it's",2026-07-09
playstore,5,,ok,2026-07-09
playstore,5,,very nice ♥️💯👌,2026-07-09
playstore,5,,best trending app,2026-07-09
playstore,1,,app doesn't work properly ... huge losses due to lag... customer support is worst... phone nos. not reachable and WhatsApp discussion close the conversation without any support.. no way to reach the app support in emergency .. if zero can be option I will give that,2026-07-09
playstore,5,,good,2026-07-09
playstore,1,,absolutely pathetic app do not execute the order and sometimes too much glitch due to that I bare loss,2026-07-09
playstore,4,,good,2026-07-09
playstore,5,,very good 💯,2026-07-09
playstore,3,,customer care service is pathetic,2026-07-09
playstore,5,,good invest system.,2026-07-09
playstore,5,,good,2026-07-09
playstore,1,,"1 Star – Deceptive UI used to trick investors!Groww forces mutual fund investments into Demat format by default so they don't show up on official AMC apps. Worst of all, they intentionally hid the option to opt-out of this Demat format for new investments inside the search bar instead of putting it in the settings menu where it belongs! They are using dark UI patterns to prevent users from finding this setting. Shady tactics just to lock clients into their ecosystem.",2026-07-09
playstore,5,,GOOD APP BEST FOR BEGINNER S AND SIMPLE TO USE IT,2026-07-09
playstore,1,,very disturbing I am not interested,2026-07-09
playstore,5,,excellent,2026-07-09
playstore,5,,grow is the best,2026-07-09
playstore,5,,Nice,2026-07-09
playstore,5,,verrt good product,2026-07-09
playstore,5,,very nice,2026-07-09
playstore,5,,very good,2026-07-09
playstore,1,,"wrost app ,,for intraday . please not use this app.",2026-07-09
playstore,5,,it's a very nice app thanks,2026-07-09
playstore,5,,very easy and good,2026-07-09
playstore,4,,good one,2026-07-09
playstore,5,,good app,2026-07-09
playstore,5,,vary good,2026-07-09
playstore,1,,"I want to invest in NFO-uti nifty id rate liquid etf but the scheme is not visible on grow,can you guide the procedure.",2026-07-09
playstore,5,,good 👍,2026-07-09
playstore,1,,worst application in terms of performance - whenever I do adding positions in f&o they just keep loading when position added that time it is also laging as a scalper I won't recommend this app at all it keeps loading your profit turns into loss so don't install.,2026-07-09
playstore,5,,good,2026-07-09
playstore,5,,I'm here since 2021,2026-07-09
playstore,1,,just 3rd class app. no doubt just any time default,2026-07-09
playstore,1,,worst trading app,2026-07-09
playstore,5,,super,2026-07-09
playstore,4,,this is very good application for investment 👍,2026-07-09
playstore,4,,Great aap,2026-07-09
playstore,5,,good,2026-07-09
playstore,2,,poor,2026-07-09
playstore,1,,ok vest,2026-07-09
playstore,5,,love you guys 😘,2026-07-09
playstore,5,,good,2026-07-09
playstore,5,,nice apps,2026-07-09
playstore,5,,very 👍 good,2026-07-09
playstore,5,,ok,2026-07-09
playstore,5,,good,2026-07-09
playstore,5,,nice,2026-07-09
playstore,5,,good as,2026-07-09
playstore,5,,👍,2026-07-09
playstore,5,,Good,2026-07-09
playstore,4,,good,2026-07-09
playstore,5,,"Very friendly app, and also a great teacher. You can use it solely as an investment gateway, but you will also get plenty of informations from the app which can build strong fundamental understanding regarding capital market and economics. Besides Groww Digest is a great educational product.",2026-07-09
playstore,5,,good,2026-07-09
playstore,5,,good,2026-07-09
playstore,4,,Best platform for Investment and Trading,2026-07-09
playstore,5,,easy,2026-07-09
playstore,5,,very nice so good,2026-07-09
playstore,5,,good,2026-07-09
playstore,2,,charts are not opening properly,2026-07-09
playstore,5,,excellent service,2026-07-09
playstore,5,,nice,2026-07-09
playstore,5,,great app,2026-07-09
playstore,5,,good,2026-07-09
playstore,5,,v good app,2026-07-09
playstore,5,,Best apps,2026-07-09
playstore,5,,excellent,2026-07-09
playstore,4,,ok,2026-07-09
playstore,5,,good 👍,2026-07-09
playstore,5,,good 💯😊,2026-07-09
playstore,1,,best,2026-07-09
playstore,5,,good 👍,2026-07-09
playstore,1,,", chart to much loading after updated not work your properly you're app",2026-07-09
playstore,5,,बहुत सुंदर,2026-07-09
playstore,5,,super,2026-07-09
playstore,5,,Nice app for trading,2026-07-09
playstore,5,,best,2026-07-09
playstore,1,,I lost so much here bought call at 160 when it touch 177 I'm still at lost.,2026-07-09
playstore,5,,excellent portal,2026-07-09
playstore,5,,I wish to have a Groww T Shirt 👕 Please! 🥺,2026-07-09
playstore,5,,super,2026-07-09
playstore,5,,good app for investment,2026-07-09
playstore,5,,good,2026-07-09
playstore,5,,osm,2026-07-09
playstore,5,,good 👍,2026-07-09
playstore,5,,very good,2026-07-09
playstore,5,,very good service,2026-07-09
playstore,5,,Great performance,2026-07-09
playstore,5,,good 😊,2026-07-09
playstore,5,,ok,2026-07-09
playstore,5,,easy for group 👍,2026-07-09
playstore,5,,great work,2026-07-09
playstore,5,,Good Work with groww,2026-07-09
playstore,5,,superb.,2026-07-09
playstore,1,,Fraud Company . MTF fraud They charge almost double than they tell . i requested for proper receipt of all charges deducted. Not given,2026-07-09
playstore,1,,bekar h har cheez ka broker charger lagta h,2026-07-09
playstore,5,,good,2026-07-09
playstore,5,,good,2026-07-09
playstore,5,,good,2026-07-09
playstore,5,,very Nice easy ui,2026-07-09
playstore,5,,Very useful Application,2026-07-09
playstore,5,,excellent,2026-07-09
playstore,5,,easy to used,2026-07-09
playstore,5,,Nice 👍 apk,2026-07-09
playstore,5,,good,2026-07-09
playstore,5,,"very simple and very fast functional, easy to understand app. love it..",2026-07-09
playstore,5,,ok,2026-07-09
playstore,1,,tab version is not much as expected. please improve tab version interface,2026-07-09
playstore,5,,nice,2026-07-09
playstore,5,,i proud of you,2026-07-09
playstore,4,,very nice app,2026-07-09
playstore,4,,gd trading plateform,2026-07-09
playstore,5,,customer friendly app,2026-07-09
playstore,4,,satisfactory,2026-07-09
playstore,5,,very nice,2026-07-09
playstore,5,,osm,2026-07-09
playstore,3,,"the widgets need more functionality. add widgets for f&o, let me monitor a graph with a widget",2026-07-09
playstore,5,,nice,2026-07-09
playstore,5,,Good,2026-07-09
playstore,5,,mentioned 52 week high and low figures in mutual fund also.,2026-07-09
playstore,4,,good payment working day,2026-07-09
playstore,5,,good app,2026-07-09
playstore,5,,good,2026-07-09
playstore,5,,nice,2026-07-09
playstore,5,,good app,2026-07-09
playstore,5,,yes bahut acha hai,2026-07-09
playstore,5,,best easy app,2026-07-09
playstore,5,,nice,2026-07-09
playstore,1,,Bad Options Auto Money Cut,2026-07-09
playstore,5,,awesome 👍,2026-07-09
playstore,5,,well 👍,2026-07-09
playstore,5,,nice to play,2026-07-09
playstore,5,,superb,2026-07-09
playstore,5,,Fast Support,2026-07-08
playstore,4,,Action was taken with due diligence on my suggestion.,2026-07-08
playstore,3,,Groww has the best UI in the market. very clean. The only downside is the charges. Charges for equity delivery are too high for a discount broker. If you can reduced it to at least 5 ₹ or free it would be great.,2026-07-08
playstore,5,,wow,2026-07-08
playstore,5,,very good,2026-07-08
playstore,5,,good,2026-07-08
playstore,5,,it's very good and convenient to use ...,2026-07-08
playstore,5,,Best👍👍👍,2026-07-08
playstore,5,,good,2026-07-08
playstore,5,,good,2026-07-08
playstore,5,,good,2026-07-08
playstore,5,,good 😊,2026-07-08
playstore,5,,Good,2026-07-08
playstore,5,,very good,2026-07-08
playstore,5,,good,2026-07-08
playstore,5,,ok,2026-07-08
playstore,5,,Good experience with using Groww,2026-07-08
playstore,5,,ok 👍,2026-07-08
playstore,5,,good,2026-07-08
playstore,1,,not chart problem,2026-07-08
playstore,5,,very nice,2026-07-08
playstore,5,,nice,2026-07-08
playstore,5,,excellent 👍,2026-07-08
playstore,5,,great,2026-07-08
playstore,5,,Best 👍,2026-07-08
playstore,5,,very good experience,2026-07-08
playstore,5,,very good groww app,2026-07-08
playstore,3,,halfilhal main 9:30 am ko chart analysis karte samay page not found esa dikhata hai.. rat ko bhi esa hi ho raha hai.. is error ko jaldi thik kijiye..,2026-07-08
playstore,5,,good,2026-07-08
playstore,5,,ezee use,2026-07-08
playstore,5,,nice 👍,2026-07-08
playstore,5,,great,2026-07-08
playstore,3,,new FnO update not good,2026-07-08
playstore,5,,I learn trading,2026-07-08
playstore,5,,super,2026-07-08
playstore,5,,good service,2026-07-08
playstore,5,,nice,2026-07-08
playstore,5,,good,2026-07-08
playstore,5,,good,2026-07-08
playstore,5,,very nice 👍,2026-07-08
playstore,5,,👍,2026-07-08
playstore,5,,very good,2026-07-08
playstore,5,,very good,2026-07-08
playstore,1,,ok,2026-07-08
playstore,5,,kindly update soon to connect US STOCKS 😀,2026-07-08
playstore,5,,Good 👍👍,2026-07-08
playstore,5,,Great App,2026-07-08
playstore,5,,good,2026-07-08
playstore,5,,good,2026-07-08
playstore,5,,all good to use all time best app to invest,2026-07-08
playstore,5,,very good 👍,2026-07-08
playstore,5,,very nice 👌,2026-07-08
playstore,5,,good,2026-07-08
playstore,4,,good,2026-07-08
playstore,5,,Very good application,2026-07-08
playstore,5,,thank God,2026-07-08
playstore,5,,best,2026-07-08
playstore,5,,ok,2026-07-08
playstore,1,,One of the worst experiences with grow it been 3 months I am trying to shift demate account to grow to others. It looks like they do anything to not let you go this greedyness is absolutely disgusting. First time rejected form was wrong. Second time signature was wrong. 3rd time before sending dis form I was confirmed was correct and once I courier it it was rejected saying it was wrong so what did you check before confirming me. I absolutely suggest to go with banks or with angel one or others,2026-07-08
playstore,5,,best app,2026-07-08
playstore,5,,❤️,2026-07-08
playstore,5,,nice app for sip,2026-07-08
playstore,5,,very good & easy,2026-07-08
playstore,5,,mobile easy stocks analysis,2026-07-08
playstore,5,,very very nice app,2026-07-08
playstore,1,,lot of issue,2026-07-08
playstore,1,,very baad Experience,2026-07-08
playstore,5,,Groww is super,2026-07-08
playstore,5,,⭐⭐⭐⭐⭐,2026-07-08
playstore,1,,poor customer support,2026-07-08
playstore,5,,simple use,2026-07-08
playstore,1,,app is not worked,2026-07-08
playstore,2,,Ghatiya update Bewajh se oder lg rhe ek click pr,2026-07-08
playstore,1,,great 👍,2026-07-08
playstore,5,,nice apps,2026-07-08
playstore,5,,superb,2026-07-08
playstore,5,,excellent,2026-07-08
playstore,5,,well,2026-07-08
playstore,5,,best aap,2026-07-08
playstore,5,,good,2026-07-08
playstore,5,,Good 👍,2026-07-08
playstore,5,,good 😊,2026-07-08
playstore,5,,good,2026-07-08
playstore,5,,very easy& quickly redeem process,2026-07-08
playstore,5,,great and simple for investing,2026-07-08
playstore,5,,nice,2026-07-08
playstore,2,,live chart is not working properly.,2026-07-08
playstore,2,,koi grow use n kare ye apna man se demat account chalu kar deta hai bekar bad,2026-07-08
playstore,4,,"इस एप्लिकेशन की सबसे प्रमुख कमी यह है कि इसमें अभी तक मासिक ब्रोकरेज (इंफिनिटी प्लान) की सुविधा उपलब्ध नहीं है। यही इसकी अब तक की सबसे बड़ी कमजोरी है। इसके अलावा, एप्लिकेशन समग्र रूप से उत्कृष्ट और बेहद परफेक्ट है। यूजर इंटरफेस, फीचर्स, स्पीड और अन्य सभी पहलुओं में यह बेहतरीन प्रदर्शन करता है। हालांकि, प्रोफेशनल ट्रेडर्स के लिए हाई ब्रोकरेज से बचने हेतु मासिक ब्रोकरेज प्लान (इंफिनिटी प्लान) अत्यंत महत्वपूर्ण होता है। इस सुविधा के अभाव में यह एप्लिकेशन प्रोफेशनल और हाई-वॉल्यूम ट्रेडर्स की जरूरत",2026-07-08
playstore,5,,good,2026-07-08
playstore,5,,good,2026-07-08
playstore,5,,simplify trading experience,2026-07-08
playstore,5,,best 👍,2026-07-08
playstore,5,,best,2026-07-08
playstore,5,,good 👍,2026-07-08
playstore,5,,good,2026-07-08
playstore,5,,excellent,2026-07-08
playstore,5,,good,2026-07-08
playstore,5,,Good,2026-07-08
playstore,3,,"""Hey, I’ve been using Groww to invest in the stock market and mutual funds, and it makes investing incredibly easy. You can set up your account in just a few minutes. Check it out using this link: [Groww for Android]""",2026-07-08
playstore,5,,1 nummar app,2026-07-08
playstore,5,,👍,2026-07-08
playstore,5,,good 👍,2026-07-08
playstore,4,,good service,2026-07-08
playstore,5,,very good 👍,2026-07-08
playstore,5,,very easy and friendly,2026-07-08
playstore,5,,good,2026-07-08
playstore,4,,A widget for intraday position update should add on home screen of android like stock holding widget.,2026-07-08
playstore,5,,awesome,2026-07-08
playstore,5,,incredible,2026-07-08
playstore,5,,good wark,2026-07-08
playstore,5,,great,2026-07-08
playstore,5,,overall very good,2026-07-08
playstore,5,,👍,2026-07-08
playstore,5,,Nice 👍,2026-07-08
playstore,5,,good 👍,2026-07-08
playstore,5,,India best trust app Grow,2026-07-08
playstore,5,,good app .I loved 😍 it,2026-07-08
playstore,5,,👍,2026-07-08
playstore,1,,एक दम बकवास है कोई भी इसके साथ न जुड़े दिखाता कुछ है खरीदो या बेचो तो अमाउंट कुछ और होता है चोर लोग चला रहे हैं इसको ट्रेडिंग करना है तो सीधा किसी भी बैंक के साथ करना।,2026-07-08
playstore,3,,I give it 3 stars because I can't invest in the international market,2026-07-08
playstore,5,,good and better,2026-07-08
playstore,5,,nice,2026-07-08
playstore,5,,great aap,2026-07-08
playstore,5,,super,2026-07-08
playstore,5,,👌👌👌,2026-07-08
playstore,5,,good aap to trade,2026-07-08
playstore,5,,Nice,2026-07-08
playstore,5,,good,2026-07-08
playstore,5,,best' aap,2026-07-08
playstore,5,,good,2026-07-08
playstore,2,,very high hidden charges 😞,2026-07-08
playstore,5,,grow is trusted 💪,2026-07-08
playstore,5,,very good happy,2026-07-08
playstore,5,,best,2026-07-08
playstore,1,,quick action is done.Happy,2026-07-08
playstore,5,,good,2026-07-08
playstore,5,,nice👍👍👍,2026-07-08
playstore,5,,nice 👍,2026-07-08
playstore,5,,thank you to thank you 🙏 thank you for your support,2026-07-08
playstore,5,,"This app can be trusted and withdrawals are also done fast, there are no issues with this app. And it has been almost 3 years since I started using this app, but till now I have not faced any issue. I like it, do you like this app? ♥️",2026-07-08
playstore,5,,very very nice,2026-07-08
playstore,5,,Good,2026-07-08
playstore,5,,"good for long term investment 😄, not for day trading",2026-07-08
playstore,5,,awesome,2026-07-08
playstore,5,,good,2026-07-08
playstore,5,,Best platform 👍,2026-07-08
playstore,5,,suppar,2026-07-08
playstore,5,,very best trading application,2026-07-08
playstore,5,,super fast service,2026-07-08
playstore,5,,very good 👍,2026-07-08
playstore,5,,Groww app mutual fund ke liye best hai,2026-07-08
playstore,5,,"@parvat vasi , best creator suggested me to download it , plesse guve him some support",2026-07-08
playstore,5,,very good,2026-07-08
playstore,5,,good 👍,2026-07-08
playstore,5,,good,2026-07-08
playstore,5,,esey to use,2026-07-08
playstore,5,,Great,2026-07-08
playstore,5,,easy and simple app use smoothly,2026-07-08
playstore,5,,good,2026-07-08
playstore,1,,they charge lots of faces,2026-07-08
playstore,5,,good so far,2026-07-08
playstore,5,,nave app,2026-07-07
playstore,5,,good experiance and app use in very easy,2026-07-07
playstore,1,,bad broker,2026-07-07
playstore,5,,ok,2026-07-07
playstore,5,,I have been using this app for a long time and this app is better and helpful,2026-07-07
playstore,5,,good,2026-07-07
playstore,5,,good aaps,2026-07-07
playstore,5,,good,2026-07-07
playstore,5,,very good platform,2026-07-07
playstore,1,,good,2026-07-07
playstore,5,,very good,2026-07-07
playstore,5,,good,2026-07-07
playstore,5,,Good,2026-07-07
playstore,5,,"it's a really very good and easy to use app , and customer care support is also good.",2026-07-07
playstore,5,,very good experience so far easy to use,2026-07-07
playstore,5,,i love groww. User friendly. very good for new users who just started investing. easy to use.,2026-07-07
playstore,5,,update supper angelone or groww but groww best supper brokerage,2026-07-07
playstore,5,,nice,2026-07-07
playstore,5,,Begginers k liye bhut hi acha app hai simple and effective,2026-07-07
playstore,5,,😃👍,2026-07-07
playstore,5,,Groww app is very easy to understand and operate,2026-07-07
playstore,5,,Thats Great,2026-07-07
playstore,5,,thik h good 👍🏽,2026-07-07
playstore,5,,good,2026-07-07
playstore,5,,Good,2026-07-07
playstore,5,,very good,2026-07-07
playstore,4,,this is a very good investment app .,2026-07-07
playstore,5,,good 👍,2026-07-07
playstore,5,,very nice,2026-07-07
playstore,5,,good,2026-07-07
playstore,5,,very good,2026-07-07
playstore,5,,🙌🏻,2026-07-07
playstore,5,,❤️‍🔥,2026-07-07
playstore,5,,nice and easy to use,2026-07-07
playstore,5,,good,2026-07-07
playstore,5,,nice,2026-07-07
playstore,5,,awesome,2026-07-07
playstore,5,,fine,2026-07-07
playstore,5,,good,2026-07-07
playstore,5,,SUPAR,2026-07-07
playstore,3,,thik hai,2026-07-07
playstore,5,,good,2026-07-07
playstore,5,,good trading experience,2026-07-07
playstore,5,,good,2026-07-07
playstore,5,,okay,2026-07-07
playstore,5,,very good,2026-07-07
playstore,5,,best,2026-07-07
playstore,5,,nice app,2026-07-07
playstore,5,,super app for beginners,2026-07-07
playstore,5,,good,2026-07-07
playstore,5,,nice,2026-07-07
playstore,5,,Good Sarvice,2026-07-07
playstore,5,,"Excellent app for investment! Super smooth UI, fast transactions, and very transparent. It's a 5-star experience for me.""",2026-07-07
playstore,5,,good👍,2026-07-07
playstore,5,,too good,2026-07-07
playstore,5,,good aap,2026-07-07
playstore,5,,very good app🎉,2026-07-07
playstore,5,,Nice,2026-07-07
playstore,1,,worst experience ever,2026-07-07
playstore,5,,good,2026-07-07
playstore,5,,good,2026-07-07
playstore,4,,Once I became a Crorepati I will Post a Better Review 💯🙏,2026-07-07
playstore,5,,thank you 👍😊,2026-07-07
playstore,5,,better for new users. very simplified. should work on commissions though.,2026-07-07
playstore,5,,super working,2026-07-07
playstore,5,,best app,2026-07-07
playstore,5,,good,2026-07-07
playstore,3,,good,2026-07-07
playstore,5,,Good,2026-07-07
playstore,5,,best,2026-07-07
playstore,5,,super and nice app,2026-07-07
playstore,5,,very good app .,2026-07-07
playstore,3,,પપ,2026-07-07
playstore,5,,good 👍,2026-07-07
playstore,5,,I can't even login my account why?? Please fix it,2026-07-07
playstore,5,,Good,2026-07-07
playstore,5,,good apps,2026-07-07
playstore,5,,nice 👍 one,2026-07-07
playstore,5,,Best 🤗,2026-07-07
playstore,5,,thik thak h bese abhi m kuch bada nahi kar paya hu bas,2026-07-07
playstore,4,,good for beginners,2026-07-07
playstore,5,,"try to improve the scalping mode in trading view chart and remove grow chart, only one chart is enough, and there are many indicators in trading view chart and colour options etc, I can't personalize grow chart",2026-07-07
playstore,1,,"don't install groww app, falto app hai chart kanehi karta hai...",2026-07-07
playstore,5,,❤️,2026-07-07
playstore,5,,easy to use,2026-07-07
playstore,5,,best,2026-07-07
playstore,5,,Best option To Trade,2026-07-07
playstore,3,,i have a question in this update Groww did you remove commodity market depth?,2026-07-07
playstore,5,,good,2026-07-07
playstore,5,,very good broker,2026-07-07
playstore,5,,great,2026-07-07
playstore,5,,good guide website,2026-07-07
playstore,5,,very user friendly application and best application for trading,2026-07-07
playstore,5,,good,2026-07-07
playstore,5,,good,2026-07-07
playstore,5,,good 👍,2026-07-07
playstore,5,,good,2026-07-07
playstore,1,,what are these stupid prime membership? why only regular funds are allowed in it? is it even legal?,2026-07-07
playstore,5,,groww is good app for stocks,2026-07-07
playstore,5,,excellent 👌,2026-07-07
playstore,5,,"good, 💯👍",2026-07-07
playstore,5,,good,2026-07-07
playstore,5,,very easy to use 👌,2026-07-07
playstore,1,,"when your attention is fully on watching business tv, soon advertisement will appear, great disturbance",2026-07-07
playstore,5,,excellent service,2026-07-07
playstore,5,,superb,2026-07-07
playstore,5,,Amazing platform 🥰easy to use thanks groww.,2026-07-07
playstore,5,,Best mutual fund investment platform SEBI REGISTARED,2026-07-07
playstore,2,,good,2026-07-07
playstore,1,,Almost all things gone right but suddenly without my permission automatically sells a 1 share of BCCL and not found any money back and selling price because of this i less 1 share price almost 38 rupees,2026-07-07
playstore,5,,nice 👍,2026-07-07
playstore,5,,good to operate its vry easy,2026-07-07
playstore,5,,good,2026-07-07
playstore,5,,ONLY GROW,2026-07-07
playstore,4,,nice,2026-07-07
playstore,5,,It is a very good app. The interface is brilliant.,2026-07-07
playstore,5,,good high app,2026-07-07
playstore,1,,Stock buying price is so high. Some Stock ₹1 to ₹5.,2026-07-07
playstore,5,,very good aap,2026-07-07
playstore,5,,super,2026-07-07
playstore,5,,Nice grow app itr file show grow app thanks new update,2026-07-07
playstore,5,,nice experience. Team is also helpful. Thanks to solve our purpose. I'm really glad to be a part of Groww with my investments.,2026-07-06
playstore,5,,best for bigganer s easy understand for all tredars and inverters s,2026-07-06
playstore,5,,good service,2026-07-06
playstore,3,,my experience is owsam,2026-07-06
playstore,5,,best sip app,2026-07-06
playstore,4,,good 👍,2026-07-06
playstore,5,,top trading aap,2026-07-06
playstore,5,,wow app,2026-07-06
playstore,5,,easy to use,2026-07-06
playstore,5,,Safe app for investment.,2026-07-06
playstore,5,,satisfactory working.,2026-07-06
playstore,5,,स्लो सर्विस,2026-07-06
playstore,5,,Good,2026-07-06
playstore,5,,superb,2026-07-06
playstore,5,,nice platform and parfect,2026-07-06
playstore,5,,good,2026-07-06
playstore,3,,orders takes number of days to complete improve this nav gets credit very late,2026-07-06
playstore,5,,nice application,2026-07-06
playstore,5,,good,2026-07-06
playstore,5,,very good,2026-07-06
playstore,5,,best,2026-07-06
playstore,2,,how to disable fingerprint login in groww app,2026-07-06
playstore,4,,GOOD,2026-07-06
playstore,5,,Insha Allah bahut jald suru karenge abhi SBI bank oper kar rahe hai bahut hi achcha hai mutual fund,2026-07-06
playstore,1,,"Charging 50₹ to just change a phone no. that I don't even have,where can I get OTP if I don't have my old mob number, seriously? 😑 I m deleting this app rn 🤬switching to another broker",2026-07-06
playstore,5,,Very useful platform for stock market,2026-07-06
playstore,5,,good,2026-07-06
playstore,4,,"This app is nice investing in stocks, bonds mutual funds and other investment avenues. The facilities are convenient and user friendly.",2026-07-06
playstore,5,,nice,2026-07-06
playstore,5,,ok,2026-07-06
playstore,5,,My first investing app. it's a great platform.,2026-07-06
playstore,3,,I didn't got half of my money back I sold 170 worth stock and only got 140rs back where is the others,2026-07-06
playstore,5,,osm,2026-07-06
playstore,4,,user friendly,2026-07-06
playstore,5,,bhut achha ap hai sab ko achhe se chalana hai,2026-07-06
playstore,5,,thanks for you,2026-07-06
playstore,4,,Good,2026-07-06
playstore,5,,good,2026-07-06
playstore,5,,happy,2026-07-06
playstore,5,,Super,2026-07-06
playstore,5,,good,2026-07-06
playstore,5,,good,2026-07-06
playstore,5,,great app easy to use and understand,2026-07-06
playstore,5,,good,2026-07-06
playstore,5,,good to use,2026-07-06
playstore,5,,some features are best of best,2026-07-06
playstore,5,,good,2026-07-06
playstore,5,,Bahut acha,2026-07-06
playstore,5,,good 👍😊,2026-07-06
playstore,5,,thank you groww app,2026-07-06
playstore,5,,mujhe yeah acha laga kyuki esmain instant order or instant withdrawal milta hai jo bhut hi batter fill karwata hai or sath hi 915 by groww ka essay bhi acah hai,2026-07-06
playstore,5,,okay,2026-07-06
playstore,4,,hey team groww...I'm looking forward to see SLBM-stock lending and borrowing mechanism facility being implemented for users loke me ASAP.,2026-07-06
playstore,1,,This app have high charges and when you try to talk to agent you will get no response . sometimes it hangs while placing order.,2026-07-06
playstore,5,,very good very super,2026-07-06
playstore,5,,awesome,2026-07-06
playstore,5,,GREAT,2026-07-06
playstore,5,,very good,2026-07-06
playstore,5,,nice,2026-07-06
playstore,5,,good,2026-07-06
playstore,5,,verry good,2026-07-06
playstore,5,,very good,2026-07-06
playstore,5,,very good,2026-07-06
playstore,5,,👍🏻,2026-07-06
playstore,5,,good,2026-07-06
playstore,5,,gud,2026-07-06
playstore,4,,nice,2026-07-06
playstore,5,,excellent 👍,2026-07-06
playstore,4,,Nice experience,2026-07-06
playstore,5,,verry good 👍,2026-07-06
playstore,4,,nice 👍 AAP,2026-07-06
playstore,5,,nice,2026-07-06
playstore,1,,good,2026-07-06
playstore,5,,good app,2026-07-06
playstore,5,,very user friendly & gives all informative technical data to analyze investments,2026-07-06
playstore,5,,good,2026-07-06
playstore,5,,nice,2026-07-06
playstore,2,,I am using groww from 2021 onwards but this month my SIP is not deducted and your coustomer service is very poor,2026-07-06
playstore,5,,super,2026-07-06
playstore,4,,good,2026-07-06
playstore,5,,By investing for the future,2026-07-06
playstore,5,,best app,2026-07-06
playstore,4,,next update can u provide ai indicators,2026-07-06
playstore,5,,"Everything is fine, it is a great app, I am earning very well but there is a small problem and that is, there is a little delay in withdrawal, so please fix it as soon as possible, thank you Groww team ☺️❤️💗",2026-07-06
playstore,5,,nice,2026-07-06
playstore,5,,groww helping for learn stock market,2026-07-06
playstore,5,,The super trading app has many opportunities in investment stock market,2026-07-06
playstore,5,,Good 👍,2026-07-06
playstore,5,,good,2026-07-06
playstore,5,,Very Best,2026-07-06
playstore,5,,good,2026-07-06
playstore,5,,super,2026-07-06
playstore,5,,good 👍 app 😀💯,2026-07-06
playstore,5,,👍 nice,2026-07-06
playstore,4,,good app,2026-07-06
playstore,5,,excellent,2026-07-06
playstore,5,,Best Plateform,2026-07-06
playstore,5,,best,2026-07-06
playstore,5,,good,2026-07-06
playstore,5,,Excellent job,2026-07-06
playstore,5,,good 😊,2026-07-06
playstore,5,,great 👍🏻,2026-07-06
playstore,4,,it laga and is a bit slow,2026-07-06
playstore,5,,top aap,2026-07-06
playstore,5,,good,2026-07-06
playstore,5,,good,2026-07-06
playstore,5,,best platform,2026-07-06
playstore,5,,to good,2026-07-06
playstore,5,,excellent service,2026-07-06
playstore,5,,excellent,2026-07-06
playstore,5,,nice,2026-07-06
playstore,1,,bet app acha kam nehi karte,2026-07-06
playstore,4,,"If I order shares at once, It is taken into three trades and each trade has different charges. These is not Good",2026-07-06
playstore,5,,User friendly,2026-07-06
playstore,5,,ok,2026-07-06
playstore,5,,good,2026-07-06
playstore,5,,good,2026-07-06
playstore,4,,good 👍,2026-07-06
playstore,5,,good 👍,2026-07-06
playstore,5,,Nice 👍,2026-07-06
playstore,5,,nice app,2026-07-06
playstore,5,,GOOD,2026-07-06
playstore,5,,great,2026-07-06
playstore,4,,good,2026-07-06
playstore,5,,OK,2026-07-06
playstore,5,,Super,2026-07-06
playstore,5,,Good,2026-07-06
playstore,5,,it's very easy to use,2026-07-06
playstore,1,,for every transaction of f&O there is commission.,2026-07-06
playstore,5,,very simple app,2026-07-06
playstore,5,,nice,2026-07-06
playstore,5,,good👍😊💯,2026-07-06
playstore,4,,Good 👍,2026-07-06
playstore,5,,nice,2026-07-06
playstore,5,,nice,2026-07-06
playstore,5,,too easy to start,2026-07-06
playstore,5,,nice app,2026-07-06
playstore,5,,very nice luck 🤞,2026-07-06
playstore,5,,excellent,2026-07-06
playstore,5,,trusty👍,2026-07-06
playstore,5,,good,2026-07-06
playstore,5,,Best investment platform I'd ever find...,2026-07-05
playstore,5,,👍🏻,2026-07-05
playstore,5,,very good app,2026-07-05
playstore,5,,best app,2026-07-05
playstore,5,,good app,2026-07-05
playstore,5,,good 👍,2026-07-05
playstore,5,,first it had issue now with more feature and smoother functioning,2026-07-05
playstore,5,,best platform,2026-07-05
playstore,5,,best app for online sip,2026-07-05
playstore,5,,very good experience 👍,2026-07-05
playstore,5,,good,2026-07-05
playstore,5,,nice app and profit hai,2026-07-05
playstore,5,,Paisa Dabbal,2026-07-05
playstore,5,,nice 👍🙂,2026-07-05
playstore,5,,nice,2026-07-05
playstore,1,,charges bahut lagata hai email id update mobile number update 50 rs charges rating down 👎,2026-07-05
playstore,5,,good,2026-07-05
playstore,5,,easy to operate and easy to use.,2026-07-05
playstore,5,,good to invest money,2026-07-05
playstore,5,,Easy to install,2026-07-05
playstore,5,,ok,2026-07-05
playstore,5,,ok,2026-07-05
playstore,5,,nice,2026-07-05
playstore,1,,this app is fake,2026-07-05
playstore,5,,nice and simple operating,2026-07-05
playstore,5,,good,2026-07-05
playstore,5,,veri nice app,2026-07-05
playstore,5,,helpful app*,2026-07-05
playstore,4,,this aaps very good,2026-07-05
playstore,5,,good,2026-07-05
playstore,5,,Groww Must add International Market also I request you to allow investing in international Market also,2026-07-05
playstore,5,,good,2026-07-05
playstore,3,,ok,2026-07-05
playstore,5,,good,2026-07-05
playstore,4,,good,2026-07-05
playstore,4,,good,2026-07-05
playstore,5,,gud,2026-07-05
playstore,5,,good,2026-07-05
playstore,5,,good app,2026-07-05
playstore,5,,good for mutual funds,2026-07-05
playstore,5,,Very good,2026-07-05
playstore,5,,Good,2026-07-05
playstore,5,,mere liye bhorosemand hai,2026-07-05
playstore,5,,nice app,2026-07-05
playstore,5,,Nice pic sir,2026-07-05
playstore,5,,Best application in the World for investing money.,2026-07-05
playstore,5,,good good,2026-07-05
playstore,5,,good experience,2026-07-05
playstore,1,,good 😊,2026-07-05
playstore,5,,good,2026-07-05
playstore,5,,Excellent,2026-07-05
playstore,5,,"user friendly UI, smooth transactions..",2026-07-05
playstore,5,,upto date groww my knowledge...🤩😍🥰,2026-07-05
playstore,4,,so good 😊👍,2026-07-05
playstore,5,,good investment platform and live trading view experience is very good,2026-07-05
playstore,5,,great app,2026-07-05
playstore,5,,nice 👍 🙂,2026-07-05
playstore,4,,"good application but fund comparison is the worst one. please add something like overlap % companies, last 5yr return reason etc if possible.",2026-07-05
playstore,5,,good,2026-07-05
playstore,5,,good,2026-07-05
playstore,5,,supre app,2026-07-05
playstore,5,,very good,2026-07-05
playstore,5,,soooo nice,2026-07-05
playstore,5,,good👍,2026-07-05
playstore,5,,"very good trading app ,easy use",2026-07-05
playstore,5,,nice,2026-07-05
playstore,5,,this app is outstanding mind blowing,2026-07-05
playstore,5,,osm,2026-07-05
playstore,5,,good,2026-07-05
playstore,5,,good,2026-07-05
playstore,5,,nice,2026-07-05
playstore,5,,good 👍,2026-07-05
playstore,4,,good,2026-07-05
playstore,5,,good,2026-07-05
playstore,5,,Easy to use..,2026-07-05
playstore,1,,facing a lot of problem while logging in to the aap.. Account verification got failed after many correct try..when I filled my all details correctly then while sending rs.1 in my account the the verification got failed ....Really much disappointing 🙂,2026-07-05
playstore,5,,good excellent groww app,2026-07-05
playstore,5,,mast h,2026-07-05
playstore,5,,Useful,2026-07-05
playstore,5,,good easy to handle groww app for direct purchase of mutual funds.,2026-07-05
playstore,5,,Good,2026-07-05
playstore,5,,good,2026-07-05
playstore,5,,very good app,2026-07-05
playstore,5,,it's very good App,2026-07-05
playstore,5,,lallantop,2026-07-05
playstore,5,,great,2026-07-05
playstore,5,,Best app of Stock Market,2026-07-05
playstore,5,,good,2026-07-05
playstore,3,,new prime membership for mutual fund section is very annoying. not able to cancel also,2026-07-05
playstore,5,,best and best,2026-07-05
playstore,5,,good,2026-07-05
playstore,5,,is ok,2026-07-05
playstore,5,,good,2026-07-05
playstore,5,,gano badiya apps he,2026-07-05
playstore,5,,Good,2026-07-05
playstore,5,,good,2026-07-05
playstore,4,,thak you for you,2026-07-05
playstore,5,,very good,2026-07-05
playstore,5,,supab,2026-07-05
playstore,5,,good,2026-07-05
playstore,5,,very much,2026-07-04
playstore,5,,good,2026-07-04
playstore,4,,Good experience,2026-07-04
playstore,5,,Nice 👍👍,2026-07-04
playstore,2,,brokerage jyada h,2026-07-04
playstore,1,,I am trying to verify my bsnl sim it is not verifying while starting sip. although I have msg pack,2026-07-04
playstore,4,,good,2026-07-04
playstore,5,,kick cash,2026-07-04
playstore,5,,naice app,2026-07-04
playstore,5,,best work for applying aap,2026-07-04
playstore,5,,good,2026-07-04
playstore,4,,nice app,2026-07-04
playstore,5,,super app,2026-07-04
playstore,3,,nice,2026-07-04
playstore,5,,great,2026-07-04
playstore,5,,excellent,2026-07-04
playstore,5,,👌,2026-07-04
playstore,5,,super,2026-07-04
playstore,5,,nice,2026-07-04
playstore,5,,good,2026-07-04
playstore,5,,very good,2026-07-04
playstore,5,,good,2026-07-04
playstore,5,,very nice 👍,2026-07-04
playstore,4,,good 👍,2026-07-04
playstore,5,,very good,2026-07-04
playstore,5,,good,2026-07-04
playstore,5,,👑💯💥,2026-07-04
playstore,5,,best,2026-07-04
playstore,5,,very nice,2026-07-04
playstore,5,,awesome 😎😎,2026-07-04
playstore,5,,groww app best easily trading very nice good,2026-07-04
playstore,4,,nice aap,2026-07-04
playstore,5,,awesome app,2026-07-04
playstore,5,,profit and revenue candles ke sath debt ka bhi candles add kar do plz,2026-07-04
playstore,5,,very good,2026-07-04
playstore,5,,nice,2026-07-04
playstore,5,,super,2026-07-04
playstore,5,,good,2026-07-04
playstore,5,,nice,2026-07-04
playstore,5,,very good for share trading to all kinds of stock holders.,2026-07-04
playstore,5,,good,2026-07-04
playstore,5,,good and nice,2026-07-04
playstore,5,,good👍,2026-07-04
playstore,5,,very nice performance great groww,2026-07-04
playstore,5,,good 😊,2026-07-04
playstore,5,,nice,2026-07-04
playstore,5,,Trusty Up!,2026-07-04
playstore,5,,very good,2026-07-04
playstore,5,,very nice app thanks for return my money 💰🙏,2026-07-04
playstore,1,,ok,2026-07-04
playstore,5,,great,2026-07-04
playstore,5,,nice,2026-07-04
playstore,5,,genuine,2026-07-04
playstore,1,,"I am currently facing an unauthorized UPI transaction issue through Groww Pay. I appreciate that the support team has acknowledged my complaint and started an investigation. However, I am still waiting for a final resolution. I hope Groww will complete the investigation quickly and help recover my money. Looking forward to a fair and timely resolution. recovery my amount 21990 in my account as soon as possible thanks 🙏 Don't use the Groww app , this froud application",2026-07-04
playstore,4,,good app,2026-07-04
playstore,5,,good,2026-07-04
playstore,5,,mind-blowing application,2026-07-04
playstore,5,,Very good apps,2026-07-04
playstore,1,,Hello friends koi bhi Groww aap use mat karo such mai abhi fraud kar raha hai mai khud itne saal se investment kar rahi hun but abhi mujhe dar lag raha hai because mai options trading kar rahi thi total balance mera 28 k tha aur loss kuch 3800 ke aas pass huwa hai but aap ne mujhe 4000 - karne ke baad 21 k dikha raha hai 28k chalo 4500 rs bhi agar lete hai to bhi mera jo amount hai 23500 hona chahiye jo ki nahi hai ye aap chor hai pls ye sab fraud se aap bhi bachho aur download mat kro gatiya a,2026-07-04
playstore,5,,nice work for aap,2026-07-04
playstore,5,,I love it,2026-07-04
playstore,5,,make delivery trade zero fee,2026-07-04
playstore,4,,well 👍,2026-07-04
playstore,5,,good 👍,2026-07-04
playstore,5,,love,2026-07-04
playstore,5,,people friendly,2026-07-04
playstore,5,,5 ⭐,2026-07-04
playstore,5,,don't force for regular mutual fund scheme,2026-07-04
playstore,5,,good,2026-07-04
playstore,5,,it's good 👍,2026-07-04
playstore,5,,Very Smart app,2026-07-04
playstore,5,,nice app 👌,2026-07-04
playstore,4,,nice,2026-07-04
playstore,2,,"In the Groww mutual fund app, the 'Prime' icon and the search icon are touching each other, which has spoiled the UI experience.",2026-07-04
playstore,4,,"user experience is very good, and easy to understand",2026-07-04
playstore,5,,veri nice,2026-07-04
playstore,5,,good,2026-07-04
playstore,1,,This App is not helpfull in related with money transaction. Also They charge more than any app. Only they show in internet they charge less. Very Poor service in related to discuss our problem,2026-07-04
playstore,5,,nice,2026-07-04
playstore,5,,Great,2026-07-04
playstore,1,,nice 👍🙂🙂🙂🙂🙂🙂🙂🙂,2026-07-04
playstore,5,,good,2026-07-04
playstore,5,,nice app,2026-07-04
playstore,4,,good,2026-07-04
playstore,5,,❤️,2026-07-04
playstore,5,,Excellent,2026-07-04
playstore,5,,nice one,2026-07-04
playstore,5,,good,2026-07-04
playstore,5,,trust app,2026-07-04
playstore,5,,good,2026-07-04
playstore,5,,"This is an excellent app! Groww Trading is really great 🔥 I'm having a very good experience so far. The interface is clean, trading features are running smoothly, and the signals are also very helpful. A big thank you to the entire team for creating such a useful and user-friendly app. Please keep providing the same great support and regular updates. I will definitely recommend it to my friends! 5 Stars ⭐⭐",2026-07-04
playstore,5,,good 😊👍,2026-07-04
playstore,5,,good app best investment app I seen ever,2026-07-04
playstore,5,,good,2026-07-04
playstore,5,,ok,2026-07-04
playstore,5,,यह एप स्पष्ट जानकारी देता है,2026-07-04
playstore,5,,very good 💯,2026-07-04
playstore,5,,owsom,2026-07-04
playstore,1,,grow nahi gooo app hai per order 67 rupees charge and Sl se pahale nikal jata hai gooo app,2026-07-04
playstore,5,,ok,2026-07-04
playstore,5,,nice and easy,2026-07-04
playstore,5,,good,2026-07-04
playstore,5,,good,2026-07-04
playstore,5,,user friendly,2026-07-04
playstore,5,,good,2026-07-04
playstore,5,,good,2026-07-04
playstore,5,,user friendly easy to analysis realy super app,2026-07-04
playstore,5,,nice,2026-07-04
playstore,5,,Best,2026-07-04
playstore,5,,good,2026-07-04
playstore,5,,good,2026-07-04
playstore,5,,good,2026-07-04
playstore,5,,"Application so Easy to use, interface is Good, All Details clean and proceed smooth. Thank You Groww.",2026-07-04
playstore,5,,good support,2026-07-04
playstore,5,,ok,2026-07-04
playstore,4,,good,2026-07-04
playstore,5,,good,2026-07-04
playstore,5,,ok,2026-07-04
playstore,5,,good,2026-07-04
playstore,5,,very good,2026-07-04
playstore,5,,good 👍,2026-07-04
playstore,4,,good,2026-07-04
playstore,5,,super,2026-07-04
playstore,5,,best application for result,2026-07-04
playstore,5,,very nice,2026-07-04
playstore,5,,very gud,2026-07-04
playstore,5,,good 😊,2026-07-04
playstore,1,,"TOO MUCH HIDDEN SCAMS!! For mutual fund investment only few direct plans are available, which if you don't check you end up paying very high expense charges. DP charges are high and For investors - brokerage on equity delivery!!",2026-07-04
playstore,5,,Good Experience,2026-07-04
playstore,5,,"இந்த செயலி தினசரி வர்த்தகம் செய்வதற்கு மிகவும் உதவிகரமாக இருக்கிறது தெளிவான graph அமைப்பை செயலி வழங்கி வருகிறது அது Grow app பின் தனிப்பட்ட வடிவமைப்பு ,volume shocker ஒரு சிறந்த குறியீடு . ஒரு குறைபாடு தினசரி பங்கு நகர்வின் சராசரி விலை காணப் படவில்லை?",2026-07-04
playstore,4,,good,2026-07-04
playstore,3,,One year line chart has become very noisy from last two update. Please make the 1 year chart smoother like before.,2026-07-04
playstore,5,,good app,2026-07-04
playstore,4,,its good,2026-07-04
playstore,2,,high brokerage fees....more than half the profit we make...ridiculous and tell me if anybody makes profit everyday in scalping,2026-07-04
playstore,5,,good 👍,2026-07-04
playstore,5,,"really good actually, just wishing they add US stock soon",2026-07-04
playstore,5,,good 👍,2026-07-04
playstore,5,,good,2026-07-04
playstore,5,,use krne asan h ye abb ✌️,2026-07-04
playstore,5,,Excellent Service,2026-07-04
playstore,5,,good apps,2026-07-04
playstore,5,,super,2026-07-03
playstore,5,,great platform for trading,2026-07-03
playstore,5,,Great,2026-07-03
playstore,1,,"cleartax plan is not useful at all, its shows Rs1999 in cleartax and Rs1848 through Groww. :(",2026-07-03
playstore,5,,good,2026-07-03
playstore,4,,OK,2026-07-03
playstore,5,,good trading apps,2026-07-03
playstore,5,,good,2026-07-03
playstore,5,,very good 👍😊,2026-07-03
playstore,5,,good 👍,2026-07-03
playstore,5,,very good,2026-07-03
playstore,5,,❤️,2026-07-03
playstore,1,,This app is missing basic features like 1.stop loss and target for GTT order 2.trailing stoploss on 1tap trading screen 3.oi on 1tap trading screen,2026-07-03
playstore,5,,best for trade,2026-07-03
playstore,5,,this is very good 💯,2026-07-03
playstore,5,,vire nice,2026-07-03
playstore,5,,meto loss mehi hu muje aapki jarurata he sapot ke liye,2026-07-03
playstore,2,,tax charges very high😤,2026-07-03
playstore,5,,excellent,2026-07-03
playstore,4,,good,2026-07-03
playstore,5,,very nice 👍👍♥️💯🇮🇳,2026-07-03
playstore,5,,great smooth working,2026-07-03
playstore,3,,need bracket order,2026-07-03
playstore,4,,good,2026-07-03
playstore,5,,good app,2026-07-03
playstore,5,,"Please add Telugu language support to the Groww app. It will make investing much easier for Telugu users and help avoid confusion while using features like Buy, Sell, GTT, SIP, and other options. Thank you.""",2026-07-03
playstore,5,,nice,2026-07-03
playstore,5,,❣️,2026-07-03
playstore,5,,very good aapp,2026-07-03
playstore,5,,good app,2026-07-03
playstore,5,,good,2026-07-03
playstore,5,,good and quick service,2026-07-03
playstore,5,,nice 👍,2026-07-03
playstore,5,,nice app for investment,2026-07-03
playstore,1,,bad,2026-07-03
playstore,5,,good aplication,2026-07-03
playstore,5,,Good,2026-07-03
playstore,5,,nice,2026-07-03
playstore,5,,nice application good features easy to use and fast more option than other app,2026-07-03
playstore,5,,good,2026-07-03
playstore,5,,good experience,2026-07-03
playstore,5,,good app for market information and investment base information💐,2026-07-03
playstore,5,,excellent,2026-07-03
playstore,5,,Best for all,2026-07-03
playstore,5,,"nice application one thing need to update,open interest and change of open interest. all broker give this feature. Grow application clear and fast no doubt.",2026-07-03
playstore,1,,ye broker charge jayada h,2026-07-03
playstore,5,,"915 very useful tool , I also used continuously... Papkjit Sir also describes about this tool",2026-07-03
playstore,5,,good 👍,2026-07-03
playstore,5,,The app interface is good and the customer team response also and quick and helpful.,2026-07-03
playstore,5,,nice,2026-07-03
playstore,5,,bahut hi Achcha iska Har feature ekadam Aasan hai hey very nice app,2026-07-03
playstore,4,,nice,2026-07-03
playstore,5,,goated,2026-07-03
playstore,5,,it's very good for beginners.,2026-07-03
playstore,5,,nice,2026-07-03
playstore,5,,nice,2026-07-03
playstore,5,,easy to use,2026-07-03
playstore,5,,nice,2026-07-03
playstore,5,,good,2026-07-03
playstore,5,,Simply interface and best😀,2026-07-03
playstore,5,,"Hello Team, The old version of Financial Performance was good. Please change.",2026-07-03
playstore,5,,very good app,2026-07-03
playstore,2,,"last week I saw AI option available at top right corner of the app, however after latest update it's got disappear. can you bring it back?",2026-07-03
playstore,5,,good,2026-07-03
playstore,5,,good👍,2026-07-03
playstore,1,,"this app is not gud for FNO,",2026-07-03
playstore,5,,good services,2026-07-03
playstore,5,,very good 💯,2026-07-03
playstore,5,,ok,2026-07-03
playstore,5,,very easy interface,2026-07-03
playstore,5,,Thank you grow,2026-07-03
playstore,5,,very good 💯,2026-07-03
playstore,5,,nice working,2026-07-03
playstore,5,,good app,2026-07-03
playstore,5,,very useful app,2026-07-03
playstore,4,,I think easy to operate,2026-07-03
playstore,5,,super 👌,2026-07-03
playstore,1,,not good,2026-07-03
playstore,5,,best app,2026-07-03
playstore,5,,very good 👍 very nice 👌 comfortable 👌,2026-07-03
playstore,5,,👍🔥,2026-07-03
playstore,5,,Easy And Clear chart Visible easy profit way wondering apps thankful groww ...,2026-07-03
playstore,5,,very nice app. Everybody should install this app and invest for the future.,2026-07-03
playstore,5,,excellent 👌,2026-07-03
playstore,5,,it's to good,2026-07-03
playstore,5,,nice,2026-07-03
playstore,5,,excellent app and easy to use,2026-07-03
playstore,5,,gud,2026-07-03
playstore,4,,very good,2026-07-03
playstore,5,,good app really useful lomg time inverse meant 👍,2026-07-03
playstore,5,,good,2026-07-03
playstore,5,,very nice,2026-07-03
playstore,5,,easy to use and good features.,2026-07-03
playstore,5,,very nice,2026-07-03
playstore,5,,good,2026-07-03
playstore,4,,"I would love to see Goww introduce an Affordable FnO feature that allows users to trade with lower capital requirements. This could include smaller lot sizes, micro contracts, or curated low-cost FnO opportunities",2026-07-03
playstore,5,,"The Groww app is an exceptional choice for Gen Z, millennials, and first-time retail investors looking to build passive wealth through mutual funds and long-term equity. While ultra-active intraday traders might hit a ceiling with its feature set, its unmatched ease of use, transparent pricing, and zero-AMC model make it a premier financial application in the market today.",2026-07-03
playstore,5,,good,2026-07-03
playstore,2,,one of the worst app in stock market the charts are worst ... the charges are like crazy i think zerodha is better app ... please improve the charts aor else half of the invester will leave the app,2026-07-03
playstore,5,,👍,2026-07-03
playstore,5,,nice,2026-07-03
playstore,5,,good,2026-07-03
playstore,5,,good,2026-07-03
playstore,5,,good application 👍,2026-07-03
playstore,4,,"good Experience every thing is very easy to access, using it for almost a year good response, it should have a update which is to have different tabs for stocks and mutual fund so it can be tracked accordingly.",2026-07-03
playstore,5,,great experience till now,2026-07-03
playstore,5,,gud app,2026-07-03
playstore,3,,"unable to login. the web interface is good, app stopped working, uninstalled and reinstalled but now can't login.",2026-07-03
playstore,5,,vare nice,2026-07-03
playstore,5,,trust Is Grow App,2026-07-03
playstore,5,,good,2026-07-03
playstore,5,,good,2026-07-03
playstore,5,,very fast execution of trade,2026-07-03
playstore,5,,good,2026-07-03
playstore,5,,good 👍,2026-07-03
playstore,5,,nice aap easy to learn,2026-07-03
playstore,5,,superb,2026-07-03
playstore,5,,grow use to very helpful & easy,2026-07-03
playstore,5,,🤑🤑🤑🤑,2026-07-03
playstore,1,,"This App is a Scam specially when you buy positions using MTF. They will square off your position even when wallet balance is positive, they will put your balance into Negative without any reason. They squared off my position for which i paid 100 % as hair cut keeps changing but after squaring off my position they put my wallet into Negative which was positive earlier then where did the money go after squaring off positions. Indmoney is a far better app than this they never do such things.",2026-07-03
playstore,1,,"The app experienced a severe technical glitch during live trading, and customer support’s resolution process is completely unacceptable. They are insisting that I provide a screen recording of the glitch to prove the issue. ""wrost customer care service ever""",2026-07-03
playstore,5,,good,2026-07-03
playstore,5,,good,2026-07-03
playstore,5,,easy to use,2026-07-03
playstore,5,,nice,2026-07-03
playstore,5,,good,2026-07-03
playstore,1,,no download,2026-07-03
playstore,4,,nice app only one thing is that causes a frustration that there is at least 1 update almost in a week,2026-07-03
playstore,5,,my Case in Groww is best Investment platform,2026-07-03
playstore,5,,very good app and thanks grow for help me when i need,2026-07-03
playstore,5,,best app student,2026-07-03
playstore,5,,nice,2026-07-03
playstore,5,,🚀,2026-07-03
playstore,5,,best app,2026-07-03
playstore,5,,best,2026-07-03
playstore,1,,High brokerage & bad UI,2026-07-03
playstore,5,,good,2026-07-03
playstore,4,,good,2026-07-03
playstore,5,,Good,2026-07-03
playstore,5,,broker charge jayada h,2026-07-03
playstore,5,,"you are updating like GR-1, net worth, quick news about my investment etc. are very good features. keep it updated, well done 👍",2026-07-03
playstore,5,,good,2026-07-03
playstore,1,,poor,2026-07-03
playstore,5,,Best,2026-07-03
playstore,5,,best treding pletform,2026-07-03
playstore,5,,good,2026-07-03
playstore,5,,excellent service,2026-07-03
playstore,5,,nice,2026-07-03
playstore,5,,good,2026-07-03
playstore,5,,so good 😊,2026-07-03
playstore,5,,Good 👍👍,2026-07-03
playstore,4,,kindly make weekly sip possible,2026-07-03
playstore,4,,need more improvement,2026-07-03
playstore,5,,super,2026-07-03
playstore,3,,good work,2026-07-03
playstore,5,,good,2026-07-03
playstore,5,,good 👍,2026-07-03
playstore,5,,સારું,2026-07-03
playstore,5,,nice,2026-07-03
playstore,5,,good,2026-07-03
playstore,5,,"Best For Mobile 📱, indraday",2026-07-03
playstore,5,,good app,2026-07-03
playstore,5,,good,2026-07-03
playstore,5,,best,2026-07-03
playstore,5,,good,2026-07-03
playstore,5,,excellent experience,2026-07-03
playstore,5,,most very useful app,2026-07-03
playstore,5,,good,2026-07-03
playstore,5,,good,2026-07-03
playstore,4,,good,2026-07-03
playstore,5,,good,2026-07-03
playstore,5,,best,2026-07-03
playstore,5,,"Awesome, as expected👍",2026-07-03
playstore,5,,really a good experience,2026-07-03
playstore,5,,🫶🏻,2026-07-03
playstore,5,,excellent,2026-07-03
playstore,5,,One of the best platforms to invest money and trades in. User interface is seamless and the platform provides a certain support everytime a ticket is raised for a query. It can help you fall in love with the beauty of investing.,2026-07-03
playstore,5,,nice,2026-07-03
playstore,5,,good,2026-07-03
playstore,1,,itani ghatiya sarvice koi aur broker company nhi deti hogi jitna ye company deti hai maine 20 se jyda call Kiya sirf stock ko transfer karwane ke liye lekin abhi tak ye nhi pucha ki huwa ya nhi ya ye bhi nhi ki chalo mai madad kar deta hun ye bus rating badhane ke ye baat karte hai. baki tum bhand mei jao. 😡😡,2026-07-03
playstore,5,,I just wanted to know why you guys are not adding a kill switch in your application...?,2026-07-02
playstore,5,,Outstanding,2026-07-02
playstore,5,,good,2026-07-02
playstore,5,,excellent user friendly app,2026-07-02
playstore,5,,very good asip,2026-07-02
playstore,5,,Nice 👍🏻,2026-07-02
playstore,5,,very useful,2026-07-02
playstore,5,,very good,2026-07-02
playstore,5,,owsom,2026-07-02
playstore,1,,Do not join groww MF Prime. They offer only regular funds. You can't invest in Direct funds. Who the hell offers regular fund these days. I felt cheated when my money got into regular fund . Now Iam supposed to pay STCG tax and 1% exit load just for switching to direct fund. Trust has been broken!!!!,2026-07-02
playstore,5,,Good apps,2026-07-02
playstore,1,,Last few months this app is unusable. every time page fail to load page fail to load even when there is good internet connection.,2026-07-02
playstore,5,,Excellent,2026-07-02
playstore,5,,ok,2026-07-02
playstore,5,,india ka number one application,2026-07-02
playstore,4,,excellent,2026-07-02
playstore,5,,nice,2026-07-02
playstore,5,,nice,2026-07-02
playstore,5,,nice ☺️,2026-07-02
playstore,5,,nice 👍,2026-07-02
playstore,1,,good,2026-07-02
playstore,4,,nice,2026-07-02
playstore,5,,best in the world no 1 groww,2026-07-02
playstore,5,,this is great app for new traders,2026-07-02
playstore,5,,nice pic 🤩,2026-07-02
playstore,5,,Good,2026-07-02
playstore,5,,Thik hai.,2026-07-02
playstore,5,,very good work 💯,2026-07-02
playstore,5,,vgood,2026-07-02
playstore,5,,nice investment app ❤️,2026-07-02
playstore,5,,good👍,2026-07-02
playstore,5,,good app,2026-07-02
playstore,5,,very nice app,2026-07-02
playstore,5,,good,2026-07-02
playstore,5,,this is best app,2026-07-02
playstore,5,,good,2026-07-02
playstore,3,,आपका ऐप बहुत बढ़िया है लेकिन हर कुछ महीने के बाद अपडेट आता है और सबसे घटिया कौन सी बात होगी तो वह है अपडेट करने के बाद जो सेटअप होते चार्ट पर वह गायब हो जाते हैं जिससे बहुत परेशानी होती है हर कुछ महिने के बाद बार बार सेटअप को बनाना पड रहा है यह परेशानी को हल करो जब भी अपडेट हो चार्ट पर लगे सेटअप वैसा ही रहें बाकी ब्रोकिंग ऐप में यह प्रोबलम नहीं हैं,2026-07-02
playstore,3,,very good aap,2026-07-02
playstore,5,,nice app*,2026-07-02
playstore,1,,"I bought an Aye Finance Ltd bond through Groww, but my payout has not been credited. Despite investing through their platform, Groww has refused to help and said I must deal directly with the RTA, offering no support. This kind of response is very concerning for investors. People invest their hard-earned money expecting basic assistance when issues arise, but there is no support when it is actually needed. I would strongly advise others to be careful before relying on this platform 4 investment",2026-07-02
playstore,5,,excellent,2026-07-02
playstore,5,,wow super appreciate,2026-07-02
playstore,5,,easy to understand,2026-07-02
playstore,5,,good,2026-07-02
playstore,5,,"I have had a very good experience using Groww. The app is simple, user-friendly, and makes investing in stocks, mutual funds, and other financial products easy, even for beginners. Account opening was smooth, transactions are fast, and the interface is clean and intuitive. Overall, Groww is a reliable platform for anyone looking to start or grow their investment journey. Highly recommend",2026-07-02
playstore,5,,Good Investment App,2026-07-02
playstore,5,,nice 🙂,2026-07-02
playstore,5,,Good,2026-07-02
playstore,5,,good,2026-07-02
playstore,1,,worst app to trade,2026-07-02
playstore,5,,good,2026-07-02
playstore,5,,good,2026-07-02
playstore,1,,app charges high,2026-07-02
playstore,5,,🫒 Groww,2026-07-02
playstore,5,,Good,2026-07-02
playstore,3,,ok,2026-07-02
playstore,5,,"⭐⭐⭐⭐⭐ Groww is an excellent investment app with a clean and user-friendly interface. Investing in mutual funds, stocks, and other financial products is simple, fast, and secure. The app is easy to understand, even for beginners, and offers a smooth investing experience. Highly recommended for anyone who wants to start and grow their investment journey!",2026-07-02
playstore,5,,very good apps,2026-07-02
playstore,5,,good,2026-07-02
playstore,5,,must trading apps,2026-07-02
playstore,5,,nice,2026-07-02
playstore,5,,good,2026-07-02
playstore,5,,superb,2026-07-02
playstore,5,,This is the right choice,2026-07-02
playstore,5,,"very effective and productive application, easy for trading 👍 thanks grow",2026-07-02
playstore,5,,nice,2026-07-02
playstore,5,,good,2026-07-02
playstore,1,,bekar update Kiya h,2026-07-02
playstore,5,,good,2026-07-02
playstore,5,,Good 👍,2026-07-02
playstore,5,,very good,2026-07-02
playstore,1,,grow comission is very High,2026-07-02
playstore,5,,Best,2026-07-02
playstore,4,,groww app is very useful and easy to buy and sell,2026-07-02
playstore,5,,super App,2026-07-02
playstore,3,,well done 👍,2026-07-02
playstore,5,,supar,2026-07-02
playstore,1,,im done trading in grow from past3months all first week all good later later coming fake charts very lagging and almost mine 10lakhs had been eaten by grow for there fake and lag in charts don't trust and go forward with this,2026-07-02
playstore,5,,khub sundor 💵💵💵💵,2026-07-02
playstore,5,,"can we get UPI option in ""More"" section in order to use UPI we have to open profile section",2026-07-02
playstore,5,,good experience,2026-07-02
playstore,5,,good,2026-07-02
playstore,1,,make a separate tab for etf dnt add them in stock..,2026-07-02
playstore,5,,very nice,2026-07-02
playstore,5,,ok,2026-07-02
playstore,5,,very good,2026-07-02
playstore,5,,nice,2026-07-02
playstore,5,,Good,2026-07-02
playstore,5,,Good,2026-07-02
playstore,5,,woŵwwwww,2026-07-02
playstore,5,,good,2026-07-02
playstore,5,,good,2026-07-02
playstore,5,,good,2026-07-02
playstore,5,,"very interested 👌, very good 👍 app",2026-07-02
playstore,5,,good application 👍,2026-07-02
playstore,5,,okay 👍,2026-07-02
playstore,1,,unfreeze account for face problems like any emails from groww app side very bad interface,2026-07-02
playstore,5,,Good best pura system easy hai har Kisi ke samajh mein a jata hai,2026-07-02
playstore,5,,nice,2026-07-02
playstore,5,,very very good broker app,2026-07-02
playstore,4,,super,2026-07-02
playstore,5,,good for used,2026-07-02
playstore,4,,we need a technical call groww,2026-07-02
playstore,1,,"I believe the MTF brokerage charges are too high compared to other brokers like m.Stock and Zerodha. This is not good for customers. If this issue cannot be resolved, I may have to consider closing my account due to the high brokerage charges and poor overall experience.",2026-07-02
playstore,5,,very happy 😀😀,2026-07-02
playstore,5,,brokrage bohat jyada hai koi discount sceem honi cahaiye,2026-07-02
playstore,5,,user friendly experience.,2026-07-02
playstore,5,,Superb experience,2026-07-02
playstore,5,,so nice to get this app.,2026-07-02
playstore,1,,"Very first time I wanted to connect to Grow Customer Care through chat as well as call but as expected there is no such a thing exists Chat is not properly responding, even if responded doesn't appear to be relevant Call is not getting connected or not response to the given Customer Care number I won't recommend this app to anyone",2026-07-02
playstore,5,,when will you intelroduce U.S stocks investmenting ??,2026-07-02
playstore,5,,good,2026-07-02
playstore,5,,excellent,2026-07-02
playstore,5,,🫰👍👍,2026-07-02
playstore,5,,very good app,2026-07-02
playstore,5,,superb application.,2026-07-02
playstore,5,,"Excellent app! It has a very simple and user-friendly interface for investing and trading. Best for beginners!""",2026-07-02
playstore,5,,nise,2026-07-02
playstore,5,,bahut aasaan hai thank you,2026-07-02
playstore,5,,Very good,2026-07-02
playstore,5,,👍,2026-07-02
playstore,5,,👍👍👍👍,2026-07-02
playstore,5,,good,2026-07-02
playstore,5,,good,2026-07-02
playstore,5,,👌👌👌,2026-07-02
playstore,5,,good,2026-07-02
playstore,5,,osam,2026-07-02
playstore,5,,nice aap experience nice aap very easy user interface,2026-07-02
playstore,5,,Good one,2026-07-02
playstore,5,,ok,2026-07-02
playstore,4,,good,2026-07-02
playstore,5,,good,2026-07-02
playstore,1,,worst experience the charts don't load on time order get placed at different price in sumup the application got too many users and now the working team is not able to control the traffic better to use sahi app,2026-07-02
playstore,5,,nice,2026-07-02
playstore,5,,excelent,2026-07-02
playstore,5,,excellent,2026-07-02
playstore,5,,good,2026-07-02
playstore,5,,very good app for investment and I am alady investment so all Indiaan should be open demant account and investment in groww app,2026-07-02
playstore,5,,awesome,2026-07-02
playstore,5,,very good,2026-07-02
playstore,5,,good,2026-07-02
playstore,5,,Good 👍,2026-07-02
playstore,5,,nice platform,2026-07-02
playstore,5,,awesome,2026-07-02
playstore,5,,Good 😊,2026-07-02
playstore,5,,best trading app,2026-07-02
playstore,5,,very good app,2026-07-02
playstore,5,,good,2026-07-02
playstore,5,,good,2026-07-02
playstore,5,,very nice app,2026-07-02
playstore,1,,i am trading in Groww for almost 6months. They are charging more as order fee. For big investment(more than 50000) its not a problem. I usually trade for 5000 to 10000 my profit most of the time goes as trading fee. one day i made a profit of 600 my trading fee for that day is around 700(made multiple trades) even though i made profit i went into loss. uninstalled and stopped using groww. looking for other platform with less fee,2026-07-02
playstore,5,,nice,2026-07-02
playstore,5,,good,2026-07-02
playstore,5,,"smooth, fast and lovely interface with chart",2026-07-02
playstore,5,,I think this is best app for investment,2026-07-02
playstore,1,,good,2026-07-02
playstore,5,,very good,2026-07-02
playstore,5,,super,2026-07-02
playstore,5,,nice 👍🙂,2026-07-02
playstore,5,,good 👍 👍,2026-07-02
playstore,5,,good app,2026-07-02
playstore,5,,good,2026-07-02
playstore,5,,emergency time very support,2026-07-02
playstore,5,,very good 👍😊,2026-07-02
playstore,5,,good,2026-07-02
playstore,5,,best Trading app,2026-07-02
playstore,5,,best app,2026-07-02
playstore,4,,khup Chaan,2026-07-02
playstore,4,,good experience,2026-07-02
playstore,5,,Good,2026-07-02
playstore,5,,Good 👍,2026-07-02
playstore,5,,"Excellent app! Very easy to use, fast, secure, and beginner-friendly. The user interface is clean, investing is smooth, and the overall experience has been fantastic. Highly recommended for anyone who wants to start investing. Keep up the great work, Groww Team! ❤️",2026-07-02
playstore,5,,All in one app for both trading and banking services.thank you grow team .,2026-07-02
playstore,5,,ok,2026-07-02
playstore,5,,good,2026-07-02
playstore,5,,good,2026-07-02
playstore,5,,very good app for trading,2026-07-02
playstore,5,,good,2026-07-02
playstore,5,,best broker,2026-07-02
playstore,5,,no 1 best apps beginars,2026-07-02
playstore,5,,good,2026-07-02
playstore,3,,platform for investment but high charges for buy and sell,2026-07-02
playstore,5,,good 👍,2026-07-02
playstore,5,,good,2026-07-02
playstore,5,,बोहोत अछा,2026-07-02
playstore,5,,good,2026-07-02
playstore,5,,paisa chahiye to groww,2026-07-02
playstore,5,,excellent,2026-07-02
playstore,5,,easy to use,2026-07-02
playstore,3,,good,2026-07-02
playstore,5,,good,2026-07-02
playstore,5,,good,2026-07-02
playstore,5,,dast of all time,2026-07-02
playstore,5,,good,2026-07-02
playstore,5,,good,2026-07-02
playstore,5,,so far I am using it from last month found it useful.,2026-07-02
playstore,5,,good,2026-07-02
playstore,5,,nice app,2026-07-02
playstore,5,,smart apap,2026-07-02
playstore,5,,very good app,2026-07-02
playstore,5,,best,2026-07-02
playstore,5,,"2020 to 2026 mid ..grow trully grow itself..one of the most useful "" the tax file ""..now one last thing is a journal option ..then done almost basic to advnced....",2026-07-02
playstore,5,,👍,2026-07-02
playstore,1,,"don't apply bond here ,it's full on fake returns they mention here on this groww app.. a bond I saw here offer bond interest 10.80 '/. return, but when I calculate I got actually 5.9'/. return only..they make it fool now public on openly. don't blind trust on this groww app . always calculate bond return here. or use any transparent platform",2026-07-02
playstore,5,,love it,2026-07-02
playstore,5,,Good app,2026-07-02
playstore,1,,new update which changed the simplicity of financial earnings of stocks is poor. The previous version was good for an mobile app. You are trying to make fancy stuffs by giving too much information which is not needed by daily customer. Bad experience with new updates,2026-07-02
playstore,5,,good,2026-07-02
playstore,1,,please don't call me from groww because I don't use this app and I don't want to call me from groww 😡,2026-07-02
playstore,5,,excellent,2026-07-01
playstore,5,,I love you ❤️,2026-07-01
playstore,5,,good,2026-07-01
playstore,5,,nice treading aap 👏👏🤗😍👍🙏,2026-07-01
playstore,5,,excellent 👍,2026-07-01
playstore,5,,please make this app for tablet user also. it will be great,2026-07-01
playstore,5,,👍,2026-07-01
playstore,5,,nice,2026-07-01
playstore,5,,Best,2026-07-01
playstore,5,,very nice,2026-07-01
playstore,5,,👍 Good,2026-07-01
playstore,5,,easy to use,2026-07-01
playstore,1,,it's very sad now a days..Groww app becomes the worst app. today I need money to withdrawal..It's getting failed with no reason... Customer support is always unavailable all the time .. Always count time remaining 5 mints ..Very worst experience..I need to change the platform for trading if it's not going to be good experience with groww .,2026-07-01
playstore,5,,always be great helpful app,2026-07-01
playstore,5,,i love grow,2026-07-01
playstore,5,,excellent,2026-07-01
playstore,5,,super,2026-07-01
playstore,5,,awesome 👍,2026-07-01
playstore,5,,👍👍,2026-07-01
playstore,5,,"Feature Suggestions for a Better User Experience- a. Please add an option to pin selected indices or stocks to the notification bar so users can monitor live price movements without opening the app. b. Please allow users to pin at least five favorite stocks on the Groww home screen, displaying the live price and percentage change for quick market tracking.",2026-07-01
playstore,5,,ossom,2026-07-01
playstore,5,,V.V. Excellent,2026-07-01
playstore,5,,best trusted,2026-07-01
playstore,3,,nic,2026-07-01
playstore,1,,Avoid Groww for F&O. it's full of restrictions on strike price. 3rd class customer service. They don't know anything.,2026-07-01
playstore,5,,nice platform,2026-07-01
playstore,5,,super,2026-07-01
playstore,5,,hii I am wajeb from durgapur I am invest to grow my frofasanal,2026-07-01
playstore,5,,shandar badhiya,2026-07-01
playstore,5,,nice app,2026-07-01
playstore,5,,good,2026-07-01
playstore,5,,Good,2026-07-01
playstore,5,,sahi AAP he,2026-07-01
playstore,5,,fantastic,2026-07-01
playstore,5,,good,2026-07-01
playstore,1,,In the new update groww is forcing is to became prime investor and through this forcing us to invest in Regular funds. this is not fair.,2026-07-01
playstore,1,,very bad anniversary charge le ta hai bhai Meri Mano na to Koi bhi mat Karna koi matlab Koi profit nahin kuch lena nhi h Lena Dena kuchh nahin Hai faltu bhi charge Kat lenge,2026-07-01
playstore,5,,Good,2026-07-01
playstore,5,,very nice aap.,2026-07-01
playstore,5,,Very eas to access this application for stock broking,2026-07-01
playstore,5,,very good better very simple,2026-07-01
playstore,5,,awesome 👍,2026-07-01
playstore,5,,nice,2026-07-01
playstore,5,,😍,2026-07-01
playstore,5,,good,2026-07-01
playstore,5,,very good,2026-07-01
playstore,5,,good,2026-07-01
playstore,5,,good,2026-07-01
playstore,5,,good,2026-07-01
playstore,5,,ok,2026-07-01
playstore,5,,All Okay,2026-07-01
playstore,5,,good,2026-07-01
playstore,1,,worst app for investment this groww app not deleting my demart account permanently....,2026-07-01
playstore,5,,ਕਮਾਈ ਕਰਨ ਵਾਲੀ ਸਭ ਤੋਂ ਬੈਸਟ app👍🏻👍🏻🙏🙏🙏✌🏽✌🏽,2026-07-01
playstore,5,,best platform....,2026-07-01
playstore,5,,nice,2026-07-01
playstore,1,,ok,2026-07-01
playstore,5,,good 👍😊😊😊,2026-07-01
playstore,5,,very simple and easy to use,2026-07-01
playstore,5,,good 👍,2026-07-01
playstore,5,,excellent in speed,2026-07-01
playstore,1,,nonsense today 1 Trade fno charges 100..... Cheating people,2026-07-01
playstore,5,,Good,2026-07-01
playstore,1,,lag issue,2026-07-01
playstore,5,,excellent,2026-07-01
playstore,5,,Very good,2026-07-01
playstore,5,,good 👍,2026-07-01
playstore,5,,very easy to use 💖,2026-07-01
playstore,5,,supar,2026-07-01
playstore,1,,worst,2026-07-01
playstore,4,,good,2026-07-01
playstore,5,,good,2026-07-01
playstore,5,,goood,2026-07-01
playstore,5,,good,2026-07-01
playstore,5,,nice app ..... #oxpitch,2026-07-01
playstore,5,,nice 👍,2026-07-01
playstore,5,,ok,2026-07-01
playstore,5,,good,2026-07-01
playstore,5,,super good,2026-07-01
playstore,5,,Groww Achha App Hai,2026-07-01
playstore,5,,it's good platform,2026-07-01
playstore,1,,very bad app always lagging,2026-07-01
playstore,5,,Wonderful 👍,2026-07-01
playstore,5,,agar mobile me f&o section me trade krte time sl aur tp ka price bhi show hone lage to aur achha hoga,2026-07-01
playstore,5,,best,2026-07-01
playstore,5,,good,2026-07-01
playstore,5,,nice,2026-07-01
playstore,5,,Nice,2026-07-01
playstore,5,,👍,2026-07-01
playstore,1,,due to simplicity lot of important features missing,2026-07-01
playstore,5,,very easy to use,2026-07-01
playstore,1,,company profit and revenue grap before format was good this is not understand able for new investor,2026-07-01
playstore,5,,great aap and easy for new user also,2026-07-01
playstore,5,,very nice this app,2026-07-01
playstore,5,,awesome 👍,2026-07-01
playstore,5,,osam,2026-07-01
playstore,5,,easy,2026-07-01
playstore,5,,so good,2026-07-01
playstore,1,,har do din mai update ata rahta hai is application ka Matlab mai har do din mai isko update karta rahu,2026-07-01
playstore,5,,good morning 🌅,2026-07-01
playstore,1,,chart Glitches so bad,2026-07-01
playstore,5,,good,2026-07-01
playstore,5,,easy to use,2026-07-01
playstore,5,,trusted,2026-07-01
playstore,5,,good,2026-07-01
playstore,5,,"Brilliantly designed App, undoubtedly the best Demat App .. a delight to use.. every information that u may want regarding your investment is there in a well organised manner. But the brokerage and interest charges could have been more relaxed or competitive. However the MTF section may be improved a bit.",2026-07-01
playstore,5,,very good,2026-07-01
playstore,5,,good,2026-07-01
playstore,5,,Best Broker,2026-07-01
playstore,5,,simply interface ......,2026-07-01
playstore,5,,user friendly app. i appreciate and recommend to my friends.,2026-07-01
playstore,5,,❣️,2026-07-01
playstore,5,,very good,2026-07-01
playstore,5,,good nice,2026-07-01
playstore,3,,good application,2026-07-01
playstore,5,,very nice,2026-07-01
playstore,5,,we understand easily way,2026-07-01
playstore,5,,Best,2026-07-01
playstore,1,,worst app really don't buy stocks in MTF for intrady or for swing trade try other app brokerage charges are high really worst app,2026-07-01
playstore,5,,good,2026-07-01
playstore,5,,excellent,2026-07-01
playstore,5,,good,2026-07-01
playstore,4,,very nice 🙂,2026-07-01
playstore,4,,best for investing in mutual funds,2026-07-01
playstore,5,,nice,2026-07-01
playstore,5,,nice easy to access,2026-07-01
playstore,3,,Revenue Profit View model of the previous versionswere the beat. Now have to click on every bar to check revenue and profit,2026-07-01
playstore,5,,good,2026-07-01
playstore,5,,very very good,2026-07-01
playstore,5,,very good,2026-07-01
playstore,5,,excellent 👌,2026-07-01
playstore,5,,user friendly,2026-07-01
playstore,5,,best app in the world 🌎,2026-07-01
playstore,5,,really wounderfull,2026-07-01
playstore,5,,good,2026-07-01
playstore,5,,Awesome 👍,2026-07-01
playstore,5,,nice,2026-07-01
playstore,5,,good,2026-07-01
playstore,5,,veri nice,2026-07-01
playstore,5,,Hi i am groww user i have started to use groww app since 2020.its very useful investment app,2026-07-01
playstore,5,,okay,2026-07-01
playstore,5,,nice easy to use,2026-07-01
playstore,5,,nice,2026-07-01
playstore,5,,Best app for trading and investments,2026-07-01
playstore,5,,good 👍,2026-07-01
playstore,5,,nice,2026-07-01
playstore,5,,vary good,2026-07-01
playstore,5,,good,2026-07-01
playstore,1,,"lagging chart even chart stops, price stops everyday.",2026-07-01
playstore,5,,good ap,2026-07-01
playstore,5,,nice aap,2026-07-01
playstore,5,,very good,2026-07-01
playstore,5,,very nice 👍,2026-07-01
playstore,4,,grow is fast in starting but now days it is going slow,2026-07-01
playstore,5,,very good service,2026-07-01
playstore,5,,good 👍😊,2026-07-01
playstore,5,,This app is really good to invest and track the Mutual funds. I really like the ease of use and performance of the App.,2026-07-01
playstore,5,,good,2026-07-01
playstore,5,,good,2026-07-01
playstore,5,,wonderful app use for Android and beginner invester ❤️,2026-07-01
playstore,5,,Worst update,2026-07-01
playstore,5,,nice 👍,2026-07-01
playstore,5,,good,2026-07-01
playstore,5,,the best app,2026-07-01
playstore,5,,better to use,2026-07-01
playstore,5,,good information,2026-07-01
playstore,5,,good,2026-07-01
playstore,3,,Payoff charts are not accurate there are variation as big as 50-60 points. Please rectify this mistake.,2026-07-01
playstore,5,,good,2026-07-01
playstore,5,,good,2026-07-01
playstore,5,,"easy to use, sufficient information, earlier used to give buy/sell calls of experts, but now it is removed.",2026-07-01
playstore,5,,nice,2026-07-01
playstore,5,,nice App,2026-07-01
playstore,5,,bast aap,2026-07-01
playstore,5,,good 👍 app,2026-07-01
playstore,5,,"Good for finance, easy learning and user friendly applications. i was used from the four years. i understood market trends and analysis of stoks",2026-07-01
playstore,5,,good application for finance.,2026-07-01
playstore,5,,easy to use,2026-07-01
playstore,5,,nice,2026-07-01
playstore,4,,🫡Its Nice,2026-07-01
playstore,5,,nice,2026-07-01
playstore,5,,very good,2026-07-01
playstore,5,,excellent,2026-07-01
playstore,5,,very lucky for me,2026-07-01
playstore,5,,good,2026-07-01
playstore,5,,goog,2026-07-01
playstore,5,,superb superb superb,2026-07-01
playstore,5,,good trading app,2026-07-01
playstore,5,,best app thanks grow for this,2026-07-01
playstore,1,,groww doesn't show full option chain so trader have this issue,2026-07-01
playstore,5,,best trading app,2026-07-01
playstore,5,,good,2026-06-30
playstore,5,,Super,2026-06-30
playstore,5,,good 👍,2026-06-30
playstore,5,,good,2026-06-30
playstore,5,,Good,2026-06-30
playstore,5,,good but should be correction of exicute the order at the time of order .,2026-06-30
playstore,5,,good,2026-06-30
playstore,1,,"poorly deigned, lacking features from competitors.",2026-06-30
playstore,4,,"nice application for begginers , with simple home page , suggestion .",2026-06-30
playstore,5,,Ok,2026-06-30
playstore,1,,"When there is market volatility, the app hangs or the order doesn't get executed; and if the order does go through, it happens only after the price has already risen.",2026-06-30
playstore,5,,👍,2026-06-30
playstore,4,,super,2026-06-30
playstore,4,,very good platform,2026-06-30
playstore,5,,good app,2026-06-30
playstore,5,,good 👍,2026-06-30
playstore,5,,good,2026-06-30
playstore,5,,good,2026-06-30
playstore,1,,Don't install this ap...So many bugs..due to Grow app bugs I have lost 20k...Platform fee is also so high...they are. looting us...Go for some other Trading platform...Worst ...,2026-06-30
playstore,5,,good,2026-06-30
playstore,5,,it's awesome 👍,2026-06-30
playstore,5,,excellent,2026-06-30
playstore,5,,nice show stock,2026-06-30
playstore,5,,never seen interface like groww. love this,2026-06-30
playstore,5,,nice 👍,2026-06-30
playstore,5,,superb trade application,2026-06-30
playstore,5,,great 👍,2026-06-30
playstore,5,,best platform for savings,2026-06-30
playstore,5,,best app in trading,2026-06-30
playstore,1,,"Disappointed by the constant spam! Avoid. Groww has become highly annoying due to their aggressive and endless advertising. No matter what social media platform you open, their ads are everywhere. Instead of focusing so heavily on marketing, they should focus more on the actual user experience. Honestly, Kite by Zerodha is miles better. Zerodha doesn't need to spam people with ads because their quality speaks for itself—word of mouth from real users is enough. Moving back to Kite.",2026-06-30
playstore,5,,ok,2026-06-30
playstore,5,,overall good,2026-06-30
playstore,5,,Groww app fintis,2026-06-30
playstore,2,,lot of issues in downloading tax reports. it's frustrating.,2026-06-30
playstore,5,,good,2026-06-30
playstore,5,,very good app,2026-06-30
playstore,5,,ok,2026-06-30
playstore,4,,. bf,2026-06-30
playstore,5,,verry good 👍,2026-06-30
playstore,5,,jo aapka large trade wala trader hai usse brokerage na lekar monthly subscription le liya jaye to batter rhega....,2026-06-30
playstore,5,,"Easy, user friendly, accurate for any new or old user.",2026-06-30
playstore,5,,Nice service,2026-06-30
playstore,1,,app speed is worst,2026-06-30
playstore,5,,very good app,2026-06-30
playstore,5,,best,2026-06-30
playstore,2,,when we press stock won't show p/ r. grafe details,2026-06-30
playstore,5,,very good 💯,2026-06-30
playstore,4,,very good,2026-06-30
playstore,5,,very good,2026-06-30
playstore,5,,good,2026-06-30
playstore,5,,good,2026-06-30
playstore,5,,ok,2026-06-30
playstore,1,,"I choose prime by mistake and now I can not go to normal account, worst service ever.",2026-06-30
playstore,5,,Good 👍,2026-06-30
playstore,5,,very good aapp.,2026-06-30
playstore,5,,amazing 😍😍😍😍,2026-06-30
playstore,2,,charges very high,2026-06-30
playstore,5,,very very good,2026-06-30
playstore,5,,ok,2026-06-30
playstore,4,,good,2026-06-30
playstore,5,,👍,2026-06-30
playstore,5,,best,2026-06-30
playstore,5,,good 👍👍👍👍👍,2026-06-30
playstore,5,,very good experience this. app,2026-06-30
playstore,5,,good experience,2026-06-30
playstore,5,,good for work but margin problem 😔😁,2026-06-30
playstore,1,,please make different option for bonds in your app. my bonds are shown in my shares portfolio.,2026-06-30
playstore,5,,good 👍,2026-06-30
playstore,5,,nice,2026-06-30
playstore,5,,good App,2026-06-30
playstore,5,,good,2026-06-30
playstore,5,,Excellent user experience the UI is so easy to understand even for beginners!,2026-06-30
playstore,5,,excellent 👌,2026-06-30
playstore,5,,I love this app,2026-06-30
playstore,5,,great,2026-06-30
playstore,5,,ok,2026-06-30
playstore,5,,very nice 👍,2026-06-30
playstore,5,,good,2026-06-30
playstore,5,,very accurate n fast service,2026-06-30
playstore,5,,nice,2026-06-30
playstore,1,,ek dam ghatiya app h. live market movement nhi show hota. pahle angel one pr ya other app pr market dekho or ispr trade kro is se acha hm usi pr trade na kr lenge.,2026-06-30
playstore,5,,perfect,2026-06-30
playstore,1,,sabse 3rd class app hai sarve down problem,2026-06-30
playstore,5,,excellent 👍,2026-06-30
playstore,5,,alright 👍🆗,2026-06-30
playstore,5,,good,2026-06-30
playstore,5,,very investment aap,2026-06-30
playstore,5,,good,2026-06-30
playstore,5,,good and best..,2026-06-30
playstore,1,,this app forces u to start using Prime membership and it will not allow u to turn it off. I don't want your ai slop just turn it off.,2026-06-30
playstore,5,,Good interface easy to understand everything,2026-06-30
playstore,5,,all is well,2026-06-30
playstore,5,,🎉,2026-06-30
playstore,5,,useful,2026-06-30
playstore,5,,good,2026-06-30
playstore,5,,best performance optionally,2026-06-30
playstore,5,,easy to operate fast work 👍,2026-06-30
playstore,5,,outstanding,2026-06-30
playstore,5,,nice one,2026-06-30
playstore,5,,Nice,2026-06-30
playstore,5,,one of the best,2026-06-30
playstore,1,,Statement of the transactions not available.,2026-06-30
playstore,5,,right 👍,2026-06-30
playstore,5,,good service sir,2026-06-30
playstore,5,,good app for all new traders,2026-06-30
playstore,5,,good,2026-06-30
playstore,5,,very nice app,2026-06-30
playstore,5,,so gud to use ..,2026-06-30
playstore,5,,good app having simple UI but charge is more,2026-06-30
playstore,5,,🥰❤️ ओके,2026-06-30
playstore,5,,nice 👍,2026-06-30
playstore,5,,"Best compatible Easy to use app for beginners to start trading and investment on mutual fund and to do SIP. Currently I'm looking for a job in it based on Vaishali Nagar, Jaipur location.",2026-06-30
playstore,5,,bahut hi accha h,2026-06-30
playstore,5,,super,2026-06-30
playstore,1,,please don't open account with grow i am facing My Bank account issue and not any one help me so please don't open account with grow,2026-06-30
playstore,1,,this is the worst app I have ever been used when I buy in fno it will decrease money while I sell price take high I have proof,2026-06-30
playstore,5,,good,2026-06-30
playstore,5,,overall nice experience 👍,2026-06-30
playstore,5,,"The format is quite simple and app approved by BSE, NSE and their mutual fund's rules and regulations are hassle free",2026-06-30
playstore,5,,excellent,2026-06-30
playstore,5,,good,2026-06-30
playstore,5,,good,2026-06-30
playstore,5,,good,2026-06-30
playstore,5,,nice,2026-06-30
playstore,5,,good,2026-06-30
playstore,5,,very good,2026-06-30
playstore,4,,good 👍,2026-06-30
playstore,5,,good,2026-06-30
playstore,5,,best app,2026-06-30
playstore,5,,fast work,2026-06-30
playstore,5,,good 😊👍🏼,2026-06-30
playstore,5,,amazing,2026-06-30
playstore,5,,good 👍,2026-06-30
playstore,5,,keep faithful,2026-06-30
playstore,5,,nice 👍,2026-06-30
playstore,5,,Accha good investment banking,2026-06-30
playstore,5,,best app,2026-06-30
playstore,2,,Very slow apps loading.fix this,2026-06-30
playstore,5,,good platform for trading and stock buy & sell,2026-06-30
playstore,5,,👍,2026-06-30
playstore,5,,best working app,2026-06-30
playstore,5,,ok,2026-06-30
playstore,5,,very nice,2026-06-30
playstore,5,,good,2026-06-30
playstore,5,,good job💯,2026-06-30
playstore,1,,grow mai fraud krne lga hai mera kal profit add nhi Kiya aur bol rhe ki brockrage charges lga hai,2026-06-30
playstore,5,,outstanding very good app 👌,2026-06-30
playstore,5,,good app for investing,2026-06-30
playstore,5,,v good,2026-06-30
playstore,5,,superb,2026-06-30
playstore,5,,good,2026-06-30
playstore,5,,good,2026-06-30
playstore,5,,good 👍,2026-06-30
playstore,5,,happy good,2026-06-30
playstore,4,,App is good but the loan notification are annoying. I have disable the credit notifications in settings but the pre-approved loan notifications still come. please fix this. Thanks,2026-06-30
playstore,5,,Very good,2026-06-30
playstore,5,,gooooood,2026-06-30
playstore,5,,best apps,2026-06-30
playstore,5,,Very Simple User interface,2026-06-30
playstore,1,,stop loss never work and they loot your money and never give back if you reach customer care,2026-06-30
playstore,5,,very good 😊,2026-06-30
playstore,5,,love to use grow! easy to use!!,2026-06-30
playstore,5,,Good,2026-06-30
playstore,1,,app glitches many times you see profit and sell it you book loss only from app glitches problem,2026-06-30
playstore,5,,nice,2026-06-30
playstore,5,,good,2026-06-30
playstore,5,,👍 nice,2026-06-30
playstore,5,,good,2026-06-30
playstore,5,,"nice and easy platform for new and old treders, for me like a new and learning fase customer is also satisfied, but sometimes facing negative when I withdraw my deposit fund balence, but I can manage it with ease.",2026-06-30
playstore,5,,good,2026-06-30
playstore,5,,it's good,2026-06-30
playstore,5,,it's amazing apps,2026-06-30
playstore,5,,great,2026-06-30
playstore,5,,veri good application,2026-06-30
playstore,1,,koi bhi service acchi nahin Hai nahin problem ka solution dete Hain,2026-06-30
playstore,5,,good,2026-06-30
playstore,5,,nice 🙂,2026-06-30
playstore,5,,easy to use,2026-06-30
playstore,5,,Good,2026-06-30
playstore,5,,Good,2026-06-30
playstore,5,,ok,2026-06-30
playstore,5,,good,2026-06-30
playstore,5,,very good,2026-06-30
playstore,5,,all good,2026-06-30
playstore,5,,very good,2026-06-30
playstore,5,,good 👍,2026-06-30
playstore,5,,Nice 👍,2026-06-30
playstore,5,,Time to time updation with new analytical facilities.,2026-06-30
playstore,4,,nice application,2026-06-30
playstore,5,,whitdral money,2026-06-30
playstore,4,,So far good,2026-06-30
playstore,5,,best,2026-06-30
playstore,5,,"Groww's system seems extremely simple; buying and selling on its platform is easy, and we really like it.",2026-06-30
playstore,5,,user friendly app,2026-06-30
playstore,5,,good,2026-06-30
playstore,5,,good pletform hai,2026-06-30
playstore,5,,"I need a basket for Stock where I can give the name of My Goal (eg. For Car, For Education)",2026-06-30
playstore,5,,super,2026-06-30
playstore,5,,Groww broker is a best broker for beginners,2026-06-30
playstore,5,,"nice , good and best features",2026-06-30
playstore,5,,good,2026-06-30
playstore,5,,Very easy plateform for Mutual fund Investment.,2026-06-30
playstore,5,,some time charts can't open in seconds.. taking so much time to open up.. so work on it,2026-06-30
playstore,5,,I LOVE YOU Groww this is world best famous earning money app⭐⭐⭐⭐⭐,2026-06-30
playstore,5,,✋😀,2026-06-30
playstore,3,,trusted app,2026-06-30
playstore,4,,best app in scalping,2026-06-30
playstore,5,,good app for beginner invester,2026-06-30
playstore,5,,good,2026-06-30
playstore,5,,nice app,2026-06-30
playstore,2,,"Not for beginners,",2026-06-30
playstore,5,,Best UI. Everything is so easy!,2026-06-30
playstore,5,,love,2026-06-30
playstore,5,,very nice,2026-06-30
playstore,5,,good,2026-06-30
playstore,5,,good,2026-06-30
playstore,5,,good 👍,2026-06-30
playstore,5,,good apps,2026-06-30
playstore,5,,it's very good,2026-06-30
playstore,5,,good features,2026-06-30
playstore,5,,trust,2026-06-30
playstore,5,,easy trading application,2026-06-30
playstore,5,,nice,2026-06-30
playstore,5,,nice,2026-06-30
playstore,5,,Great Application 👍🏼,2026-06-30
playstore,5,,🙂👍 mk rana 🥰,2026-06-30
playstore,5,,good,2026-06-30
playstore,4,,supar,2026-06-30
playstore,5,,best,2026-06-30
playstore,5,,okay,2026-06-30
playstore,5,,advance system,2026-06-30
playstore,5,,best app,2026-06-30
playstore,1,,"This application charges very high fees. In the F&O segment, around ₹100 has been deducted as charges for a single trade. Please reduce the charges, as other trading apps have much lower fees for F&O trading.😥",2026-06-30
playstore,5,,good app. very useful for trading,2026-06-30
playstore,5,,nice 👍,2026-06-30
playstore,4,,overall very good Platform,2026-06-30
playstore,5,,as of now things are 👍,2026-06-30
playstore,5,,smooth and very understanding 😉 the only bad thing is I don't have any money to invest 😭😭😭😭😭,2026-06-30
playstore,5,,It is very good,2026-06-30
playstore,5,,goog,2026-06-30
playstore,3,,Groww introduced prime plan. if it is not suitable for normal people add a provision to hide or lock the prime.,2026-06-30
playstore,5,,Reliable Platform For Every Type Of Financial Investments And Transactions,2026-06-30
playstore,5,,ওকে,2026-06-30
playstore,5,,very nice 🙂,2026-06-30
playstore,5,,Nice but bohut suthar baki he bohut slo he vai staples target prapror kam nahi karte slo he bohut,2026-06-29
playstore,5,,good,2026-06-29
playstore,1,,to much charges,2026-06-29
playstore,5,,good,2026-06-29
playstore,3,,Good app for share market,2026-06-29
playstore,5,,good,2026-06-29
playstore,5,,good,2026-06-29
playstore,5,,please scalping and auto SL features...add on Mobile 📲,2026-06-29
playstore,1,,"Grow is a good application, but its Grow Charges, Brokerage Charges, and DP Charges are quite high. These charges are especially burdensome for low-investment and short-term traders. I'm not asking Grow to remove these charges completely, but I suggest reducing them as much as possible. It would greatly benefit investors and traders. This is my humble suggestion.",2026-06-29
playstore,4,,"it's easy and user friendly but need to include more features and strategy builder, double calendar spread and payoff etc.",2026-06-29
playstore,5,,My Kids are growing with groww. it's the best platform for the traders & investors.,2026-06-29
playstore,5,,Best app to track all your investment.,2026-06-29
playstore,5,,very good,2026-06-29
playstore,5,,very good aap,2026-06-29
playstore,5,,nice,2026-06-29
playstore,5,,its good,2026-06-29
playstore,5,,very nice,2026-06-29
playstore,5,,Good,2026-06-29
playstore,5,,excellent,2026-06-29
playstore,5,,good,2026-06-29
playstore,1,,best ha bhai,2026-06-29
playstore,5,,excellent work and so service is every good 👍 👌,2026-06-29
playstore,5,,fabulous,2026-06-29
playstore,5,,"very excellent, easy to understand and very well designed.",2026-06-29
playstore,5,,nice,2026-06-29
playstore,4,,excellent,2026-06-29
playstore,5,,supar app,2026-06-29
playstore,5,,👍👍👍👍,2026-06-29
playstore,5,,good,2026-06-29
playstore,5,,nice experience excellent performance,2026-06-29
playstore,5,,very good,2026-06-29
playstore,5,,good 👍,2026-06-29
playstore,1,,no good groww app,2026-06-29
playstore,5,,best d best app groww,2026-06-29
playstore,5,,good,2026-06-29
playstore,4,,Beautiful working👨‍💻 applications,2026-06-29
playstore,5,,keep it up.. please bill and recharge should start in grow app.. share and mutual fund customer are enjoying this app.. Thanks Grow team...,2026-06-29
playstore,5,,Good,2026-06-29
playstore,5,,nice app,2026-06-29
playstore,5,,"Groww is the best but I have one suggestion please add Rd's and Fds option in the app , so it will be one in all platform for investing.",2026-06-29
playstore,5,,best,2026-06-29
playstore,5,,good,2026-06-29
playstore,5,,best feature is mtf program,2026-06-29
playstore,5,,nice one,2026-06-29
playstore,5,,good,2026-06-29
playstore,5,,very good,2026-06-29
playstore,5,,good and best,2026-06-29
playstore,1,,freeze a lot and often,2026-06-29
playstore,5,,mast hai,2026-06-29
playstore,5,,Good,2026-06-29
playstore,2,,nice,2026-06-29
playstore,5,,best,2026-06-29
playstore,5,,good,2026-06-29
playstore,5,,good,2026-06-29
playstore,5,,very nice 🙂💯,2026-06-29
playstore,5,,superb,2026-06-29
playstore,5,,good app,2026-06-29
playstore,5,,good,2026-06-29
playstore,5,,good,2026-06-29
playstore,5,,good,2026-06-29
playstore,5,,"I'm not saying I'm an all-time profitable trader. But I can say that I'm becoming profitable, more consistent, and more disciplined. 915 has genuinely helped improve my trading workflow with features like Scalper Mode, OI Analysis, Straddle Chart, AI Agent, and Trade from Chart. Thank you, Groww and the 915 team, from the bottom of my heart. Please keep innovating and growing.",2026-06-29
playstore,5,,Best mony back platform app,2026-06-29
playstore,5,,great support by grow( swastik) team. they listen every problem with great manner.,2026-06-29
playstore,1,,I am not interested in investing in any shares or MF. I installed the app only because I was told by my son to invest in the ICICI silver fund. I got an email from BSE but wish to deregister from the BSE. will the GROWW company do the needful.,2026-06-29
playstore,5,,good app 👍,2026-06-29
playstore,5,,ok,2026-06-29
playstore,5,,good,2026-06-29
playstore,1,,"Paras Defence shares shows ₹1182 in groww app, while at the same time looking at the chart it shows ₹1205 in NSE and BSE. What is the glitch? Please correct this.",2026-06-29
playstore,5,,it is simple to understand this app,2026-06-29
playstore,5,,good 😊👍🏻,2026-06-29
playstore,3,,"Everything's fine, i need futures to add in the basket , please add that option, still it's not available",2026-06-29
playstore,5,,nice app,2026-06-29
playstore,5,,Awesome detailed things on one app..,2026-06-29
playstore,5,,excellent,2026-06-29
playstore,5,,wow,2026-06-29
playstore,5,,बहुत अच्छा है,2026-06-29
playstore,5,,excellent,2026-06-29
playstore,5,,best app,2026-06-29
playstore,5,,nice,2026-06-29
playstore,5,,good,2026-06-29
playstore,4,,ok ok,2026-06-29
playstore,1,,"Be careful, their calculations are wrong on the balance. Not sure whether they are doing this intentionally to lure money. Then, their waste customer support ""I don't know, will check and get back"" then no response or follow up. Create a ticket, in 1 hour they will close the ticket just giving some random reply.",2026-06-29
playstore,5,,very easy to use and user friendly,2026-06-29
playstore,5,,"I'm using limited option to see mutual funds ongoing performance,app is wonderful",2026-06-29
playstore,4,,good,2026-06-29
playstore,5,,"good service,,,",2026-06-29
playstore,1,,kon kon se din SIP update karte ho aap? Daily Updates nahi hota to App bandh kar dijiye or Notification Bhej dijiye na???,2026-06-29
playstore,5,,👍,2026-06-29
playstore,5,,ok everything,2026-06-29
playstore,5,,Great,2026-06-29
playstore,5,,good 👍,2026-06-29
playstore,5,,very good 👍 bnnm,2026-06-29
playstore,5,,very nice 👍,2026-06-29
playstore,5,,very helpful app....guys u can use,2026-06-29
playstore,5,,great 😃👍,2026-06-29
playstore,5,,very good app for beginners 👍,2026-06-29
playstore,5,,good,2026-06-29
playstore,5,,good to use,2026-06-29
playstore,5,,"wonderful, investment app",2026-06-29
playstore,5,,good 👍🏼,2026-06-29
playstore,5,,it's an amazing app,2026-06-29
playstore,5,,all things are good but bring back the profit section under financial performance which changed after update,2026-06-29
playstore,5,,Good Best better,2026-06-29
playstore,5,,very easy to use ...,2026-06-29
playstore,5,,super,2026-06-29
playstore,5,,Good 👍,2026-06-29
playstore,5,,good,2026-06-29
playstore,5,,👍,2026-06-29
playstore,5,,east west Groww is best,2026-06-29
playstore,5,,ok,2026-06-29
playstore,5,,GOOD EXPERIENCE WITH GROWW,2026-06-29
playstore,5,,good,2026-06-29
playstore,5,,fastdelivery of stocks,2026-06-29
playstore,5,,excellent 👍,2026-06-29
playstore,5,,excellent,2026-06-29
playstore,5,,good 👍🏻,2026-06-29
playstore,5,,good,2026-06-29
playstore,4,,Good service,2026-06-29
playstore,5,,excellent,2026-06-29
playstore,2,,😌,2026-06-29
playstore,5,,"it's easier to understand,and personally help to learn stock market.",2026-06-29
playstore,5,,good,2026-06-29
playstore,5,,super,2026-06-29
playstore,5,,good,2026-06-29
playstore,5,,good app,2026-06-29
playstore,5,,good,2026-06-29
playstore,5,,very good,2026-06-29
playstore,5,,good 👍🏼,2026-06-29
playstore,5,,good aap,2026-06-29
playstore,5,,Best performance,2026-06-29
playstore,5,,good,2026-06-29
playstore,5,,"most reliable, efficient and noteworthy app.👍",2026-06-29
playstore,5,,best strategic app and good platform,2026-06-29
playstore,5,,super 👌 brokers app,2026-06-29
playstore,5,,ok,2026-06-29
playstore,5,,good investment app,2026-06-29
playstore,5,,good,2026-06-29
playstore,5,,good,2026-06-29
playstore,4,,good,2026-06-29
playstore,5,,excellent 👌👍,2026-06-29
playstore,5,,incredible,2026-06-29
playstore,5,,good 👍,2026-06-29
playstore,5,,perfect 👍,2026-06-29
playstore,5,,good,2026-06-29
playstore,5,,super,2026-06-29
playstore,5,,good app for treading,2026-06-29
playstore,5,,Best,2026-06-29
playstore,5,,superb quality good,2026-06-29
playstore,5,,good platform for investing,2026-06-29
playstore,5,,good,2026-06-29
playstore,1,,worst app,2026-06-29
playstore,5,,very helpful ☺️,2026-06-29
playstore,5,,super,2026-06-29
playstore,5,,easy interphases,2026-06-29
playstore,5,,good 👍,2026-06-29
playstore,5,,great experience,2026-06-29
playstore,5,,fantastic,2026-06-29
playstore,5,,Good,2026-06-29
playstore,5,,very good experience,2026-06-29
playstore,5,,good 👍🏻,2026-06-29
playstore,5,,good,2026-06-29
playstore,5,,good service providers in groww,2026-06-29
playstore,5,,app is gud just not my investments😭,2026-06-29
playstore,5,,good,2026-06-29
playstore,5,,very good service,2026-06-29
playstore,4,,nice,2026-06-29
playstore,4,,bahut achcha,2026-06-29
playstore,5,,exclnt,2026-06-29
playstore,5,,good,2026-06-29
playstore,5,,easy and good,2026-06-29
playstore,5,,good app download,2026-06-29
playstore,5,,good,2026-06-29
playstore,5,,good service,2026-06-29
playstore,5,,Awesome,2026-06-29
playstore,5,,जीएफवी लो,2026-06-29
playstore,4,,"good interface ,, easy to create account and easy to manage",2026-06-29
playstore,5,,good,2026-06-29
playstore,4,,good 💯,2026-06-29
playstore,4,,nice application easy to use easy to understand,2026-06-29
playstore,5,,easy to use growth,2026-06-29
playstore,3,,trusted,2026-06-29
playstore,5,,best,2026-06-29
playstore,5,,good,2026-06-29
playstore,4,,good app,2026-06-29
playstore,5,,share ki market value bahut khatm ho rahi hai isliye paisa kyunki humko kuchh Labh nahin mila hai ghate ke shiva,2026-06-29
playstore,5,,super,2026-06-29
playstore,5,,Best,2026-06-29
playstore,5,,very good,2026-06-29
playstore,5,,good,2026-06-29
playstore,5,,best,2026-06-29
playstore,5,,nyc acha app hai system ko normal bse Kiya hai jho sabko acha samjhe aata hai,2026-06-29
playstore,5,,"Gave 5 star because it's interface,easy to use & for a average traders or for investment this the best App . & Groww team & owner you guys getting 4,5 star from everyone that's doesn't mean you start acting like a greedy politics . don't change anything yes you can work for to add more features & make more easy with beginners. & don't forget with what slogan you started to geather more more customers. Don't forget.... yes you guys doing great 👍🏻✨✨✨✨",2026-06-29
playstore,5,,very nice 👍,2026-06-29
playstore,5,,excellent *****,2026-06-29
playstore,5,,good 👍,2026-06-29
playstore,5,,Great This aap Invester are the secure of a invest of a money,2026-06-29
playstore,1,,I didn't understand why there is lagging in option buying and even in stock buying. Previously it wasn't like that but a couple of months I am facing this issue. Whenever I open the app it's starts buffering/lagging. and now 2026 june app update is even more worse.,2026-06-29
playstore,5,,very good,2026-06-29
playstore,5,,very good,2026-06-29
playstore,5,,👍🏻,2026-06-29
playstore,5,,very good app,2026-06-29
playstore,5,,good app,2026-06-29
playstore,5,,best app,2026-06-29
playstore,5,,excellent app,2026-06-29
playstore,5,,good,2026-06-29
playstore,5,,👍,2026-06-29
playstore,5,,gud एक्सचेंज,2026-06-29
playstore,5,,good 👍🏻,2026-06-29
playstore,5,,A very nice aplication with a lot of useful features.,2026-06-29
playstore,5,,good,2026-06-29
playstore,5,,very good,2026-06-29
playstore,5,,Very good,2026-06-29
playstore,5,,very easy to use..great app,2026-06-29
playstore,5,,excellent 👌👍.,2026-06-29
playstore,5,,ok,2026-06-29
playstore,5,,good,2026-06-29
playstore,4,,Good apps,2026-06-29
playstore,5,,ok,2026-06-29
playstore,5,,superb,2026-06-29
playstore,5,,very good,2026-06-29
playstore,5,,super,2026-06-29
playstore,1,,groww is not good for trading in f&o because external charge and brokerage charge is very bad 👎👎👎 so I recommend to all that not installed this app otherwise you feels very bad,2026-06-29
playstore,5,,awesome clean UI and best best beginners,2026-06-29
playstore,5,,Cool,2026-06-29
playstore,5,,best,2026-06-29
playstore,4,,charges are little bit high,2026-06-29
playstore,5,,सुपर स्टार,2026-06-29
playstore,5,,good,2026-06-29
playstore,5,,good 👍,2026-06-29
playstore,5,,superb,2026-06-29
playstore,5,,very good,2026-06-29
playstore,5,,ok,2026-06-29
playstore,5,,👍,2026-06-29
playstore,5,,good,2026-06-29
playstore,5,,Nice experience till now,2026-06-29
playstore,5,,lovely 🌹🌹🌹🌹,2026-06-29
playstore,5,,good,2026-06-29
playstore,5,,Good,2026-06-29
playstore,5,,good,2026-06-29
playstore,5,,ok,2026-06-29
playstore,5,,good 👍,2026-06-29
playstore,1,,One of the worst app,2026-06-29
playstore,5,,Good,2026-06-29
playstore,5,,Good 👍,2026-06-29
playstore,5,,good,2026-06-29
playstore,5,,very good for understanding,2026-06-29
playstore,5,,good,2026-06-29
playstore,5,,good,2026-06-29
playstore,5,,ok,2026-06-29
playstore,5,,Nice,2026-06-29
playstore,5,,nice 👍👍👍👍👍,2026-06-29
playstore,5,,user friendly and light app.,2026-06-29
playstore,5,,good,2026-06-29
playstore,5,,simple application. best,2026-06-29
playstore,5,,Good brocker,2026-06-29
playstore,5,,best,2026-06-29
playstore,1,,"don't use this exchange they do so much manipulation in orders no one manipulate spot order but this exchange do there are other exchanges too, but they don't have this level of manipulation it happens even with spot orders but in options they completely eat out full capital on Groww no one should use this exchange",2026-06-29
playstore,5,,super fast,2026-06-29
playstore,5,,simple interface,2026-06-29
playstore,5,,best apps,2026-06-29
playstore,5,,nice,2026-06-29
playstore,5,,great,2026-06-29
playstore,5,,worst,2026-06-29
playstore,5,,absolutely find app,2026-06-29
playstore,5,,nice 👍,2026-06-29
playstore,5,,amazing,2026-06-29
playstore,5,,exllent & easy to smooth run app,2026-06-29
playstore,5,,ok,2026-06-29
playstore,4,,excellent,2026-06-29
playstore,5,,best,2026-06-29
playstore,5,,very nice app,2026-06-29
playstore,5,,"i love grow , its grow my life",2026-06-29
playstore,5,,good. app,2026-06-29
playstore,5,,excellent,2026-06-29
playstore,5,,best App and Most user-friendly,2026-06-29
playstore,5,,good,2026-06-29
playstore,5,,great place to invest,2026-06-29
playstore,3,,notification kabhi kabhi galat batata he,2026-06-29
playstore,5,,good,2026-06-29
playstore,5,,very good app,2026-06-29
playstore,5,,very good 👍 aap,2026-06-29
playstore,5,,good,2026-06-29
playstore,5,,nice 👍👍,2026-06-29
playstore,5,,good 👍,2026-06-29
playstore,5,,good,2026-06-29
playstore,5,,good,2026-06-29
playstore,5,,good 👍 👍👍,2026-06-29
playstore,5,,amazing experience in groww,2026-06-29
playstore,5,,good,2026-06-29
playstore,5,,good,2026-06-29
playstore,3,,👍,2026-06-29
playstore,5,,best,2026-06-29
playstore,5,,Excellent 👍👌,2026-06-29
playstore,1,,bad 😞,2026-06-29
playstore,5,,good app easy to use.,2026-06-29
playstore,5,,good good,2026-06-29
playstore,5,,very Good,2026-06-29
playstore,5,,nice,2026-06-29
playstore,5,,good 👍👍👍,2026-06-29
playstore,5,,very nice 👌,2026-06-29
playstore,4,,good,2026-06-29
playstore,5,,super,2026-06-29
playstore,5,,Indian best platform in stock market,2026-06-29
playstore,5,,nice app 💯,2026-06-29
playstore,3,,"I really like this app. It is very user-friendly, simple, and easy to use. However, there are a few improvements needed. The watchlist should show entry price, current price, and % gain/loss so long-term tracking becomes meaningful. It should also show stock split details with an info icon, including date and ratio, to avoid confusion. Adding a whale indicator and AI-based insights for historical data and stock movements would make the app much more powerful and useful for investors.",2026-06-29
playstore,5,,good,2026-06-29
playstore,5,,very good,2026-06-29
playstore,5,,good in segment,2026-06-29
playstore,5,,Good app,2026-06-29
playstore,5,,fine application for trade.,2026-06-29
playstore,5,,good,2026-06-29
playstore,5,,good,2026-06-29
playstore,5,,very good,2026-06-29
playstore,1,,groww is using money of public lying with demat offering loans unable to withdraw money it's a fraud company,2026-06-29
playstore,5,,good,2026-06-29
playstore,1,,"very bad withdrawal system. once paid to Groww, we will suffer badly to withdraw our own money forget the profit settlement. Horrible.",2026-06-29
playstore,5,,good app for beginners,2026-06-29
playstore,5,,good,2026-06-29
playstore,5,,bestest best' all time,2026-06-29
playstore,1,,Poor indication worst app,2026-06-29
playstore,5,,nice,2026-06-29
playstore,5,,very good 👍 aap,2026-06-29
playstore,4,,best Choice,2026-06-29
playstore,5,,good,2026-06-29
playstore,5,,A very good platform for equality and mutual funds,2026-06-29
playstore,5,,thank you for business 🙏,2026-06-29
playstore,5,,Good fr,2026-06-29
playstore,5,,best option h rich hone ka or kuch nhi,2026-06-29
playstore,5,,good service and good work,2026-06-29
playstore,5,,Best. outstanding,2026-06-29
playstore,5,,సూపర్ బట్ not understand,2026-06-29
playstore,5,,super,2026-06-29
playstore,5,,Very good experience,2026-06-29
playstore,5,,good and simple use but brokrage charge is very high,2026-06-29
playstore,5,,Good,2026-06-29
playstore,5,,यह app को आप लोग install करे यह app बहुत अच्छा है please dawnlod non,2026-06-29
playstore,5,,good,2026-06-29
playstore,5,,good,2026-06-29
playstore,5,,vare nach,2026-06-29
playstore,5,,easy to use fast and always Groww,2026-06-29
playstore,1,,very bad,2026-06-29
playstore,5,,great opportunity,2026-06-29
playstore,5,,good,2026-06-29
playstore,5,,very good,2026-06-29
playstore,5,,good platform now bigger stock 💐💐 💐,2026-06-29
playstore,5,,very good and user friendly,2026-06-29
playstore,5,,this Aap is very,2026-06-29
playstore,5,,nice,2026-06-29
playstore,5,,best,2026-06-29
playstore,5,,easy and fast app,2026-06-29
playstore,2,,hi broker charge,2026-06-29
playstore,5,,good 👍,2026-06-29
playstore,5,,superb,2026-06-29
playstore,5,,good,2026-06-29
playstore,5,,good,2026-06-29
playstore,5,,good for me,2026-06-29
playstore,5,,excellent 👌👌👌,2026-06-29
playstore,5,,very good mtf good,2026-06-29
playstore,5,,nice 👍,2026-06-29
playstore,4,,nice performance,2026-06-29
playstore,5,,marketing best,2026-06-29
playstore,5,,iam very Happy,2026-06-29
playstore,5,,cool,2026-06-29
playstore,5,,trust,2026-06-28
playstore,5,,good,2026-06-28
playstore,5,,very Nice 👍 app,2026-06-28
playstore,5,,Good app,2026-06-28
playstore,4,,good,2026-06-28
playstore,5,,great,2026-06-28
playstore,5,,excellent,2026-06-28
playstore,5,,good,2026-06-28
playstore,5,,I am loser on this app,2026-06-28
playstore,5,,good,2026-06-28
playstore,5,,very trusted and genuine,2026-06-28
playstore,5,,very good 👍,2026-06-28
playstore,5,,good,2026-06-28
playstore,5,,good for all segment,2026-06-28
playstore,5,,scalper mode me jaise kisi bhi index ya stock ko select option tha pahle waise hi kar do. anhi ek hi index rakh rahe ho. please solve that.,2026-06-28
playstore,2,,more charges,2026-06-28
playstore,5,,"best app, for trading",2026-06-28
playstore,5,,very good 👍 app i using 5 years,2026-06-28
playstore,5,,excellent 👍,2026-06-28
playstore,5,,best app,2026-06-28
playstore,5,,good sarvice,2026-06-28
playstore,5,,Excellent,2026-06-28
playstore,5,,good,2026-06-28
playstore,5,,excellent 👍,2026-06-28
playstore,5,,Excellent App.,2026-06-28
playstore,5,,good,2026-06-28
playstore,5,,Best,2026-06-28
playstore,4,,very nice,2026-06-28
playstore,5,,easy to use,2026-06-28
playstore,5,,awesome,2026-06-28
playstore,5,,very good 👍😊,2026-06-28
playstore,1,,👍🏿😊 good,2026-06-28
playstore,5,,nice,2026-06-28
playstore,5,,I love it,2026-06-28
playstore,5,,Good,2026-06-28
playstore,5,,mast,2026-06-28
playstore,4,,good work,2026-06-28
playstore,5,,best trading,2026-06-28
playstore,5,,good job,2026-06-28
playstore,5,,every trade loss loss loss,2026-06-28
playstore,5,,Nice and simple App loaded with features for starters..,2026-06-28
playstore,5,,very good service 5star rating 👍,2026-06-28
playstore,5,,nice 👍👍👍👍,2026-06-28
playstore,5,,nice app groww,2026-06-28
playstore,5,,", 😊",2026-06-28
playstore,5,,jsw infrastructure show me please on Groww,2026-06-28
playstore,5,,very nice 👍,2026-06-28
playstore,5,,excellent,2026-06-28
playstore,4,,good💯,2026-06-28
playstore,1,,good,2026-06-28
playstore,5,,गजब,2026-06-28
playstore,1,,brokerage services,2026-06-28
playstore,5,,very nice app,2026-06-28
playstore,5,,good,2026-06-28
playstore,3,,"it feels great, but if we get to invest",2026-06-28
playstore,5,,good 👍,2026-06-28
playstore,4,,good,2026-06-28
playstore,5,,"To be honest i am very pleased by the Application UI. its very simple and easy. the tracking, monitoring funds everything so well organized. good work!",2026-06-28
playstore,5,,good,2026-06-28
playstore,5,,simple and best,2026-06-28
playstore,5,,it's user friendly.... most reliable.... trustworthy.... I have grown financially for the last three years...,2026-06-28
playstore,5,,apna trust banaye rakho market mein,2026-06-28
playstore,5,,very good app.,2026-06-28
playstore,5,,best,2026-06-28
playstore,5,,making things easy,2026-06-28
playstore,5,,so nice,2026-06-28
playstore,5,,very good and very helpful for market trading than you,2026-06-28
playstore,5,,Nice app,2026-06-28
playstore,5,,good,2026-06-28
playstore,4,,"Groww has Modern UI, but it needs lot of accuracy n enhancements, Bonds should not appear as Shares. Search results tab under Mutual Fund should show Mutual funds only. Search Results should display the Latest NAV of Shares/MF",2026-06-28
playstore,5,,ok,2026-06-28
playstore,5,,excellent,2026-06-28
playstore,3,,good,2026-06-28
playstore,5,,good app,2026-06-28
playstore,5,,best app for trading,2026-06-28
playstore,5,,all gd👍👍🫶🫶,2026-06-28
playstore,5,,good,2026-06-28
playstore,4,,ALL GOOD BUT CHARGES IS TO HIGH,2026-06-28
playstore,5,,good,2026-06-28
playstore,5,,ok,2026-06-28
playstore,5,,mast trading,2026-06-28
playstore,5,,very good,2026-06-28
playstore,4,,good,2026-06-28
playstore,5,,amazing platform,2026-06-28
playstore,5,,good app,2026-06-28
playstore,5,,all time good,2026-06-28
playstore,5,,good,2026-06-28
playstore,5,,good app,2026-06-28
playstore,5,,all good,2026-06-28
playstore,5,,best regards,2026-06-28
playstore,5,,nice 👍,2026-06-28
playstore,1,,The app is having lots of issues. now the mutual fund current values in my portfolio is not showing,2026-06-28
playstore,4,,very good interface,2026-06-28
playstore,5,,💯,2026-06-28
playstore,5,,best this aap,2026-06-28
playstore,5,,nice app 👌,2026-06-28
playstore,5,,good work,2026-06-28
playstore,5,,mashallah,2026-06-28
playstore,5,,nice,2026-06-28
playstore,5,,good,2026-06-28
playstore,5,,fine app,2026-06-28
playstore,5,,very good app,2026-06-28
playstore,5,,innovation,2026-06-28
playstore,5,,very helpful to invest money 💰😁💰 and every one use with out problem,2026-06-28
playstore,5,,good app,2026-06-28
playstore,5,,👍,2026-06-28
playstore,3,,improve you charts 💹,2026-06-28
playstore,5,,nis❤️,2026-06-28
playstore,5,,share market best app groww,2026-06-28
playstore,5,,no extra charges best app,2026-06-28
playstore,5,,nice..,2026-06-28
playstore,5,,good,2026-06-28
playstore,5,,all good,2026-06-28
playstore,4,,easy for set up,2026-06-28
playstore,5,,sip nhii ho rahi he kya Karu,2026-06-28
playstore,5,,best service,2026-06-28
playstore,5,,খুবই ভালো,2026-06-28
playstore,5,,very nice 👍,2026-06-28
playstore,5,,best app ❌,2026-06-28
playstore,5,,good,2026-06-28
playstore,4,,nice app,2026-06-28
playstore,5,,good,2026-06-28
playstore,5,,nice app,2026-06-28
playstore,5,,very good,2026-06-28
playstore,5,,note problem good working your app💯,2026-06-28
playstore,5,,best apps,2026-06-28
playstore,4,,It is always good 👍🏻,2026-06-28
playstore,5,,it soo good app,2026-06-28
playstore,5,,very good app,2026-06-28
playstore,4,,vrey nice,2026-06-28
playstore,5,,very good,2026-06-28
playstore,1,,very disgusting app my refferal has completed the account setup it's showing ACC setup pending for 4 days very low level,2026-06-28
playstore,5,,best app for investment. easy handle,2026-06-28
playstore,4,,ichumoko cloud ple update groww chart...,2026-06-28
playstore,5,,best,2026-06-28
playstore,5,,very good,2026-06-28
playstore,5,,very best and very easy to use 😊,2026-06-28
playstore,5,,Good value for the time. Smooth and simple.,2026-06-28
playstore,5,,Good Experience,2026-06-28
playstore,5,,Nice good 💯,2026-06-28
playstore,3,,Earlier financial performance chart was goold but now new chart version is not that upto mark,2026-06-28
